family,systemic,noise_model,trial_type,chromo,n_subjects,n_channels,n_significant,beta_mean,beta_max,t_max,reliability_r,n_half_pairs,lat_left,lat_right,loc_err_mm,loc_err_wrong_mm,peak_uM,hbr_hbo_ratio,hbo_hbr_corr
none,none,ols,Tapping/Left,HbO,5,20,2,0.2453466698808566,0.471137177604635,9.42481118925846,0.4156411898655014,5,0.1739287975261063,0.0176918255482071,48.2810572282779,132.19528546105843,10.287471219472383,-0.3151333161263961,-0.5432981799446016
none,none,ols,Tapping/Left,HbR,5,20,0,-0.0695922184745508,0.1631184752285698,5.626087074085558,0.4156411898655014,5,0.1739287975261063,0.0176918255482071,51.56663041561729,123.47503084442192,3.5724679069881207,-0.3151333161263961,-0.5432981799446016
none,none,ols,Tapping/Right,HbO,5,20,2,0.1961816675931595,0.3508903314778432,9.59333020823939,0.4156411898655014,5,0.1739287975261063,0.0176918255482071,132.3609344349231,54.4756614909107,8.969782198416866,-0.3151333161263961,-0.5432981799446016
none,none,ols,Tapping/Right,HbR,5,20,0,-0.0336939535313727,0.1123069769206895,3.4802181308932294,0.4156411898655014,5,0.1739287975261063,0.0176918255482071,129.7380244941875,48.996650975477166,2.547987816529511,-0.3151333161263961,-0.5432981799446016
none,none,ols,control,HbO,5,20,0,0.0148722496185866,0.0870552027307338,5.69644989154069,0.4156411898655014,5,0.1739287975261063,0.0176918255482071,,,,-0.3151333161263961,-0.5432981799446016
none,none,ols,control,HbR,5,20,0,-0.0328325682441992,0.0738034600893958,5.397011059406482,0.4156411898655014,5,0.1739287975261063,0.0176918255482071,,,,-0.3151333161263961,-0.5432981799446016
none,global_dm,ols,Tapping/Left,HbO,5,20,0,-8.182690636182599e-16,0.1949648996697238,3.7730862546375503,0.5594653119202275,5,0.1259263227900113,0.0694221162867374,16.766489078165208,108.80212100771637,3.1338528841048587,-0.2453209355745018,-0.4637833334576161
none,global_dm,ols,Tapping/Left,HbR,5,20,0,-1.6341095143701523e-16,0.1089255628146504,3.2806338237454127,0.5594653119202275,5,0.1259263227900113,0.0694221162867374,110.23717889116304,56.48964936565935,2.4728719679462503,-0.2453209355745018,-0.4637833334576161
none,global_dm,ols,Tapping/Right,HbO,5,20,0,-1.2698175844150228e-16,0.2288896503360061,6.237692722103737,0.5594653119202275,5,0.1259263227900113,0.0694221162867374,6.252835403806017,110.84646567739668,4.462625742105187,-0.2453209355745018,-0.4637833334576161
none,global_dm,ols,Tapping/Right,HbR,5,20,0,5.2735593669694933e-17,0.1656791221918029,3.103932379535493,0.5594653119202275,5,0.1259263227900113,0.0694221162867374,56.48964936565935,110.23717889116304,4.1273015772102575,-0.2453209355745018,-0.4637833334576161
none,global_dm,ols,control,HbO,5,20,0,3.747002708109903e-16,0.1160375717707027,3.1637940342810693,0.5594653119202275,5,0.1259263227900113,0.0694221162867374,,,,-0.2453209355745018,-0.4637833334576161
none,global_dm,ols,control,HbR,5,20,0,1.3686968225457011e-16,0.0330315774716737,3.70154377168152,0.5594653119202275,5,0.1259263227900113,0.0694221162867374,,,,-0.2453209355745018,-0.4637833334576161
none,short_avg_dm,ols,Tapping/Left,HbO,5,20,1,0.1956787114772978,0.4421514444055915,7.1845645280143815,0.5199981411542334,5,0.1790121809539775,0.0071084783936908,48.2810572282779,132.19528546105843,8.863409284351304,-0.3949206831426494,-0.7579407167783079
none,short_avg_dm,ols,Tapping/Left,HbR,5,20,3,-0.0947894123079333,0.1926909660434728,8.854486708425862,0.5199981411542334,5,0.1790121809539775,0.0071084783936908,51.56663041561729,123.47503084442192,4.977662247450341,-0.3949206831426494,-0.7579407167783079
none,short_avg_dm,ols,Tapping/Right,HbO,5,20,1,0.171816621792898,0.3199286925550717,8.937277113049163,0.5199981411542334,5,0.1790121809539775,0.0071084783936908,131.92680081596555,55.94450203524685,8.957772444410832,-0.3949206831426494,-0.7579407167783079
none,short_avg_dm,ols,Tapping/Right,HbR,5,20,0,-0.0458725008967753,0.1122334672542982,3.2029869687803134,0.5199981411542334,5,0.1790121809539775,0.0071084783936908,129.7380244941875,48.996650975477166,3.07165373676875,-0.3949206831426494,-0.7579407167783079
none,short_avg_dm,ols,control,HbO,5,20,0,-0.0336770042008798,0.1293037196207237,2.506662236748287,0.5199981411542334,5,0.1790121809539775,0.0071084783936908,,,,-0.3949206831426494,-0.7579407167783079
none,short_avg_dm,ols,control,HbR,5,20,0,-0.0112979244388473,0.0446594020955976,4.15868139710374,0.5199981411542334,5,0.1790121809539775,0.0071084783936908,,,,-0.3949206831426494,-0.7579407167783079
none,short_avg_sub,ols,Tapping/Left,HbO,5,20,1,0.1956118684576555,0.4420306252192892,7.190015801508142,0.5199578273947221,5,0.1789808859242655,0.0071563587897596,48.2810572282779,132.19528546105843,8.860625500661484,-0.3943606680646693,-0.7574870679339536
none,short_avg_sub,ols,Tapping/Left,HbR,5,20,3,-0.0946454621731567,0.192548077111061,8.867339040673599,0.5199578273947221,5,0.1789808859242655,0.0071563587897596,51.56663041561729,123.47503084442192,4.971073796023771,-0.3943606680646693,-0.7574870679339536
none,short_avg_sub,ols,Tapping/Right,HbO,5,20,1,0.1717301430060248,0.3197411423093313,8.943909403989482,0.5199578273947221,5,0.1789808859242655,0.0071563587897596,131.92680081596555,55.94450203524685,8.953793322248329,-0.3943606680646693,-0.7574870679339536
none,short_avg_sub,ols,Tapping/Right,HbR,5,20,0,-0.0458140149734683,0.1120619367918791,3.217557037365975,0.5199578273947221,5,0.1789808859242655,0.0071563587897596,129.7380244941875,48.996650975477166,3.0700113359793524,-0.3943606680646693,-0.7574870679339536
none,short_avg_sub,ols,control,HbO,5,20,0,-0.033715318110353,0.1292940826071111,2.505791896336387,0.5199578273947221,5,0.1789808859242655,0.0071563587897596,,,,-0.3943606680646693,-0.7574870679339536
none,short_avg_sub,ols,control,HbR,5,20,0,-0.0113667282582959,0.0447912640337752,4.162544347306756,0.5199578273947221,5,0.1789808859242655,0.0071563587897596,,,,-0.3943606680646693,-0.7574870679339536
none,short_maxcorr_dm,ols,Tapping/Left,HbO,5,20,0,0.1663605199735672,0.3927882352340612,8.592525283481162,0.2296510706801347,5,0.1278337778222669,0.0634663991004863,44.491405290723726,123.73567028585217,6.0392820609507245,-0.3303836150739396,-0.6756323147579779
none,short_maxcorr_dm,ols,Tapping/Left,HbR,5,20,0,-0.0606825044186104,0.1487090174419289,5.212951574115032,0.2296510706801347,5,0.1278337778222669,0.0634663991004863,51.56663041561729,123.47503084442192,3.3654978673570835,-0.3303836150739396,-0.6756323147579779
none,short_maxcorr_dm,ols,Tapping/Right,HbO,5,20,0,0.1284976320589382,0.3564683176690233,6.043084780679432,0.2296510706801347,5,0.1278337778222669,0.0634663991004863,13.266731369440098,102.72525791490988,6.179476220705493,-0.3303836150739396,-0.6756323147579779
none,short_maxcorr_dm,ols,Tapping/Right,HbR,5,20,0,-0.0233983713887541,0.1204242351120398,4.507703895800322,0.2296510706801347,5,0.1278337778222669,0.0634663991004863,17.69963242100855,120.46991357354662,2.5917152616336123,-0.3303836150739396,-0.6756323147579779
none,short_maxcorr_dm,ols,control,HbO,5,20,0,0.0280743654626268,0.0781483745736254,2.170286555734471,0.2296510706801347,5,0.1278337778222669,0.0634663991004863,,,,-0.3303836150739396,-0.6756323147579779
none,short_maxcorr_dm,ols,control,HbR,5,20,0,0.0013177145053915,0.0274261950522532,2.490939790293862,0.2296510706801347,5,0.1278337778222669,0.0634663991004863,,,,-0.3303836150739396,-0.6756323147579779
none,short_closest_dm,ols,Tapping/Left,HbO,5,20,1,0.2198109841639397,0.4952019165543806,52.6835573445308,0.3841818015317355,5,0.1547049591551325,0.1038083063576438,19.615029189795187,102.19059756355716,6.378758157633939,-0.279291425609572,-0.5715967266942511
none,short_closest_dm,ols,Tapping/Left,HbR,5,20,2,-0.0682254634357302,0.1612099879915953,11.194697858438229,0.3841818015317355,5,0.1547049591551325,0.1038083063576438,51.56663041561729,123.47503084442192,3.512966944884243,-0.279291425609572,-0.5715967266942511
none,short_closest_dm,ols,Tapping/Right,HbO,5,20,1,0.1408044248423667,0.3489123951287694,10.712633772340338,0.3841818015317355,5,0.1547049591551325,0.1038083063576438,12.439277133815978,105.91559982758442,6.662215113687896,-0.279291425609572,-0.5715967266942511
none,short_closest_dm,ols,Tapping/Right,HbR,5,20,0,-0.0408335811748477,0.1086306390076787,3.524841341383216,0.3841818015317355,5,0.1547049591551325,0.1038083063576438,47.54247571405359,130.86721789054545,2.4533850110540114,-0.279291425609572,-0.5715967266942511
none,short_closest_dm,ols,control,HbO,5,20,0,0.0277705439141561,0.112845301178081,4.858846341978267,0.3841818015317355,5,0.1547049591551325,0.1038083063576438,,,,-0.279291425609572,-0.5715967266942511
none,short_closest_dm,ols,control,HbR,5,20,0,-0.0079753972050979,0.0407394170996247,3.772507674769504,0.3841818015317355,5,0.1547049591551325,0.1038083063576438,,,,-0.279291425609572,-0.5715967266942511
poly:1,none,ols,Tapping/Left,HbO,5,20,1,0.2019473662566947,0.4222061685072636,7.290471227604861,0.3542255653067771,5,0.161150377463471,0.0498434144041633,48.2810572282779,132.19528546105843,8.399573322169207,-0.4157119079895405,-0.7179444483566461
poly:1,none,ols,Tapping/Left,HbR,5,20,4,-0.0851318359065236,0.175516131875108,9.585155958932136,0.3542255653067771,5,0.161150377463471,0.0498434144041633,51.56663041561729,123.47503084442192,4.363091032410495,-0.4157119079895405,-0.7179444483566461
poly:1,none,ols,Tapping/Right,HbO,5,20,0,0.1255282254399964,0.3263110681319421,5.627421179722342,0.3542255653067771,5,0.161150377463471,0.0498434144041633,13.266731369440098,102.72525791490988,5.993420955221358,-0.4157119079895405,-0.7179444483566461
poly:1,none,ols,Tapping/Right,HbR,5,20,0,-0.0534909059678416,0.116890647268389,3.48099361233082,0.3542255653067771,5,0.161150377463471,0.0498434144041633,129.7380244941875,48.996650975477166,3.5099417837987925,-0.4157119079895405,-0.7179444483566461
poly:1,none,ols,control,HbO,5,20,1,0.0729324108804708,0.125538326470914,11.21395635916287,0.3542255653067771,5,0.161150377463471,0.0498434144041633,,,,-0.4157119079895405,-0.7179444483566461
poly:1,none,ols,control,HbR,5,20,0,-0.0009254811296807,0.0459913708472238,2.0023172881872005,0.3542255653067771,5,0.161150377463471,0.0498434144041633,,,,-0.4157119079895405,-0.7179444483566461
poly:1,global_dm,ols,Tapping/Left,HbO,5,20,0,-2.5396351688300457e-16,0.1959391679459673,5.209870368082525,0.5262739558187324,5,0.1277964328389814,0.0707891353923897,19.615029189795187,102.19059756355716,3.022534640252546,-0.0728905569685188,-0.3868274747510705
poly:1,global_dm,ols,Tapping/Left,HbR,5,20,0,3.712308238590367e-17,0.1625144928838028,4.525244473833898,0.5262739558187324,5,0.1277964328389814,0.0707891353923897,110.23717889116304,56.48964936565935,3.877046282148425,-0.0728905569685188,-0.3868274747510705
poly:1,global_dm,ols,Tapping/Right,HbO,5,20,0,1.6514567491299204e-16,0.2221110663800349,3.1641812882565588,0.5262739558187324,5,0.1277964328389814,0.0707891353923897,6.252835403806017,110.84646567739668,4.333017336319694,-0.0728905569685188,-0.3868274747510705
poly:1,global_dm,ols,Tapping/Right,HbR,5,20,0,1.387778780781446e-18,0.2299825684514426,2.731163642354696,0.5262739558187324,5,0.1277964328389814,0.0707891353923897,56.48964936565935,110.23717889116304,5.6855064240385245,-0.0728905569685188,-0.3868274747510705
poly:1,global_dm,ols,control,HbO,5,20,0,3.406996906818449e-16,0.0876026086479403,3.900796723272953,0.5262739558187324,5,0.1277964328389814,0.0707891353923897,,,,-0.0728905569685188,-0.3868274747510705
poly:1,global_dm,ols,control,HbR,5,20,0,9.107298248878236e-17,0.0291340399524262,2.7195328953413003,0.5262739558187324,5,0.1277964328389814,0.0707891353923897,,,,-0.0728905569685188,-0.3868274747510705
poly:1,short_avg_dm,ols,Tapping/Left,HbO,5,20,0,0.1581212385560966,0.3966846743730589,5.711049401919745,0.2512856862173284,5,0.1617080504497243,0.0462236946398132,48.2810572282779,132.19528546105843,7.532144123104333,-0.4548760648581665,-0.7839641572507502
poly:1,short_avg_dm,ols,Tapping/Left,HbR,5,20,0,-0.0792332721826419,0.1752947371805596,7.858175900765462,0.2512856862173284,5,0.1617080504497243,0.0462236946398132,51.56663041561729,123.47503084442192,4.218651767246003,-0.4548760648581665,-0.7839641572507502
poly:1,short_avg_dm,ols,Tapping/Right,HbO,5,20,0,0.1143369205861306,0.3101321301473068,6.371922708432048,0.2512856862173284,5,0.1617080504497243,0.0462236946398132,129.7380244941875,48.996650975477166,6.1462375192927015,-0.4548760648581665,-0.7839641572507502
poly:1,short_avg_dm,ols,Tapping/Right,HbR,5,20,0,-0.0501403146381901,0.1169621657328973,3.722797959615574,0.2512856862173284,5,0.1617080504497243,0.0462236946398132,132.3609344349231,54.4756614909107,3.281616623078936,-0.4548760648581665,-0.7839641572507502
poly:1,short_avg_dm,ols,control,HbO,5,20,0,0.0115844065268862,0.0633344920596576,1.9996924067127533,0.2512856862173284,5,0.1617080504497243,0.0462236946398132,,,,-0.4548760648581665,-0.7839641572507502
poly:1,short_avg_dm,ols,control,HbR,5,20,0,-0.000217971590586,0.0250755483360414,1.818556275888439,0.2512856862173284,5,0.1617080504497243,0.0462236946398132,,,,-0.4548760648581665,-0.7839641572507502
poly:1,short_avg_sub,ols,Tapping/Left,HbO,5,20,0,0.1726133749482057,0.4167874015542832,6.492602221564818,0.3486672943894167,5,0.1730028033743309,0.0243776602732203,48.2810572282779,132.19528546105843,7.869460832812642,-0.4788617947111435,-0.8033110669216333
poly:1,short_avg_sub,ols,Tapping/Left,HbR,5,20,3,-0.0999394956846373,0.1964652732237347,9.482171996545317,0.3486672943894167,5,0.1730028033743309,0.0243776602732203,51.56663041561729,123.47503084442192,5.232957171295252,-0.4788617947111435,-0.8033110669216333
poly:1,short_avg_sub,ols,Tapping/Right,HbO,5,20,1,0.1409241936289311,0.3199016129059715,7.315674930190515,0.3486672943894167,5,0.1730028033743309,0.0243776602732203,131.92680081596555,55.94450203524685,7.313998833237474,-0.4788617947111435,-0.8033110669216333
poly:1,short_avg_sub,ols,Tapping/Right,HbR,5,20,0,-0.053349751259489,0.1212967978708797,3.958885979924349,0.3486672943894167,5,0.1730028033743309,0.0243776602732203,132.3609344349231,54.4756614909107,3.4920493132171067,-0.4788617947111435,-0.8033110669216333
poly:1,short_avg_sub,ols,control,HbO,5,20,0,0.0002114068615409,0.084702159394673,2.0619457146691818,0.3486672943894167,5,0.1730028033743309,0.0243776602732203,,,,-0.4788617947111435,-0.8033110669216333
poly:1,short_avg_sub,ols,control,HbR,5,20,1,-0.0010100735193197,0.031570878563668,7.1676678238659415,0.3486672943894167,5,0.1730028033743309,0.0243776602732203,,,,-0.4788617947111435,-0.8033110669216333
poly:1,short_maxcorr_dm,ols,Tapping/Left,HbO,5,20,0,0.1624795295690327,0.4100594576108321,5.774399431918629,0.2020104940792138,5,0.1358386324798738,0.0555826196736042,19.615029189795187,102.19059756355716,5.447036729927456,-0.3465287358471162,-0.7587093676394416
poly:1,short_maxcorr_dm,ols,Tapping/Left,HbR,5,20,0,-0.0656934713968582,0.1619622914963859,6.544690349513363,0.2020104940792138,5,0.1358386324798738,0.0555826196736042,51.56663041561729,123.47503084442192,3.215493642687476,-0.3465287358471162,-0.7587093676394416
poly:1,short_maxcorr_dm,ols,Tapping/Right,HbO,5,20,0,0.1239253413511403,0.3247544083361582,5.583768073826156,0.2020104940792138,5,0.1358386324798738,0.0555826196736042,13.266731369440098,102.72525791490988,5.860435511416893,-0.3465287358471162,-0.7587093676394416
poly:1,short_maxcorr_dm,ols,Tapping/Right,HbR,5,20,0,-0.0362137955081331,0.0988672796794639,3.205417562662459,0.2020104940792138,5,0.1358386324798738,0.0555826196736042,132.3609344349231,54.4756614909107,2.54933411031049,-0.3465287358471162,-0.7587093676394416
poly:1,short_maxcorr_dm,ols,control,HbO,5,20,0,0.0252141840659501,0.0555516843221598,2.249747021429652,0.2020104940792138,5,0.1358386324798738,0.0555826196736042,,,,-0.3465287358471162,-0.7587093676394416
poly:1,short_maxcorr_dm,ols,control,HbR,5,20,0,0.0034143234629216,0.0204003257092979,1.701384465458308,0.2020104940792138,5,0.1358386324798738,0.0555826196736042,,,,-0.3465287358471162,-0.7587093676394416
poly:1,short_closest_dm,ols,Tapping/Left,HbO,5,20,3,0.1936447397478336,0.4432079183261382,7.1626817637561695,0.4291763053155097,5,0.1406389639675946,0.0985700503799616,19.615029189795187,102.19059756355716,5.881704991577907,-0.3751447166579848,-0.7727781258106001
poly:1,short_closest_dm,ols,Tapping/Left,HbR,5,20,2,-0.0762324133776611,0.1682405874928756,14.277890561650294,0.4291763053155097,5,0.1406389639675946,0.0985700503799616,43.88125355959473,119.58357664819592,3.310112407230734,-0.3751447166579848,-0.7727781258106001
poly:1,short_closest_dm,ols,Tapping/Right,HbO,5,20,2,0.1217521989460494,0.3129220151451942,39.45801539647259,0.4291763053155097,5,0.1406389639675946,0.0985700503799616,13.266731369440098,102.72525791490988,5.699456067497679,-0.3751447166579848,-0.7727781258106001
poly:1,short_closest_dm,ols,Tapping/Right,HbR,5,20,0,-0.051053599129083,0.1149976301785562,4.331720955928162,0.4291763053155097,5,0.1406389639675946,0.0985700503799616,132.3609344349231,54.4756614909107,2.855459730354959,-0.3751447166579848,-0.7727781258106001
poly:1,short_closest_dm,ols,control,HbO,5,20,1,0.0403188058871137,0.1009867886862589,7.018164200857277,0.4291763053155097,5,0.1406389639675946,0.0985700503799616,,,,-0.3751447166579848,-0.7727781258106001
poly:1,short_closest_dm,ols,control,HbR,5,20,0,0.0007111840246655,0.0286098465527019,2.1712782800253265,0.4291763053155097,5,0.1406389639675946,0.0985700503799616,,,,-0.3751447166579848,-0.7727781258106001
poly:3,none,ols,Tapping/Left,HbO,5,20,4,0.2403560505499026,0.4632881722934051,12.217852873578911,0.4227514461466471,5,0.1730794179024551,0.0344358454079207,48.2810572282779,132.19528546105843,10.548725537713494,-0.3516402822924755,-0.7406261341545307
poly:3,none,ols,Tapping/Left,HbR,5,20,1,-0.0701777798618855,0.162910783688018,9.093574685851788,0.4227514461466471,5,0.1730794179024551,0.0344358454079207,51.56663041561729,123.47503084442192,3.739771477479161,-0.3516402822924755,-0.7406261341545307
poly:3,none,ols,Tapping/Right,HbO,5,20,0,0.14575526345913,0.3231653954168667,4.780435483994191,0.4227514461466471,5,0.1730794179024551,0.0344358454079207,129.7380244941875,48.996650975477166,6.6682718867669415,-0.3516402822924755,-0.7406261341545307
poly:3,none,ols,Tapping/Right,HbR,5,20,0,-0.0539859750420836,0.1226995537473983,5.443582956558962,0.4227514461466471,5,0.1730794179024551,0.0344358454079207,129.7380244941875,48.996650975477166,3.263167936669172,-0.3516402822924755,-0.7406261341545307
poly:3,none,ols,control,HbO,5,20,1,0.0713013835649731,0.1167963080455587,8.8146668384112,0.4227514461466471,5,0.1730794179024551,0.0344358454079207,,,,-0.3516402822924755,-0.7406261341545307
poly:3,none,ols,control,HbR,5,20,0,-0.0012407501292211,0.0559952062691565,1.557657287105038,0.4227514461466471,5,0.1730794179024551,0.0344358454079207,,,,-0.3516402822924755,-0.7406261341545307
poly:3,global_dm,ols,Tapping/Left,HbO,5,20,0,-3.469446951953614e-16,0.2156034143118972,5.087456774947917,0.510923284157035,5,0.1417124561846199,0.0506852088082731,19.615029189795187,102.19059756355716,3.407381662279446,-0.1066365130502805,-0.44686620536724
poly:3,global_dm,ols,Tapping/Left,HbR,5,20,0,-2.671474153004283e-16,0.0793919214957387,4.0484855235435,0.510923284157035,5,0.1417124561846199,0.0506852088082731,44.491405290723726,123.73567028585217,1.721056230487871,-0.1066365130502805,-0.44686620536724
poly:3,global_dm,ols,Tapping/Right,HbO,5,20,0,-4.590078317434632e-16,0.1972130505540841,2.920023409473374,0.510923284157035,5,0.1417124561846199,0.0506852088082731,4.121112894549976,112.21736656806176,3.859317870142521,-0.1066365130502805,-0.44686620536724
poly:3,global_dm,ols,Tapping/Right,HbR,5,20,0,-1.1761425167122752e-16,0.0980397335494899,3.1361289019726546,0.510923284157035,5,0.1417124561846199,0.0506852088082731,56.48964936565935,110.23717889116304,2.382106973610225,-0.1066365130502805,-0.44686620536724
poly:3,global_dm,ols,control,HbO,5,20,0,-1.0408340855860844e-17,0.0816225410515967,3.4812155821635207,0.510923284157035,5,0.1417124561846199,0.0506852088082731,,,,-0.1066365130502805,-0.44686620536724
poly:3,global_dm,ols,control,HbR,5,20,0,-1.0399667238480959e-16,0.0597390228332644,2.4252262413400283,0.510923284157035,5,0.1417124561846199,0.0506852088082731,,,,-0.1066365130502805,-0.44686620536724
poly:3,short_avg_dm,ols,Tapping/Left,HbO,5,20,0,0.1582628451570102,0.3892350323321798,7.48855965086174,0.4734543840383123,5,0.1655786755284582,0.0336518174538413,48.2810572282779,132.19528546105843,7.988329277760584,-0.4032828761736403,-0.7921230215150368
poly:3,short_avg_dm,ols,Tapping/Left,HbR,5,20,0,-0.0622990601027163,0.1569718233464613,6.958754447875778,0.4734543840383123,5,0.1655786755284582,0.0336518174538413,51.56663041561729,123.47503084442192,3.371071951011095,-0.4032828761736403,-0.7921230215150368
poly:3,short_avg_dm,ols,Tapping/Right,HbO,5,20,0,0.1164933722889552,0.2906335280860824,6.966012054986947,0.4734543840383123,5,0.1655786755284582,0.0336518174538413,129.7380244941875,48.996650975477166,5.81874647851764,-0.4032828761736403,-0.7921230215150368
poly:3,short_avg_dm,ols,Tapping/Right,HbR,5,20,0,-0.0426405033981591,0.1071864949550852,3.471792597582835,0.4734543840383123,5,0.1655786755284582,0.0336518174538413,129.7380244941875,48.996650975477166,2.6208680294634537,-0.4032828761736403,-0.7921230215150368
poly:3,short_avg_dm,ols,control,HbO,5,20,0,0.0076062487163567,0.0531480010854991,2.212361576236725,0.4734543840383123,5,0.1655786755284582,0.0336518174538413,,,,-0.4032828761736403,-0.7921230215150368
poly:3,short_avg_dm,ols,control,HbR,5,20,0,-0.0026288623851381,0.0229716518498213,1.3489754508131575,0.4734543840383123,5,0.1655786755284582,0.0336518174538413,,,,-0.4032828761736403,-0.7921230215150368
poly:3,short_avg_sub,ols,Tapping/Left,HbO,5,20,0,0.1731604785740964,0.4146430545865082,8.61637585078273,0.4500107845415098,5,0.1813378591232299,0.0110129572431469,48.2810572282779,132.19528546105843,8.312202925886432,-0.4243405139238456,-0.8169208153024218
poly:3,short_avg_sub,ols,Tapping/Left,HbR,5,20,1,-0.0830272303152979,0.1822394696943137,11.768642718099256,0.4500107845415098,5,0.1813378591232299,0.0110129572431469,51.56663041561729,123.47503084442192,4.387512798710449,-0.4243405139238456,-0.8169208153024218
poly:3,short_avg_sub,ols,Tapping/Right,HbO,5,20,0,0.1651770969468776,0.31768196077303,7.330643849268313,0.4500107845415098,5,0.1813378591232299,0.0110129572431469,131.92680081596555,55.94450203524685,8.140470544918951,-0.4243405139238456,-0.8169208153024218
poly:3,short_avg_sub,ols,Tapping/Right,HbR,5,20,0,-0.0666664688675409,0.145413080233454,3.144771845648404,0.4500107845415098,5,0.1813378591232299,0.0110129572431469,132.3609344349231,54.4756614909107,3.917500617603951,-0.4243405139238456,-0.8169208153024218
poly:3,short_avg_sub,ols,control,HbO,5,20,0,0.0022687907587657,0.0714505704111133,1.9324138143705036,0.4500107845415098,5,0.1813378591232299,0.0110129572431469,,,,-0.4243405139238456,-0.8169208153024218
poly:3,short_avg_sub,ols,control,HbR,5,20,0,-0.0010358707415774,0.0400493141547483,2.515357865035261,0.4500107845415098,5,0.1813378591232299,0.0110129572431469,,,,-0.4243405139238456,-0.8169208153024218
poly:3,short_maxcorr_dm,ols,Tapping/Left,HbO,5,20,0,0.1735846238542231,0.4376822989535363,6.625526354017484,0.1849548445092309,5,0.1465658603511564,0.0358053646715049,44.491405290723726,123.73567028585217,6.419698365893547,-0.3469670221020996,-0.7930305127296051
poly:3,short_maxcorr_dm,ols,Tapping/Left,HbR,5,20,0,-0.0634684887082691,0.1572792687850044,6.795876090609393,0.1849548445092309,5,0.1465658603511564,0.0358053646715049,43.88125355959473,119.58357664819592,3.098971588981852,-0.3469670221020996,-0.7930305127296051
poly:3,short_maxcorr_dm,ols,Tapping/Right,HbO,5,20,0,0.1388698638891731,0.3290490246402573,6.919223199045575,0.1849548445092309,5,0.1465658603511564,0.0358053646715049,13.266731369440098,102.72525791490988,5.702632476100746,-0.3469670221020996,-0.7930305127296051
poly:3,short_maxcorr_dm,ols,Tapping/Right,HbR,5,20,0,-0.0447031029536552,0.1158475418413863,7.147796243254994,0.1849548445092309,5,0.1465658603511564,0.0358053646715049,132.3609344349231,54.4756614909107,2.6001786562193567,-0.3469670221020996,-0.7930305127296051
poly:3,short_maxcorr_dm,ols,control,HbO,5,20,0,0.0205893947637823,0.0521814135480404,2.1304198074784533,0.1849548445092309,5,0.1465658603511564,0.0358053646715049,,,,-0.3469670221020996,-0.7930305127296051
poly:3,short_maxcorr_dm,ols,control,HbR,5,20,0,0.0019171063684717,0.0253983998166483,1.8681443966668991,0.1849548445092309,5,0.1465658603511564,0.0358053646715049,,,,-0.3469670221020996,-0.7930305127296051
poly:3,short_closest_dm,ols,Tapping/Left,HbO,5,20,2,0.1926191649701718,0.4173843373726292,7.35308667440297,0.3840637081689889,5,0.131266586980897,0.0322539401985828,43.88125355959473,119.58357664819592,6.281738549652324,-0.3749476553094625,-0.8048687446477832
poly:3,short_closest_dm,ols,Tapping/Left,HbR,5,20,1,-0.0650396280428706,0.163746249661053,7.134054376088754,0.3840637081689889,5,0.131266586980897,0.0322539401985828,43.88125355959473,119.58357664819592,3.114186861528875,-0.3749476553094625,-0.8048687446477832
poly:3,short_closest_dm,ols,Tapping/Right,HbO,5,20,2,0.1406676970336379,0.2868589035622195,9.59172843851614,0.3840637081689889,5,0.131266586980897,0.0322539401985828,13.266731369440098,102.72525791490988,5.245930703284187,-0.3749476553094625,-0.8048687446477832
poly:3,short_closest_dm,ols,Tapping/Right,HbR,5,20,0,-0.0496203705428842,0.1240846168821921,5.350585770272214,0.3840637081689889,5,0.131266586980897,0.0322539401985828,132.3609344349231,54.4756614909107,2.824194545449492,-0.3749476553094625,-0.8048687446477832
poly:3,short_closest_dm,ols,control,HbO,5,20,0,0.0254006008253862,0.0776529434030451,3.9181258034458857,0.3840637081689889,5,0.131266586980897,0.0322539401985828,,,,-0.3749476553094625,-0.8048687446477832
poly:3,short_closest_dm,ols,control,HbR,5,20,0,-0.0001416833887163,0.0272375200132711,1.51113586791372,0.3840637081689889,5,0.131266586980897,0.0322539401985828,,,,-0.3749476553094625,-0.8048687446477832
poly:5,none,ols,Tapping/Left,HbO,5,20,6,0.2254196613533334,0.4520923802650735,9.423808783089807,0.3624028547375508,5,0.1674978904863194,0.0324240169059416,44.491405290723726,123.73567028585217,9.741971969310768,-0.3422640496919495,-0.7296979601583572
poly:5,none,ols,Tapping/Left,HbR,5,20,1,-0.0617824273092324,0.1524553229374237,9.565345348325414,0.3624028547375508,5,0.1674978904863194,0.0324240169059416,51.56663041561729,123.47503084442192,3.357648494605339,-0.3422640496919495,-0.7296979601583572
poly:5,none,ols,Tapping/Right,HbO,5,20,2,0.1567447660652283,0.3257038976670007,6.814786533439759,0.3624028547375508,5,0.1674978904863194,0.0324240169059416,129.7380244941875,48.996650975477166,7.150745877987814,-0.3422640496919495,-0.7296979601583572
poly:5,none,ols,Tapping/Right,HbR,5,20,2,-0.0576755778579679,0.1255143813418386,9.237877588192411,0.3624028547375508,5,0.1674978904863194,0.0324240169059416,132.3609344349231,54.4756614909107,3.2585982981491046,-0.3422640496919495,-0.7296979601583572
poly:5,none,ols,control,HbO,5,20,9,0.067720222325268,0.1167293048848266,8.542199446583528,0.3624028547375508,5,0.1674978904863194,0.0324240169059416,,,,-0.3422640496919495,-0.7296979601583572
poly:5,none,ols,control,HbR,5,20,0,-0.0039731677340278,0.0514040654637697,3.210888802738684,0.3624028547375508,5,0.1674978904863194,0.0324240169059416,,,,-0.3422640496919495,-0.7296979601583572
poly:5,global_dm,ols,Tapping/Left,HbO,5,20,0,-1.8943180357666731e-16,0.2187639233292448,5.012834411776068,0.4881985048103969,5,0.1403644413326866,0.0507052687156804,19.615029189795187,102.19059756355716,3.430559725986128,-0.1528323801742614,-0.4529114722403839
poly:5,global_dm,ols,Tapping/Left,HbR,5,20,0,3.0392355299113663e-16,0.0839016606506878,4.782087749457933,0.4881985048103969,5,0.1403644413326866,0.0507052687156804,44.491405290723726,123.73567028585217,1.807567356620976,-0.1528323801742614,-0.4529114722403839
poly:5,global_dm,ols,Tapping/Right,HbO,5,20,0,7.181755190543981e-17,0.1950793203833324,3.4330767178877477,0.4881985048103969,5,0.1403644413326866,0.0507052687156804,4.121112894549976,112.21736656806176,3.825431303841974,-0.1528323801742614,-0.4529114722403839
poly:5,global_dm,ols,Tapping/Right,HbR,5,20,0,1.1969591984239971e-16,0.1328822224853243,3.213123234195592,0.4881985048103969,5,0.1403644413326866,0.0507052687156804,56.48964936565935,110.23717889116304,3.251257124322266,-0.1528323801742614,-0.4529114722403839
poly:5,global_dm,ols,control,HbO,5,20,0,1.0998146837692955e-16,0.0757952939628198,2.838857117260389,0.4881985048103969,5,0.1403644413326866,0.0507052687156804,,,,-0.1528323801742614,-0.4529114722403839
poly:5,global_dm,ols,control,HbR,5,20,0,4.1702752362482444e-16,0.0463706970025638,3.003288908980556,0.4881985048103969,5,0.1403644413326866,0.0507052687156804,,,,-0.1528323801742614,-0.4529114722403839
poly:5,short_avg_dm,ols,Tapping/Left,HbO,5,20,0,0.1499867783368353,0.3865928620971027,6.328988105241073,0.4660621638789837,5,0.1614935582797674,0.0303412267185603,44.491405290723726,123.73567028585217,7.432691622584545,-0.3843822013059742,-0.7648680706329561
poly:5,short_avg_dm,ols,Tapping/Left,HbR,5,20,0,-0.0567119013811576,0.1485994153420612,5.064210180646603,0.4660621638789837,5,0.1614935582797674,0.0303412267185603,51.56663041561729,123.47503084442192,3.185347419619905,-0.3843822013059742,-0.7648680706329561
poly:5,short_avg_dm,ols,Tapping/Right,HbO,5,20,0,0.1214658045993392,0.2891102134260561,10.057047994515456,0.4660621638789837,5,0.1614935582797674,0.0303412267185603,129.7380244941875,48.996650975477166,6.2484406094950335,-0.3843822013059742,-0.7648680706329561
poly:5,short_avg_dm,ols,Tapping/Right,HbR,5,20,0,-0.0524849701998383,0.1149299339192138,6.11592929147145,0.4660621638789837,5,0.1614935582797674,0.0303412267185603,129.7380244941875,48.996650975477166,2.928884019477219,-0.3843822013059742,-0.7648680706329561
poly:5,short_avg_dm,ols,control,HbO,5,20,0,0.0056923206546709,0.0545729889369519,2.4045278042997578,0.4660621638789837,5,0.1614935582797674,0.0303412267185603,,,,-0.3843822013059742,-0.7648680706329561
poly:5,short_avg_dm,ols,control,HbR,5,20,0,-0.0038481072147313,0.0279244745777199,3.0188420798003373,0.4660621638789837,5,0.1614935582797674,0.0303412267185603,,,,-0.3843822013059742,-0.7648680706329561
poly:5,short_avg_sub,ols,Tapping/Left,HbO,5,20,0,0.1700779959897085,0.4151394282669013,6.860061818201871,0.493493299094576,5,0.176720297177721,0.0100322665630553,44.491405290723726,123.73567028585217,7.905830889390434,-0.4053339692047172,-0.8212889606175203
poly:5,short_avg_sub,ols,Tapping/Left,HbR,5,20,0,-0.0705666819605558,0.1682701122328,6.479350956428038,0.493493299094576,5,0.176720297177721,0.0100322665630553,51.56663041561729,123.47503084442192,3.861069391030802,-0.4053339692047172,-0.8212889606175203
poly:5,short_avg_sub,ols,Tapping/Right,HbO,5,20,0,0.1711411037946042,0.3179911974629165,7.936335729467744,0.493493299094576,5,0.176720297177721,0.0100322665630553,131.92680081596555,55.94450203524685,8.502081962296167,-0.4053339692047172,-0.8212889606175203
poly:5,short_avg_sub,ols,Tapping/Right,HbR,5,20,0,-0.070896582402593,0.1479688316544453,3.93456043992089,0.493493299094576,5,0.176720297177721,0.0100322665630553,132.3609344349231,54.4756614909107,3.897952866306001,-0.4053339692047172,-0.8212889606175203
poly:5,short_avg_sub,ols,control,HbO,5,20,0,-0.0041822859028897,0.076029233250266,2.4420228829558943,0.493493299094576,5,0.176720297177721,0.0100322665630553,,,,-0.4053339692047172,-0.8212889606175203
poly:5,short_avg_sub,ols,control,HbR,5,20,0,-0.0022049769390984,0.0349322342359201,3.7375667251942377,0.493493299094576,5,0.176720297177721,0.0100322665630553,,,,-0.4053339692047172,-0.8212889606175203
poly:5,short_maxcorr_dm,ols,Tapping/Left,HbO,5,20,0,0.1626054931260173,0.4255697253086951,6.340739542235864,0.2820975221873369,5,0.1428888202641437,0.0342584755589829,44.491405290723726,123.73567028585217,5.922380593439535,-0.3284775956255791,-0.754216371779497
poly:5,short_maxcorr_dm,ols,Tapping/Left,HbR,5,20,0,-0.0572151457263036,0.1505392326628704,8.711584548495566,0.2820975221873369,5,0.1428888202641437,0.0342584755589829,43.88125355959473,119.58357664819592,2.930340448084263,-0.3284775956255791,-0.754216371779497
poly:5,short_maxcorr_dm,ols,Tapping/Right,HbO,5,20,0,0.1427676963569051,0.335201871280138,6.4415919768653485,0.2820975221873369,5,0.1428888202641437,0.0342584755589829,13.266731369440098,102.72525791490988,5.834878593259645,-0.3284775956255791,-0.754216371779497
poly:5,short_maxcorr_dm,ols,Tapping/Right,HbR,5,20,0,-0.0524180955229825,0.1233089884840225,6.89203390052078,0.2820975221873369,5,0.1428888202641437,0.0342584755589829,132.3609344349231,54.4756614909107,2.8174040159416585,-0.3284775956255791,-0.754216371779497
poly:5,short_maxcorr_dm,ols,control,HbO,5,20,0,0.0153112755518914,0.0512488342363564,2.080968363797268,0.2820975221873369,5,0.1428888202641437,0.0342584755589829,,,,-0.3284775956255791,-0.754216371779497
poly:5,short_maxcorr_dm,ols,control,HbR,5,20,0,-0.0018494570743634,0.023942941698518,3.154132539681574,0.2820975221873369,5,0.1428888202641437,0.0342584755589829,,,,-0.3284775956255791,-0.754216371779497
poly:5,short_closest_dm,ols,Tapping/Left,HbO,5,20,3,0.1778304062580146,0.4025219239526419,6.961677883519863,0.3603833414281981,5,0.1253111211294187,0.0271981693069445,43.88125355959473,119.58357664819592,5.767070803448504,-0.3836531518195229,-0.7984671449773273
poly:5,short_closest_dm,ols,Tapping/Left,HbR,5,20,1,-0.0577993175069389,0.1544288048008894,8.194487784484043,0.3603833414281981,5,0.1253111211294187,0.0271981693069445,43.88125355959473,119.58357664819592,2.9561247954624874,-0.3836531518195229,-0.7984671449773273
poly:5,short_closest_dm,ols,Tapping/Right,HbO,5,20,1,0.142151675167297,0.2803007916905965,9.631406390322775,0.3603833414281981,5,0.1253111211294187,0.0271981693069445,123.47503084442192,51.56663041561729,5.404350012399221,-0.3836531518195229,-0.7984671449773273
poly:5,short_closest_dm,ols,Tapping/Right,HbR,5,20,1,-0.0538909544437572,0.1244160327895961,10.31389434668441,0.3603833414281981,5,0.1253111211294187,0.0271981693069445,132.3609344349231,54.4756614909107,2.9367522270414934,-0.3836531518195229,-0.7984671449773273
poly:5,short_closest_dm,ols,control,HbO,5,20,0,0.0204963002414035,0.0831078941560068,3.949993379050872,0.3603833414281981,5,0.1253111211294187,0.0271981693069445,,,,-0.3836531518195229,-0.7984671449773273
poly:5,short_closest_dm,ols,control,HbR,5,20,0,-0.0038016640796297,0.0288506488956199,3.269456504456965,0.3603833414281981,5,0.1253111211294187,0.0271981693069445,,,,-0.3836531518195229,-0.7984671449773273
dct:0.005,none,ols,Tapping/Left,HbO,5,20,1,0.2150298433779424,0.4487973700975095,7.554072988018007,0.2264293453136344,5,0.1560098669250663,0.0172052262957506,44.491405290723726,123.73567028585217,8.800046108071433,-0.3466621986354014,-0.8175241498021646
dct:0.005,none,ols,Tapping/Left,HbR,5,20,1,-0.064987676012384,0.1608254734615249,12.795740726259275,0.2264293453136344,5,0.1560098669250663,0.0172052262957506,43.88125355959473,119.58357664819592,3.1867824719937943,-0.3466621986354014,-0.8175241498021646
dct:0.005,none,ols,Tapping/Right,HbO,5,20,2,0.2028719009321005,0.343813985123425,8.04085784883369,0.2264293453136344,5,0.1560098669250663,0.0172052262957506,129.7380244941875,48.996650975477166,9.504766067398164,-0.3466621986354014,-0.8175241498021646
dct:0.005,none,ols,Tapping/Right,HbR,5,20,0,-0.0595402658086965,0.1323706943684496,5.535327781981071,0.2264293453136344,5,0.1560098669250663,0.0172052262957506,132.3609344349231,54.4756614909107,3.873125549267475,-0.3466621986354014,-0.8175241498021646
dct:0.005,none,ols,control,HbO,5,20,0,0.0180299981976774,0.060102030752913,5.185222686874999,0.2264293453136344,5,0.1560098669250663,0.0172052262957506,,,,-0.3466621986354014,-0.8175241498021646
dct:0.005,none,ols,control,HbR,5,20,0,0.0013808690065301,0.0221556991782915,2.2175372116330867,0.2264293453136344,5,0.1560098669250663,0.0172052262957506,,,,-0.3466621986354014,-0.8175241498021646
dct:0.005,global_dm,ols,Tapping/Left,HbO,5,20,0,-1.7624790515924362e-16,0.210323859841842,5.248081552561042,0.4612715998034815,5,0.1288125627420674,0.0443698879364522,19.615029189795187,102.19059756355716,3.379274275136297,-0.270044063678156,-0.492490208288505
dct:0.005,global_dm,ols,Tapping/Left,HbR,5,20,0,-4.0245584642661923e-17,0.0933203893543501,6.304512198801954,0.4612715998034815,5,0.1288125627420674,0.0443698879364522,99.34272265067744,17.4652369480196,1.736584818736398,-0.270044063678156,-0.492490208288505
dct:0.005,global_dm,ols,Tapping/Right,HbO,5,20,0,-7.147060721024446e-17,0.1688733522534194,4.743998209056965,0.4612715998034815,5,0.1288125627420674,0.0443698879364522,4.121112894549976,112.21736656806176,3.3073859710410303,-0.270044063678156,-0.492490208288505
dct:0.005,global_dm,ols,Tapping/Right,HbR,5,20,0,3.9898639947466563e-17,0.109606562660849,5.00779389748922,0.4612715998034815,5,0.1288125627420674,0.0443698879364522,56.48964936565935,110.23717889116304,2.739435052276708,-0.270044063678156,-0.492490208288505
dct:0.005,global_dm,ols,control,HbO,5,20,0,-8.847089727481715e-17,0.076733944991872,3.2889473645171026,0.4612715998034815,5,0.1288125627420674,0.0443698879364522,,,,-0.270044063678156,-0.492490208288505
dct:0.005,global_dm,ols,control,HbR,5,20,0,-3.4694469519536144e-19,0.0224509882121566,2.707572483064596,0.4612715998034815,5,0.1288125627420674,0.0443698879364522,,,,-0.270044063678156,-0.492490208288505
dct:0.005,short_avg_dm,ols,Tapping/Left,HbO,5,20,0,0.1532621063112648,0.3885654254956937,6.681393956864408,0.3039917199739032,5,0.1506747683834086,0.021111959553835,44.491405290723726,123.73567028585217,7.16717387793646,-0.3969916380580446,-0.8201956663247314
dct:0.005,short_avg_dm,ols,Tapping/Left,HbR,5,20,1,-0.0576762735037674,0.1542572247602565,14.88651245874827,0.3039917199739032,5,0.1506747683834086,0.021111959553835,44.491405290723726,123.73567028585217,2.9814203392963727,-0.3969916380580446,-0.8201956663247314
dct:0.005,short_avg_dm,ols,Tapping/Right,HbO,5,20,2,0.15491004603198,0.2965482193727921,10.51419948373933,0.3039917199739032,5,0.1506747683834086,0.021111959553835,129.7380244941875,48.996650975477166,8.416456727288825,-0.3969916380580446,-0.8201956663247314
dct:0.005,short_avg_dm,ols,Tapping/Right,HbR,5,20,0,-0.0535569686147501,0.1216894573068955,4.304234244287712,0.3039917199739032,5,0.1506747683834086,0.021111959553835,132.3609344349231,54.4756614909107,3.616929081154879,-0.3969916380580446,-0.8201956663247314
dct:0.005,short_avg_dm,ols,control,HbO,5,20,0,-0.0121712325150185,0.0860366081279553,2.2638042830700438,0.3039917199739032,5,0.1506747683834086,0.021111959553835,,,,-0.3969916380580446,-0.8201956663247314
dct:0.005,short_avg_dm,ols,control,HbR,5,20,0,0.0017871971750541,0.0153281550081751,2.17518170726277,0.3039917199739032,5,0.1506747683834086,0.021111959553835,,,,-0.3969916380580446,-0.8201956663247314
dct:0.005,short_avg_sub,ols,Tapping/Left,HbO,5,20,0,0.1738518933650988,0.4222967535319829,7.673765143092894,0.3323592856264923,5,0.1655648378720535,0.0011055834527182,44.491405290723726,123.73567028585217,7.686954634658999,-0.4134076274387618,-0.8716384367340115
dct:0.005,short_avg_sub,ols,Tapping/Left,HbR,5,20,0,-0.0718033266150817,0.1745806989527486,7.327153214493083,0.3323592856264923,5,0.1655648378720535,0.0011055834527182,51.56663041561729,123.47503084442192,3.5658311527026667,-0.4134076274387618,-0.8716384367340115
dct:0.005,short_avg_sub,ols,Tapping/Right,HbO,5,20,0,0.1920845227163221,0.3355384748384191,7.729603010916246,0.3323592856264923,5,0.1655648378720535,0.0011055834527182,132.3609344349231,54.4756614909107,9.80813408745856,-0.4134076274387618,-0.8716384367340115
dct:0.005,short_avg_sub,ols,Tapping/Right,HbR,5,20,0,-0.0746017163764549,0.1549076684666679,4.318519205552634,0.3323592856264923,5,0.1655648378720535,0.0011055834527182,132.3609344349231,54.4756614909107,4.595564137108411,-0.4134076274387618,-0.8716384367340115
dct:0.005,short_avg_sub,ols,control,HbO,5,20,0,-0.0292483316851314,0.1120591171627679,4.090000805375459,0.3323592856264923,5,0.1655648378720535,0.0011055834527182,,,,-0.4134076274387618,-0.8716384367340115
dct:0.005,short_avg_sub,ols,control,HbR,5,20,0,0.0049321088463593,0.0204018879973641,2.4860544116918346,0.3323592856264923,5,0.1655648378720535,0.0011055834527182,,,,-0.4134076274387618,-0.8716384367340115
dct:0.005,short_maxcorr_dm,ols,Tapping/Left,HbO,5,20,0,0.1619411544106593,0.4144354631254673,9.015143204646858,0.182978832199714,5,0.1341440111402334,0.0273482428328172,44.491405290723726,123.73567028585217,5.757804367866479,-0.3170447734842662,-0.8127130081863845
dct:0.005,short_maxcorr_dm,ols,Tapping/Left,HbR,5,20,1,-0.0596881428896317,0.1591020227966941,33.623414143516925,0.182978832199714,5,0.1341440111402334,0.0273482428328172,43.88125355959473,119.58357664819592,2.874844383767443,-0.3170447734842662,-0.8127130081863845
dct:0.005,short_maxcorr_dm,ols,Tapping/Right,HbO,5,20,0,0.1689808361149468,0.3485708600842437,5.887485299694659,0.182978832199714,5,0.1341440111402334,0.0273482428328172,129.7380244941875,48.996650975477166,7.348525724876705,-0.3170447734842662,-0.8127130081863845
dct:0.005,short_maxcorr_dm,ols,Tapping/Right,HbR,5,20,0,-0.0561430409016657,0.1276264749373119,5.155193125551991,0.182978832199714,5,0.1341440111402334,0.0273482428328172,132.3609344349231,54.4756614909107,3.5163333852070573,-0.3170447734842662,-0.8127130081863845
dct:0.005,short_maxcorr_dm,ols,control,HbO,5,20,0,-0.0066590185155366,0.084163752156918,5.296125246383058,0.182978832199714,5,0.1341440111402334,0.0273482428328172,,,,-0.3170447734842662,-0.8127130081863845
dct:0.005,short_maxcorr_dm,ols,control,HbR,5,20,0,0.0027177216158025,0.0158624424359363,1.988085985029679,0.182978832199714,5,0.1341440111402334,0.0273482428328172,,,,-0.3170447734842662,-0.8127130081863845
dct:0.005,short_closest_dm,ols,Tapping/Left,HbO,5,20,4,0.1763727468755052,0.4010174579025479,8.30677132050098,0.2357686523211379,5,0.1253987548602801,0.0145265538280953,43.88125355959473,119.58357664819592,5.811407502597937,-0.3666089544823869,-0.8462404841964244
dct:0.005,short_closest_dm,ols,Tapping/Left,HbR,5,20,1,-0.0599926231909888,0.162430390032003,15.481195509447849,0.2357686523211379,5,0.1253987548602801,0.0145265538280953,43.88125355959473,119.58357664819592,2.932396395906645,-0.3666089544823869,-0.8462404841964244
dct:0.005,short_closest_dm,ols,Tapping/Right,HbO,5,20,2,0.1726592022277304,0.2970785268501676,9.6453025310266,0.2357686523211379,5,0.1253987548602801,0.0145265538280953,131.92680081596555,55.94450203524685,7.166325413973759,-0.3666089544823869,-0.8462404841964244
dct:0.005,short_closest_dm,ols,Tapping/Right,HbR,5,20,0,-0.0556526322706923,0.1323502859244529,5.786987228302949,0.2357686523211379,5,0.1253987548602801,0.0145265538280953,132.3609344349231,54.4756614909107,3.516260815555884,-0.3666089544823869,-0.8462404841964244
dct:0.005,short_closest_dm,ols,control,HbO,5,20,0,-0.0058090039014655,0.0918211013421553,1.7931300304249442,0.2357686523211379,5,0.1253987548602801,0.0145265538280953,,,,-0.3666089544823869,-0.8462404841964244
dct:0.005,short_closest_dm,ols,control,HbR,5,20,0,0.001530571010453,0.0156727741236684,1.8786621057682575,0.2357686523211379,5,0.1253987548602801,0.0145265538280953,,,,-0.3666089544823869,-0.8462404841964244
dct:0.01,none,ols,Tapping/Left,HbO,5,20,4,0.2587559059039763,0.4866663845987561,14.990489202285229,0.2095855539471554,5,0.1582045340316298,0.0026421867274363,44.491405290723726,123.73567028585217,9.99238729564401,-0.3032904546147619,-0.7947325357721072
dct:0.01,none,ols,Tapping/Left,HbR,5,20,1,-0.0637295707070245,0.157359345757267,15.582629628201763,0.2095855539471554,5,0.1582045340316298,0.0026421867274363,44.491405290723726,123.73567028585217,3.16447227503804,-0.3032904546147619,-0.7947325357721072
dct:0.01,none,ols,Tapping/Right,HbO,5,20,1,0.2051208858735704,0.3539386452136104,8.143672866566684,0.2095855539471554,5,0.1582045340316298,0.0026421867274363,129.7380244941875,48.996650975477166,8.055088489408167,-0.3032904546147619,-0.7947325357721072
dct:0.01,none,ols,Tapping/Right,HbR,5,20,0,-0.0593434149707279,0.1394035911249036,5.075162240853143,0.2095855539471554,5,0.1582045340316298,0.0026421867274363,131.92680081596555,55.94450203524685,3.363059624600561,-0.3032904546147619,-0.7947325357721072
dct:0.01,none,ols,control,HbO,5,20,0,-0.0260275967072869,0.0548993093302046,4.719756838198935,0.2095855539471554,5,0.1582045340316298,0.0026421867274363,,,,-0.3032904546147619,-0.7947325357721072
dct:0.01,none,ols,control,HbR,5,20,0,0.0004378862227204,0.0300853915937373,3.889817670872925,0.2095855539471554,5,0.1582045340316298,0.0026421867274363,,,,-0.3032904546147619,-0.7947325357721072
dct:0.01,global_dm,ols,Tapping/Left,HbO,5,20,0,2.0608514894604468e-16,0.188298280605453,5.234143621387535,0.5043187626211241,5,0.1233178791786828,0.0291478518310378,19.615029189795187,102.19059756355716,3.0980933790226817,-0.2813096474157346,-0.4277619633560756
dct:0.01,global_dm,ols,Tapping/Left,HbR,5,20,0,1.1796119636642288e-17,0.1079607016620723,4.5201665463825,0.5043187626211241,5,0.1233178791786828,0.0291478518310378,99.34272265067744,17.4652369480196,1.6657447923078992,-0.2813096474157346,-0.4277619633560756
dct:0.01,global_dm,ols,Tapping/Right,HbO,5,20,0,1.1518563880486e-16,0.1589524001176496,3.979799298255573,0.5043187626211241,5,0.1233178791786828,0.0291478518310378,4.121112894549976,112.21736656806176,3.1522700508598245,-0.2813096474157346,-0.4277619633560756
dct:0.01,global_dm,ols,Tapping/Right,HbR,5,20,0,1.6826817716975031e-16,0.1061927212212784,5.059361054125714,0.5043187626211241,5,0.1233178791786828,0.0291478518310378,56.48964936565935,110.23717889116304,2.443964868978921,-0.2813096474157346,-0.4277619633560756
dct:0.01,global_dm,ols,control,HbO,5,20,0,6.762656840769709e-16,0.0222351912831305,1.541866550637122,0.5043187626211241,5,0.1233178791786828,0.0291478518310378,,,,-0.2813096474157346,-0.4277619633560756
dct:0.01,global_dm,ols,control,HbR,5,20,0,1.0373646386341306e-16,0.0323783631811025,5.799150184466914,0.5043187626211241,5,0.1233178791786828,0.0291478518310378,,,,-0.2813096474157346,-0.4277619633560756
dct:0.01,short_avg_dm,ols,Tapping/Left,HbO,5,20,0,0.1662994162492375,0.3948241072575834,6.101568161683669,0.3009312682763623,5,0.149551879159884,0.0054264076368789,44.491405290723726,123.73567028585217,7.52717774713805,-0.3819336687261416,-0.8017704339995437
dct:0.01,short_avg_dm,ols,Tapping/Left,HbR,5,20,0,-0.0557728348060633,0.1507966197864124,6.001729587002701,0.3009312682763623,5,0.149551879159884,0.0054264076368789,44.491405290723726,123.73567028585217,2.9666171489011868,-0.3819336687261416,-0.8017704339995437
dct:0.01,short_avg_dm,ols,Tapping/Right,HbO,5,20,1,0.1559077435474671,0.2978239190782374,14.549219532003812,0.3009312682763623,5,0.149551879159884,0.0054264076368789,129.7380244941875,48.996650975477166,6.927967216226702,-0.3819336687261416,-0.8017704339995437
dct:0.01,short_avg_dm,ols,Tapping/Right,HbR,5,20,0,-0.0519587462228588,0.1250991943262428,4.954721163812485,0.3009312682763623,5,0.149551879159884,0.0054264076368789,131.92680081596555,55.94450203524685,3.06193231119762,-0.3819336687261416,-0.8017704339995437
dct:0.01,short_avg_dm,ols,control,HbO,5,20,0,-0.0197027707102989,0.0459594211607769,7.547738293479642,0.3009312682763623,5,0.149551879159884,0.0054264076368789,,,,-0.3819336687261416,-0.8017704339995437
dct:0.01,short_avg_dm,ols,control,HbR,5,20,0,-2.2489818710011435e-05,0.0323168928023939,5.276761757349046,0.3009312682763623,5,0.149551879159884,0.0054264076368789,,,,-0.3819336687261416,-0.8017704339995437
dct:0.01,short_avg_sub,ols,Tapping/Left,HbO,5,20,0,0.1592589780281625,0.4028626834773808,6.460924874339758,0.3366614601776279,5,0.1563189386583463,-0.0162973444031573,44.491405290723726,123.73567028585217,6.87517185179625,-0.410981510557126,-0.8531761386854362
dct:0.01,short_avg_sub,ols,Tapping/Left,HbR,5,20,1,-0.0727595366926781,0.173369460201512,12.223233949791592,0.3366614601776279,5,0.1563189386583463,-0.0162973444031573,51.56663041561729,123.47503084442192,3.668784097143317,-0.410981510557126,-0.8531761386854362
dct:0.01,short_avg_sub,ols,Tapping/Right,HbO,5,20,0,0.1956925451092924,0.3220241697040426,6.7808296215964905,0.3366614601776279,5,0.1563189386583463,-0.0162973444031573,131.92680081596555,55.94450203524685,8.509347349825179,-0.410981510557126,-0.8531761386854362
dct:0.01,short_avg_sub,ols,Tapping/Right,HbR,5,20,0,-0.075948111348123,0.1536389951575567,4.994268814901991,0.3366614601776279,5,0.1563189386583463,-0.0162973444031573,131.92680081596555,55.94450203524685,4.16350832771688,-0.410981510557126,-0.8531761386854362
dct:0.01,short_avg_sub,ols,control,HbO,5,20,0,-0.0274200804227535,0.0587889962790516,3.970599150305029,0.3366614601776279,5,0.1563189386583463,-0.0162973444031573,,,,-0.410981510557126,-0.8531761386854362
dct:0.01,short_avg_sub,ols,control,HbR,5,20,0,0.0049271125628985,0.0221530447185674,4.130670169495019,0.3366614601776279,5,0.1563189386583463,-0.0162973444031573,,,,-0.410981510557126,-0.8531761386854362
dct:0.01,short_maxcorr_dm,ols,Tapping/Left,HbO,5,20,0,0.1768673816510743,0.4212884091587766,10.742075567085577,0.1867525973272244,5,0.1332933706152286,0.0122019864253653,44.491405290723726,123.73567028585217,6.349040904589445,-0.3138811869266541,-0.7966415458463503
dct:0.01,short_maxcorr_dm,ols,Tapping/Left,HbR,5,20,0,-0.0592852674492324,0.1567051545089559,5.9872315405055545,0.1867525973272244,5,0.1332933706152286,0.0122019864253653,44.491405290723726,123.73567028585217,2.87435494699413,-0.3138811869266541,-0.7966415458463503
dct:0.01,short_maxcorr_dm,ols,Tapping/Right,HbO,5,20,0,0.1701040250721143,0.3590433931208239,6.22586910979626,0.1867525973272244,5,0.1332933706152286,0.0122019864253653,17.61898935001858,119.1792746382718,6.151321746104271,-0.3138811869266541,-0.7966415458463503
dct:0.01,short_maxcorr_dm,ols,Tapping/Right,HbR,5,20,0,-0.0553184192335815,0.1324162940903754,5.079811342027418,0.1867525973272244,5,0.1332933706152286,0.0122019864253653,131.92680081596555,55.94450203524685,2.9798395952336785,-0.3138811869266541,-0.7966415458463503
dct:0.01,short_maxcorr_dm,ols,control,HbO,5,20,0,-0.0202319161895223,0.0440573506927123,5.660646247379328,0.1867525973272244,5,0.1332933706152286,0.0122019864253653,,,,-0.3138811869266541,-0.7966415458463503
dct:0.01,short_maxcorr_dm,ols,control,HbR,5,20,0,0.0015078615503244,0.0308480505254053,2.631952507418074,0.1867525973272244,5,0.1332933706152286,0.0122019864253653,,,,-0.3138811869266541,-0.7966415458463503
dct:0.01,short_closest_dm,ols,Tapping/Left,HbO,5,20,5,0.1960511834763122,0.4194318243361398,12.950671105770915,0.2468981882689344,5,0.1290105656166359,0.0005124817736336,43.88125355959473,119.58357664819592,6.392565976417024,-0.3509222463981495,-0.8436255150317524
dct:0.01,short_closest_dm,ols,Tapping/Left,HbR,5,20,1,-0.0601194027473299,0.1590025263582393,11.488087452839167,0.2468981882689344,5,0.1290105656166359,0.0005124817736336,43.88125355959473,119.58357664819592,2.897693493565941,-0.3509222463981495,-0.8436255150317524
dct:0.01,short_closest_dm,ols,Tapping/Right,HbO,5,20,1,0.1718441109320183,0.3011604573735525,10.547143364064077,0.2468981882689344,5,0.1290105656166359,0.0005124817736336,123.47503084442192,51.56663041561729,6.080921158427219,-0.3509222463981495,-0.8436255150317524
dct:0.01,short_closest_dm,ols,Tapping/Right,HbR,5,20,0,-0.0558864941574624,0.1373864106200385,4.930035761691019,0.2468981882689344,5,0.1290105656166359,0.0005124817736336,123.47503084442192,51.56663041561729,2.974750535373011,-0.3509222463981495,-0.8436255150317524
dct:0.01,short_closest_dm,ols,control,HbO,5,20,0,-0.0203843315301095,0.0458762450935783,4.100953094078916,0.2468981882689344,5,0.1290105656166359,0.0005124817736336,,,,-0.3509222463981495,-0.8436255150317524
dct:0.01,short_closest_dm,ols,control,HbR,5,20,0,0.0009942773096281,0.0258906885327645,2.4555073238785954,0.2468981882689344,5,0.1290105656166359,0.0005124817736336,,,,-0.3509222463981495,-0.8436255150317524
butter:0.01,none,ols,Tapping/Left,HbO,5,20,8,0.23715248728669147,0.4356054713368468,11.70405503292111,0.25370171313942524,5,0.13682268391413507,-0.0043478770442619274,48.2810572282779,132.19528546105843,9.152137695598837,-0.29991636858263104,-0.7666255248226173
butter:0.01,none,ols,Tapping/Left,HbR,5,20,1,-0.05666504378335816,0.13540963960480487,18.317016306490565,0.25370171313942524,5,0.13682268391413507,-0.0043478770442619274,51.56663041561729,123.47503084442191,2.894063437811532,-0.29991636858263104,-0.7666255248226173
butter:0.01,none,ols,Tapping/Right,HbO,5,20,3,0.19290201069078333,0.32380695988108066,8.3376918152555,0.25370171313942524,5,0.13682268391413507,-0.0043478770442619274,129.7380244941875,48.996650975477166,7.795408173499588,-0.29991636858263104,-0.7666255248226173
butter:0.01,none,ols,Tapping/Right,HbR,5,20,2,-0.05660227349871215,0.12608555560007287,5.850801622065467,0.25370171313942524,5,0.13682268391413507,-0.0043478770442619274,131.92680081596555,55.94450203524685,3.2895579047009043,-0.29991636858263104,-0.7666255248226173
butter:0.01,none,ols,control,HbO,5,20,0,0.006989007679812311,0.02116221072179776,1.384626235878014,0.25370171313942524,5,0.13682268391413507,-0.0043478770442619274,,,,-0.29991636858263104,-0.7666255248226173
butter:0.01,none,ols,control,HbR,5,20,0,-0.0037926160909266967,0.026693908847005992,2.9218839288271563,0.25370171313942524,5,0.13682268391413507,-0.0043478770442619274,,,,-0.29991636858263104,-0.7666255248226173
butter:0.01,global_dm,ols,Tapping/Left,HbO,5,20,0,7.355227538141662e-17,0.1616873809189172,5.043539075453189,0.5174564645447425,5,0.10388576863898669,0.02178652154786761,19.615029189795187,102.19059756355716,2.6529153555752094,-0.2053877136437475,-0.3976623126153931
butter:0.01,global_dm,ols,Tapping/Left,HbR,5,20,0,-4.5796699765787705e-17,0.10346329237573362,6.655374191839305,0.5174564645447425,5,0.10388576863898669,0.02178652154786761,99.34272265067743,17.4652369480196,1.5741008209193394,-0.2053877136437475,-0.3976623126153931
butter:0.01,global_dm,ols,Tapping/Right,HbO,5,20,0,-2.560451850541767e-16,0.13499435393631665,3.8469689581562947,0.5174564645447425,5,0.10388576863898669,0.02178652154786761,4.1211128945499755,112.21736656806175,2.7155603001270996,-0.2053877136437475,-0.3976623126153931
butter:0.01,global_dm,ols,Tapping/Right,HbR,5,20,0,6.38378239159465e-17,0.10157054331858925,4.77595611031073,0.5174564645447425,5,0.10388576863898669,0.02178652154786761,56.489649365659346,110.23717889116303,2.148518703848751,-0.2053877136437475,-0.3976623126153931
butter:0.01,global_dm,ols,control,HbO,5,20,0,-3.395504363790103e-16,0.013126188456082566,1.1531763469236107,0.5174564645447425,5,0.10388576863898669,0.02178652154786761,,,,-0.2053877136437475,-0.3976623126153931
butter:0.01,global_dm,ols,control,HbR,5,20,0,1.5092094240998222e-16,0.02415361583500598,4.686815552719369,0.5174564645447425,5,0.10388576863898669,0.02178652154786761,,,,-0.2053877136437475,-0.3976623126153931
butter:0.01,short_avg_dm,ols,Tapping/Left,HbO,5,20,4,0.22546007557394132,0.4232527127600365,12.439183812878225,0.313295091135611,5,0.13555786990450536,-0.003197914276009961,48.2810572282779,132.19528546105843,8.883008226760396,-0.30941026137995875,-0.7659338936781833
butter:0.01,short_avg_dm,ols,Tapping/Left,HbR,5,20,1,-0.05585510199645766,0.13473368371620473,18.00701273149652,0.313295091135611,5,0.13555786990450536,-0.003197914276009961,51.56663041561729,123.47503084442191,2.867953347129361,-0.30941026137995875,-0.7659338936781833
butter:0.01,short_avg_dm,ols,Tapping/Right,HbO,5,20,2,0.1800204076128539,0.3092996556254878,8.532572071164536,0.313295091135611,5,0.13555786990450536,-0.003197914276009961,129.7380244941875,48.996650975477166,7.527860496789659,-0.30941026137995875,-0.7659338936781833
butter:0.01,short_avg_dm,ols,Tapping/Right,HbR,5,20,0,-0.05667019930560152,0.12624476574698798,5.739782983838507,0.313295091135611,5,0.13555786990450536,-0.003197914276009961,131.92680081596555,55.94450203524685,3.283145515189045,-0.30941026137995875,-0.7659338936781833
butter:0.01,short_avg_dm,ols,control,HbO,5,20,0,-0.014807232446483775,0.0320890261597226,2.4604344569528522,0.313295091135611,5,0.13555786990450536,-0.003197914276009961,,,,-0.30941026137995875,-0.7659338936781833
butter:0.01,short_avg_dm,ols,control,HbR,5,20,0,-0.0036742326508844105,0.026808185825176484,2.8976860318188677,0.313295091135611,5,0.13555786990450536,-0.003197914276009961,,,,-0.30941026137995875,-0.7659338936781833
butter:0.01,short_avg_sub,ols,Tapping/Left,HbO,5,20,0,0.15212312390852226,0.3650462850861396,6.64372872205975,0.37191504651011725,5,0.13627102035690025,-0.02017279821820886,44.491405290723726,123.73567028585215,6.554730176721578,-0.40819622900399904,-0.8351000358229408
butter:0.01,short_avg_sub,ols,Tapping/Left,HbR,5,20,1,-0.06561878980604666,0.15080661491399808,10.66276728295888,0.37191504651011725,5,0.13627102035690025,-0.02017279821820886,51.56663041561729,123.47503084442191,3.395840357055344,-0.40819622900399904,-0.8351000358229408
butter:0.01,short_avg_sub,ols,Tapping/Right,HbO,5,20,0,0.18012534827579094,0.2860124453492404,7.673726191377842,0.37191504651011725,5,0.13627102035690025,-0.02017279821820886,131.92680081596555,55.94450203524685,8.022360473436093,-0.40819622900399904,-0.8351000358229408
butter:0.01,short_avg_sub,ols,Tapping/Right,HbR,5,20,0,-0.07096705616376908,0.13852940210566575,4.805941032903971,0.37191504651011725,5,0.13627102035690025,-0.02017279821820886,131.92680081596555,55.94450203524685,3.9752295526706867,-0.40819622900399904,-0.8351000358229408
butter:0.01,short_avg_sub,ols,control,HbO,5,20,1,-0.007460882957648715,0.023119844595162052,10.112471931338055,0.37191504651011725,5,0.13627102035690025,-0.02017279821820886,,,,-0.40819622900399904,-0.8351000358229408
butter:0.01,short_avg_sub,ols,control,HbR,5,20,0,-0.001248344248496323,0.022289242397722266,5.838638906251726,0.37191504651011725,5,0.13627102035690025,-0.02017279821820886,,,,-0.40819622900399904,-0.8351000358229408
butter:0.01,short_maxcorr_dm,ols,Tapping/Left,HbO,5,20,9,0.22688396989391163,0.41537525629200667,11.824040521055027,0.13930753513855768,5,0.13134137789945566,-0.005952683255422059,48.2810572282779,132.19528546105843,8.777197702592392,-0.32007707595809065,-0.7760507406514395
butter:0.01,short_maxcorr_dm,ols,Tapping/Left,HbR,5,20,1,-0.055868078301904836,0.13397078877956156,17.410712685656932,0.13930753513855768,5,0.13134137789945566,-0.005952683255422059,51.56663041561729,123.47503084442191,2.890685314486381,-0.32007707595809065,-0.7760507406514395
butter:0.01,short_maxcorr_dm,ols,Tapping/Right,HbO,5,20,3,0.1917804509190249,0.3126737098603246,16.67136225351198,0.13930753513855768,5,0.13134137789945566,-0.005952683255422059,129.7380244941875,48.996650975477166,7.965040384294206,-0.32007707595809065,-0.7760507406514395
butter:0.01,short_maxcorr_dm,ols,Tapping/Right,HbR,5,20,1,-0.05557135597852416,0.1249285145128394,5.579295020586508,0.13930753513855768,5,0.13134137789945566,-0.005952683255422059,131.92680081596555,55.94450203524685,3.2893640669905717,-0.32007707595809065,-0.7760507406514395
butter:0.01,short_maxcorr_dm,ols,control,HbO,5,20,1,-0.011136982210491137,0.026656596058042346,5.665259442178421,0.13930753513855768,5,0.13134137789945566,-0.005952683255422059,,,,-0.32007707595809065,-0.7760507406514395
butter:0.01,short_maxcorr_dm,ols,control,HbR,5,20,0,-0.003620666196580516,0.027086422616742926,2.878827961752333,0.13930753513855768,5,0.13134137789945566,-0.005952683255422059,,,,-0.32007707595809065,-0.7760507406514395
butter:0.01,short_closest_dm,ols,Tapping/Left,HbO,5,20,12,0.23201497803649032,0.43234064833685293,11.558103426432504,0.23439668443139147,5,0.129016583124573,-0.0013753386262884693,44.491405290723726,123.73567028585215,8.391245945393157,-0.2979458315838619,-0.7653893150143317
butter:0.01,short_closest_dm,ols,Tapping/Left,HbR,5,20,1,-0.05607155062204037,0.13589028512523277,17.635304833181632,0.23439668443139147,5,0.129016583124573,-0.0013753386262884693,51.56663041561729,123.47503084442191,2.835733364393321,-0.2979458315838619,-0.7653893150143317
butter:0.01,short_closest_dm,ols,Tapping/Right,HbO,5,20,3,0.19106894029836374,0.3195879673882694,8.566583644298369,0.23439668443139147,5,0.129016583124573,-0.0013753386262884693,129.7380244941875,48.996650975477166,7.313489289998216,-0.2979458315838619,-0.7653893150143317
butter:0.01,short_closest_dm,ols,Tapping/Right,HbR,5,20,1,-0.05611114086746153,0.12580239100951568,6.054409529128505,0.23439668443139147,5,0.129016583124573,-0.0013753386262884693,131.92680081596555,55.94450203524685,3.2583552178808706,-0.2979458315838619,-0.7653893150143317
butter:0.01,short_closest_dm,ols,control,HbO,5,20,0,0.00036107028110708115,0.027608359784746007,3.225497063391095,0.23439668443139147,5,0.129016583124573,-0.0013753386262884693,,,,-0.2979458315838619,-0.7653893150143317
butter:0.01,short_closest_dm,ols,control,HbR,5,20,0,-0.003804505719479848,0.02686245115409792,2.824103950158115,0.23439668443139147,5,0.129016583124573,-0.0013753386262884693,,,,-0.2979458315838619,-0.7653893150143317
legendre:1,none,ols,Tapping/Left,HbO,5,20,1,0.20194736625669524,0.42220616850726433,7.29047122760488,0.35422556530677957,5,0.1611503774634712,0.04984341440416304,48.2810572282779,132.19528546105843,8.399573322169223,-0.41571190798954016,-0.717944448356648
legendre:1,none,ols,Tapping/Left,HbR,5,20,4,-0.0851318359065237,0.17551613187510817,9.585155958932216,0.35422556530677957,5,0.1611503774634712,0.04984341440416304,51.56663041561729,123.47503084442191,4.363091032410499,-0.41571190798954016,-0.717944448356648
legendre:1,none,ols,Tapping/Right,HbO,5,20,0,0.12552822543999723,0.3263110681319423,5.627421179722408,0.35422556530677957,5,0.1611503774634712,0.04984341440416304,13.266731369440098,102.72525791490989,5.993420955221366,-0.41571190798954016,-0.717944448356648
legendre:1,none,ols,Tapping/Right,HbR,5,20,0,-0.05349090596784151,0.11689064726838871,3.4809936123308156,0.35422556530677957,5,0.1611503774634712,0.04984341440416304,129.7380244941875,48.996650975477166,3.509941783798784,-0.41571190798954016,-0.717944448356648
legendre:1,none,ols,control,HbO,5,20,1,0.07293241088047064,0.12553832647091384,11.213956359162605,0.35422556530677957,5,0.1611503774634712,0.04984341440416304,,,,-0.41571190798954016,-0.717944448356648
legendre:1,none,ols,control,HbR,5,20,0,-0.0009254811296807762,0.045991370847223954,2.002317288187224,0.35422556530677957,5,0.1611503774634712,0.04984341440416304,,,,-0.41571190798954016,-0.717944448356648
legendre:1,global_dm,ols,Tapping/Left,HbO,5,20,0,3.018418848199644e-17,0.19593916794596763,5.209870368082518,0.5262739558187328,5,0.1277964328389817,0.07078913539238986,19.615029189795187,102.19059756355716,3.0225346402525513,-0.07289055696851839,-0.3868274747510698
legendre:1,global_dm,ols,Tapping/Left,HbR,5,20,0,2.1163626406917045e-17,0.16251449288380299,4.525244473833982,0.5262739558187328,5,0.1277964328389817,0.07078913539238986,110.23717889116303,56.489649365659346,3.87704628214843,-0.07289055696851839,-0.3868274747510698
legendre:1,global_dm,ols,Tapping/Right,HbO,5,20,0,2.0261570199409106e-16,0.22211106638003492,3.1641812882565574,0.5262739558187328,5,0.1277964328389817,0.07078913539238986,6.252835403806017,110.84646567739667,4.333017336319697,-0.07289055696851839,-0.3868274747510698
legendre:1,global_dm,ols,Tapping/Right,HbR,5,20,0,-3.29250515740398e-16,0.22998256845144205,2.731163642354711,0.5262739558187328,5,0.1277964328389817,0.07078913539238986,56.489649365659346,110.23717889116303,5.685506424038512,-0.07289055696851839,-0.3868274747510698
legendre:1,global_dm,ols,control,HbO,5,20,0,1.0547118733938987e-16,0.08760260864794023,3.9007967232728027,0.5262739558187328,5,0.1277964328389817,0.07078913539238986,,,,-0.07289055696851839,-0.3868274747510698
legendre:1,global_dm,ols,control,HbR,5,20,0,1.0581813203458523e-16,0.029134039952426322,2.7195328953412266,0.5262739558187328,5,0.1277964328389817,0.07078913539238986,,,,-0.07289055696851839,-0.3868274747510698
legendre:1,short_avg_dm,ols,Tapping/Left,HbO,5,20,0,0.15812123855609678,0.3966846743730591,5.711049401919739,0.25128568621733155,5,0.16170805044972425,0.04622369463981331,48.2810572282779,132.19528546105843,7.532144123104336,-0.45487606485817367,-0.7839641572507501
legendre:1,short_avg_dm,ols,Tapping/Left,HbR,5,20,0,-0.07923327218264418,0.17529473718056252,7.858175900766361,0.25128568621733155,5,0.16170805044972425,0.04622369463981331,51.56663041561729,123.47503084442191,4.218651767246101,-0.45487606485817367,-0.7839641572507501
legendre:1,short_avg_dm,ols,Tapping/Right,HbO,5,20,0,0.11433692058613083,0.310132130147307,6.371922708432023,0.25128568621733155,5,0.16170805044972425,0.04622369463981331,129.7380244941875,48.996650975477166,6.14623751929271,-0.45487606485817367,-0.7839641572507501
legendre:1,short_avg_dm,ols,Tapping/Right,HbR,5,20,0,-0.0501403146381875,0.116962165732896,3.7227979596154,0.25128568621733155,5,0.16170805044972425,0.04622369463981331,132.3609344349231,54.4756614909107,3.28161662307883,-0.45487606485817367,-0.7839641572507501
legendre:1,short_avg_dm,ols,control,HbO,5,20,0,0.01158440652688678,0.06333449205965822,1.9996924067128288,0.25128568621733155,5,0.16170805044972425,0.04622369463981331,,,,-0.45487606485817367,-0.7839641572507501
legendre:1,short_avg_dm,ols,control,HbR,5,20,0,-0.00021797159058640526,0.02507554833604202,1.8185562758884304,0.25128568621733155,5,0.16170805044972425,0.04622369463981331,,,,-0.45487606485817367,-0.7839641572507501
legendre:1,short_avg_sub,ols,Tapping/Left,HbO,5,20,0,0.17261337494820594,0.4167874015542835,6.492602221564813,0.34866729438941746,5,0.17300280337433105,0.024377660273220247,48.2810572282779,132.19528546105843,7.869460832812648,-0.47886179471114226,-0.8033110669216336
legendre:1,short_avg_sub,ols,Tapping/Left,HbR,5,20,3,-0.09993949568463732,0.19646527322373475,9.482171996545325,0.34866729438941746,5,0.17300280337433105,0.024377660273220247,51.56663041561729,123.47503084442191,5.2329571712952525,-0.47886179471114226,-0.8033110669216336
legendre:1,short_avg_sub,ols,Tapping/Right,HbO,5,20,1,0.14092419362893144,0.3199016129059715,7.315674930190554,0.34866729438941746,5,0.17300280337433105,0.024377660273220247,131.92680081596555,55.94450203524685,7.313998833237494,-0.47886179471114226,-0.8033110669216336
legendre:1,short_avg_sub,ols,Tapping/Right,HbR,5,20,0,-0.05334975125948903,0.12129679787087966,3.958885979924351,0.34866729438941746,5,0.17300280337433105,0.024377660273220247,132.3609344349231,54.4756614909107,3.492049313217104,-0.47886179471114226,-0.8033110669216336
legendre:1,short_avg_sub,ols,control,HbO,5,20,0,0.00021140686154100737,0.08470215939467327,2.0619457146691915,0.34866729438941746,5,0.17300280337433105,0.024377660273220247,,,,-0.47886179471114226,-0.8033110669216336
legendre:1,short_avg_sub,ols,control,HbR,5,20,1,-0.001010073519319804,0.03157087856366794,7.167667823865938,0.34866729438941746,5,0.17300280337433105,0.024377660273220247,,,,-0.47886179471114226,-0.8033110669216336
legendre:1,short_maxcorr_dm,ols,Tapping/Left,HbO,5,20,0,0.16247952956903258,0.4100594576108317,5.774399431918616,0.20201049407921262,5,0.13583863247987377,0.05558261967360409,19.615029189795187,102.19059756355716,5.44703672992745,-0.3465287358471163,-0.7587093676394375
legendre:1,short_maxcorr_dm,ols,Tapping/Left,HbR,5,20,0,-0.06569347139685819,0.16196229149638586,6.544690349513368,0.20201049407921262,5,0.13583863247987377,0.05558261967360409,51.56663041561729,123.47503084442191,3.2154936426874743,-0.3465287358471163,-0.7587093676394375
legendre:1,short_maxcorr_dm,ols,Tapping/Right,HbO,5,20,0,0.12392534135114039,0.32475440833615815,5.583768073826157,0.20201049407921262,5,0.13583863247987377,0.05558261967360409,13.266731369440098,102.72525791490989,5.860435511416893,-0.3465287358471163,-0.7587093676394375
legendre:1,short_maxcorr_dm,ols,Tapping/Right,HbR,5,20,0,-0.03621379550813381,0.098867279679464,3.20541756266283,0.20201049407921262,5,0.13583863247987377,0.05558261967360409,132.3609344349231,54.4756614909107,2.549334110310484,-0.3465287358471163,-0.7587093676394375
legendre:1,short_maxcorr_dm,ols,control,HbO,5,20,0,0.025214184065950385,0.05555168432215919,2.2497470214296738,0.20201049407921262,5,0.13583863247987377,0.05558261967360409,,,,-0.3465287358471163,-0.7587093676394375
legendre:1,short_maxcorr_dm,ols,control,HbR,5,20,0,0.003414323462922196,0.020400325709294884,1.7013844654582915,0.20201049407921262,5,0.13583863247987377,0.05558261967360409,,,,-0.3465287358471163,-0.7587093676394375
legendre:1,short_closest_dm,ols,Tapping/Left,HbO,5,20,3,0.19364473974783378,0.44320791832613865,7.162681763756224,0.42917630531550943,5,0.14063896396759468,0.09857005037996176,19.615029189795187,102.19059756355716,5.8817049915779105,-0.3751447166579834,-0.7727781258105985
legendre:1,short_closest_dm,ols,Tapping/Left,HbR,5,20,2,-0.07623241337766114,0.1682405874928755,14.277890561650361,0.42917630531550943,5,0.14063896396759468,0.09857005037996176,43.88125355959473,119.58357664819592,3.310112407230738,-0.3751447166579834,-0.7727781258105985
legendre:1,short_closest_dm,ols,Tapping/Right,HbO,5,20,2,0.12175219894604931,0.31292201514519435,39.45801539648131,0.42917630531550943,5,0.14063896396759468,0.09857005037996176,13.266731369440098,102.72525791490989,5.69945606749768,-0.3751447166579834,-0.7727781258105985
legendre:1,short_closest_dm,ols,Tapping/Right,HbR,5,20,0,-0.05105359912908338,0.11499763017855627,4.3317209559281755,0.42917630531550943,5,0.14063896396759468,0.09857005037996176,132.3609344349231,54.4756614909107,2.855459730355135,-0.3751447166579834,-0.7727781258105985
legendre:1,short_closest_dm,ols,control,HbO,5,20,1,0.040318805887113916,0.10098678868625918,7.018164200857091,0.42917630531550943,5,0.14063896396759468,0.09857005037996176,,,,-0.3751447166579834,-0.7727781258105985
legendre:1,short_closest_dm,ols,control,HbR,5,20,0,0.0007111840246659968,0.028609846552700924,2.1712782800252888,0.42917630531550943,5,0.14063896396759468,0.09857005037996176,,,,-0.3751447166579834,-0.7727781258105985
legendre:3,none,ols,Tapping/Left,HbO,5,20,4,0.2403560505499017,0.46328817229340435,12.217852873578767,0.4227514461466446,5,0.17307941790245504,0.034435845407920884,48.2810572282779,132.19528546105843,10.548725537713434,-0.3516402822924764,-0.7406261341545298
legendre:3,none,ols,Tapping/Left,HbR,5,20,1,-0.07017777986188581,0.16291078368801815,9.093574685851737,0.4227514461466446,5,0.17307941790245504,0.034435845407920884,51.56663041561729,123.47503084442191,3.739771477479178,-0.3516402822924764,-0.7406261341545298
legendre:3,none,ols,Tapping/Right,HbO,5,20,0,0.14575526345912904,0.32316539541686595,4.780435483994176,0.4227514461466446,5,0.17307941790245504,0.034435845407920884,129.7380244941875,48.996650975477166,6.668271886766892,-0.3516402822924764,-0.7406261341545298
legendre:3,none,ols,Tapping/Right,HbR,5,20,0,-0.05398597504208389,0.1226995537473985,5.443582956558923,0.4227514461466446,5,0.17307941790245504,0.034435845407920884,129.7380244941875,48.996650975477166,3.263167936669187,-0.3516402822924764,-0.7406261341545298
legendre:3,none,ols,control,HbO,5,20,1,0.07130138356497254,0.11679630804555788,8.814666838410707,0.4227514461466446,5,0.17307941790245504,0.034435845407920884,,,,-0.3516402822924764,-0.7406261341545298
legendre:3,none,ols,control,HbR,5,20,0,-0.001240750129221169,0.05599520626915609,1.5576572871050947,0.4227514461466446,5,0.17307941790245504,0.034435845407920884,,,,-0.3516402822924764,-0.7406261341545298
legendre:3,global_dm,ols,Tapping/Left,HbO,5,20,0,-3.70536934468646e-16,0.21560341431189692,5.087456774947916,0.5109232841570298,5,0.14171245618462008,0.05068520880827288,19.615029189795187,102.19059756355716,3.4073816622794415,-0.10663651305028043,-0.4468662053672414
legendre:3,global_dm,ols,Tapping/Left,HbR,5,20,0,-2.3037127760972e-16,0.07939192149573852,4.048485523543403,0.5109232841570298,5,0.14171245618462008,0.05068520880827288,44.491405290723726,123.73567028585215,1.7210562304878683,-0.10663651305028043,-0.4468662053672414
legendre:3,global_dm,ols,Tapping/Right,HbO,5,20,0,-6.973588373426765e-17,0.19721305055408367,2.9200234094733775,0.5109232841570298,5,0.14171245618462008,0.05068520880827288,4.1211128945499755,112.21736656806175,3.8593178701425153,-0.10663651305028043,-0.4468662053672414
legendre:3,global_dm,ols,Tapping/Right,HbR,5,20,0,-1.870031907102998e-16,0.09803973354949155,3.1361289019726977,0.5109232841570298,5,0.14171245618462008,0.05068520880827288,56.489649365659346,110.23717889116303,2.3821069736102656,-0.10663651305028043,-0.4468662053672414
legendre:3,global_dm,ols,control,HbO,5,20,0,-1.0443035325380379e-16,0.08162254105159765,3.4812155821633874,0.5109232841570298,5,0.14171245618462008,0.05068520880827288,,,,-0.10663651305028043,-0.4468662053672414
legendre:3,global_dm,ols,control,HbR,5,20,0,5.100087019371813e-16,0.059739022833264474,2.42522624134009,0.5109232841570298,5,0.14171245618462008,0.05068520880827288,,,,-0.10663651305028043,-0.4468662053672414
legendre:3,short_avg_dm,ols,Tapping/Left,HbO,5,20,0,0.1582628451570109,0.38923503233218115,7.488559650861639,0.47345438403830625,5,0.16557867552845879,0.03365181745384073,48.2810572282779,132.19528546105843,7.988329277760583,-0.40328287617363817,-0.7921230215150364
legendre:3,short_avg_dm,ols,Tapping/Left,HbR,5,20,0,-0.062299060102716255,0.15697182334646106,6.958754447875841,0.47345438403830625,5,0.16557867552845879,0.03365181745384073,51.56663041561729,123.47503084442191,3.371071951011098,-0.40328287617363817,-0.7921230215150364
legendre:3,short_avg_dm,ols,Tapping/Right,HbO,5,20,0,0.11649337228895591,0.29063352808608184,6.966012054987011,0.47345438403830625,5,0.16557867552845879,0.03365181745384073,129.7380244941875,48.996650975477166,5.818746478517677,-0.40328287617363817,-0.7921230215150364
legendre:3,short_avg_dm,ols,Tapping/Right,HbR,5,20,0,-0.04264050339815935,0.10718649495508561,3.471792597582878,0.47345438403830625,5,0.16557867552845879,0.03365181745384073,129.7380244941875,48.996650975477166,2.6208680294634603,-0.40328287617363817,-0.7921230215150364
legendre:3,short_avg_dm,ols,control,HbO,5,20,0,0.007606248716357572,0.053148001085498074,2.212361576236763,0.47345438403830625,5,0.16557867552845879,0.03365181745384073,,,,-0.40328287617363817,-0.7921230215150364
legendre:3,short_avg_dm,ols,control,HbR,5,20,0,-0.0026288623851380226,0.02297165184982088,1.3489754508131522,0.47345438403830625,5,0.16557867552845879,0.03365181745384073,,,,-0.40328287617363817,-0.7921230215150364
legendre:3,short_avg_sub,ols,Tapping/Left,HbO,5,20,0,0.17316047857409594,0.41464305458650796,8.616375850782735,0.4500107845415073,5,0.18133785912323006,0.011012957243146937,48.2810572282779,132.19528546105843,8.312202925886396,-0.4243405139238469,-0.8169208153024221
legendre:3,short_avg_sub,ols,Tapping/Left,HbR,5,20,1,-0.08302723031529821,0.1822394696943138,11.76864271809901,0.4500107845415073,5,0.18133785912323006,0.011012957243146937,51.56663041561729,123.47503084442191,4.387512798710469,-0.4243405139238469,-0.8169208153024221
legendre:3,short_avg_sub,ols,Tapping/Right,HbO,5,20,0,0.165177096946877,0.31768196077302946,7.330643849268289,0.4500107845415073,5,0.18133785912323006,0.011012957243146937,131.92680081596555,55.94450203524685,8.140470544918918,-0.4243405139238469,-0.8169208153024221
legendre:3,short_avg_sub,ols,Tapping/Right,HbR,5,20,0,-0.06666646886754123,0.14541308023345434,3.14477184564842,0.4500107845415073,5,0.18133785912323006,0.011012957243146937,132.3609344349231,54.4756614909107,3.917500617603967,-0.4243405139238469,-0.8169208153024221
legendre:3,short_avg_sub,ols,control,HbO,5,20,0,0.0022687907587655527,0.07145057041111322,1.9324138143705516,0.4500107845415073,5,0.18133785912323006,0.011012957243146937,,,,-0.4243405139238469,-0.8169208153024221
legendre:3,short_avg_sub,ols,control,HbR,5,20,0,-0.0010358707415774103,0.04004931415474822,2.515357865035315,0.4500107845415073,5,0.18133785912323006,0.011012957243146937,,,,-0.4243405139238469,-0.8169208153024221
legendre:3,short_maxcorr_dm,ols,Tapping/Left,HbO,5,20,0,0.17358462385422324,0.43768229895353505,6.625526354017241,0.18495484450921795,5,0.14656586035115587,0.035805364671504664,44.491405290723726,123.73567028585215,6.419698365893587,-0.34696702210209873,-0.7930305127296042
legendre:3,short_maxcorr_dm,ols,Tapping/Left,HbR,5,20,0,-0.06346848870826892,0.15727926878500387,6.795876090609337,0.18495484450921795,5,0.14656586035115587,0.035805364671504664,43.88125355959473,119.58357664819592,3.09897158898187,-0.34696702210209873,-0.7930305127296042
legendre:3,short_maxcorr_dm,ols,Tapping/Right,HbO,5,20,0,0.13886986388917308,0.32904902464025687,6.919223199045538,0.18495484450921795,5,0.14656586035115587,0.035805364671504664,13.266731369440098,102.72525791490989,5.702632476100743,-0.34696702210209873,-0.7930305127296042
legendre:3,short_maxcorr_dm,ols,Tapping/Right,HbR,5,20,0,-0.04470310295365506,0.11584754184138657,7.147796243255216,0.18495484450921795,5,0.14656586035115587,0.035805364671504664,132.3609344349231,54.4756614909107,2.60017865621934,-0.34696702210209873,-0.7930305127296042
legendre:3,short_maxcorr_dm,ols,control,HbO,5,20,0,0.020589394763782957,0.05218141354804649,2.130419807478315,0.18495484450921795,5,0.14656586035115587,0.035805364671504664,,,,-0.34696702210209873,-0.7930305127296042
legendre:3,short_maxcorr_dm,ols,control,HbR,5,20,0,0.0019171063684718256,0.025398399816648386,1.8681443966666784,0.18495484450921795,5,0.14656586035115587,0.035805364671504664,,,,-0.34696702210209873,-0.7930305127296042
legendre:3,short_closest_dm,ols,Tapping/Left,HbO,5,20,2,0.19261916497017084,0.4173843373726277,7.353086674402671,0.3840637081689988,5,0.1312665869808945,0.03225394019858277,43.88125355959473,119.58357664819592,6.281738549652342,-0.3749476553094632,-0.8048687446477849
legendre:3,short_closest_dm,ols,Tapping/Left,HbR,5,20,1,-0.06503962804287053,0.163746249661053,7.134054376088664,0.3840637081689988,5,0.1312665869808945,0.03225394019858277,43.88125355959473,119.58357664819592,3.114186861528897,-0.3749476553094632,-0.8048687446477849
legendre:3,short_closest_dm,ols,Tapping/Right,HbO,5,20,2,0.14066769703363785,0.2868589035622212,9.591728438516023,0.3840637081689988,5,0.1312665869808945,0.03225394019858277,13.266731369440098,102.72525791490989,5.245930703284187,-0.3749476553094632,-0.8048687446477849
legendre:3,short_closest_dm,ols,Tapping/Right,HbR,5,20,0,-0.04962037054288407,0.12408461688219204,5.350585770272248,0.3840637081689988,5,0.1312665869808945,0.03225394019858277,132.3609344349231,54.4756614909107,2.8241945454494757,-0.3749476553094632,-0.8048687446477849
legendre:3,short_closest_dm,ols,control,HbO,5,20,0,0.025400600825387927,0.07765294340304385,3.918125803446189,0.3840637081689988,5,0.1312665869808945,0.03225394019858277,,,,-0.3749476553094632,-0.8048687446477849
legendre:3,short_closest_dm,ols,control,HbR,5,20,0,-0.00014168338871636726,0.02723752001327216,1.5111358679135725,0.3840637081689988,5,0.1312665869808945,0.03225394019858277,,,,-0.3749476553094632,-0.8048687446477849
bspline:5,none,ols,Tapping/Left,HbO,5,20,6,0.2242104323264305,0.44668805273101964,10.006862716393748,0.36208135923960755,5,0.16701862194100436,0.03217826967641502,44.491405290723726,123.73567028585215,9.732710160954904,-0.349861351027603,-0.7328722601363155
bspline:5,none,ols,Tapping/Left,HbR,5,20,1,-0.06312494155942217,0.15526611576504154,9.020705511759578,0.36208135923960755,5,0.16701862194100436,0.03217826967641502,51.56663041561729,123.47503084442191,3.383523763527422,-0.349861351027603,-0.7328722601363155
bspline:5,none,ols,Tapping/Right,HbO,5,20,2,0.15588051759532012,0.32338453699864383,6.836248054788524,0.36208135923960755,5,0.16701862194100436,0.03217826967641502,129.7380244941875,48.996650975477166,7.110259104977042,-0.349861351027603,-0.7328722601363155
bspline:5,none,ols,Tapping/Right,HbR,5,20,2,-0.05714569292847228,0.12382318354737279,7.279933235774622,0.36208135923960755,5,0.16701862194100436,0.03217826967641502,132.3609344349231,54.4756614909107,3.336291035200995,-0.349861351027603,-0.7328722601363155
bspline:5,none,ols,control,HbO,5,20,9,0.07258635189401316,0.12124104081196216,8.718967088041552,0.36208135923960755,5,0.16701862194100436,0.03217826967641502,,,,-0.349861351027603,-0.7328722601363155
bspline:5,none,ols,control,HbR,5,20,0,-0.002868770601286754,0.05687193454310193,1.985654731685704,0.36208135923960755,5,0.16701862194100436,0.03217826967641502,,,,-0.349861351027603,-0.7328722601363155
bspline:5,global_dm,ols,Tapping/Left,HbO,5,20,0,-2.921274333544943e-16,0.21384750505680766,5.043059404831652,0.4921504903232256,5,0.14007151693884384,0.050762421347113465,19.615029189795187,102.19059756355716,3.3867132714209376,-0.12548333938786396,-0.46798154157442373
bspline:5,global_dm,ols,Tapping/Left,HbR,5,20,0,1.3183898417423733e-17,0.0817287094889569,3.920460678219001,0.4921504903232256,5,0.14007151693884384,0.050762421347113465,97.7172749971546,25.59700755323658,1.6834548194426753,-0.12548333938786396,-0.46798154157442373
bspline:5,global_dm,ols,Tapping/Right,HbO,5,20,0,-1.311450947838466e-16,0.19290592530248923,3.5496221860643926,0.4921504903232256,5,0.14007151693884384,0.050762421347113465,4.1211128945499755,112.21736656806175,3.787349594288226,-0.12548333938786396,-0.46798154157442373
bspline:5,global_dm,ols,Tapping/Right,HbR,5,20,0,4.336808689942018e-17,0.10603454344404976,3.1873665207294364,0.4921504903232256,5,0.14007151693884384,0.050762421347113465,56.489649365659346,110.23717889116303,2.584889384116803,-0.12548333938786396,-0.46798154157442373
bspline:5,global_dm,ols,control,HbO,5,20,0,-3.531896997088779e-16,0.07859535551726433,2.8793531277093614,0.4921504903232256,5,0.14007151693884384,0.050762421347113465,,,,-0.12548333938786396,-0.46798154157442373
bspline:5,global_dm,ols,control,HbR,5,20,0,5.3602955407683337e-17,0.058076080965477374,2.606439453613371,0.4921504903232256,5,0.14007151693884384,0.050762421347113465,,,,-0.12548333938786396,-0.46798154157442373
bspline:5,short_avg_dm,ols,Tapping/Left,HbO,5,20,0,0.14763548762275455,0.3788606944171842,6.552099177891462,0.44713964084260943,5,0.16060583512759977,0.032042370112051466,44.491405290723726,123.73567028585215,7.356263179615938,-0.39894927298478405,-0.7757898737336145
bspline:5,short_avg_dm,ols,Tapping/Left,HbR,5,20,0,-0.057346708076742726,0.15114619860024606,5.460347416278807,0.44713964084260943,5,0.16060583512759977,0.032042370112051466,51.56663041561729,123.47503084442191,3.1611231465703176,-0.39894927298478405,-0.7757898737336145
bspline:5,short_avg_dm,ols,Tapping/Right,HbO,5,20,1,0.12226377167475384,0.2889042742986415,10.924061291439685,0.44713964084260943,5,0.16060583512759977,0.032042370112051466,129.7380244941875,48.996650975477166,6.177971449578199,-0.39894927298478405,-0.7757898737336145
bspline:5,short_avg_dm,ols,Tapping/Right,HbR,5,20,0,-0.04902864700876277,0.11210039694852056,4.774291735020089,0.44713964084260943,5,0.16060583512759977,0.032042370112051466,129.7380244941875,48.996650975477166,2.88094183313904,-0.39894927298478405,-0.7757898737336145
bspline:5,short_avg_dm,ols,control,HbO,5,20,0,0.011291306043133567,0.05516519637113587,3.272128700230972,0.44713964084260943,5,0.16060583512759977,0.032042370112051466,,,,-0.39894927298478405,-0.7757898737336145
bspline:5,short_avg_dm,ols,control,HbR,5,20,0,-0.004416972123244661,0.026958611279094814,2.3085499996256806,0.44713964084260943,5,0.16060583512759977,0.032042370112051466,,,,-0.39894927298478405,-0.7757898737336145
bspline:5,short_avg_sub,ols,Tapping/Left,HbO,5,20,0,0.1651910310367397,0.40521850679832294,7.870757137240692,0.4752979431323882,5,0.17691539663765776,0.011253897759481435,44.491405290723726,123.73567028585215,7.7860042687301245,-0.42503094680672077,-0.8222467744129168
bspline:5,short_avg_sub,ols,Tapping/Left,HbR,5,20,0,-0.07372274276938139,0.17223040560809683,6.777419216577734,0.4752979431323882,5,0.17691539663765776,0.011253897759481435,51.56663041561729,123.47503084442191,3.9266802853104252,-0.42503094680672077,-0.8222467744129168
bspline:5,short_avg_sub,ols,Tapping/Right,HbO,5,20,0,0.16798079895903978,0.31533900200539877,7.362029833420686,0.4752979431323882,5,0.17691539663765776,0.011253897759481435,131.92680081596555,55.94450203524685,8.343134751529508,-0.42503094680672077,-0.8222467744129168
bspline:5,short_avg_sub,ols,Tapping/Right,HbR,5,20,0,-0.06937251067559144,0.14296841829884757,4.019384586126353,0.4752979431323882,5,0.17691539663765776,0.011253897759481435,132.3609344349231,54.4756614909107,3.96370335468143,-0.42503094680672077,-0.8222467744129168
bspline:5,short_avg_sub,ols,control,HbO,5,20,0,0.0010255092424488947,0.07252064974959024,2.0427324356328245,0.4752979431323882,5,0.17691539663765776,0.011253897759481435,,,,-0.42503094680672077,-0.8222467744129168
bspline:5,short_avg_sub,ols,control,HbR,5,20,0,-0.0015573482190784256,0.0396075007047425,3.925971762345351,0.4752979431323882,5,0.17691539663765776,0.011253897759481435,,,,-0.42503094680672077,-0.8222467744129168
bspline:5,short_maxcorr_dm,ols,Tapping/Left,HbO,5,20,0,0.16376125525167182,0.4249084649433117,6.884900704602417,0.2691508428152701,5,0.14182799458401982,0.03551643287048262,44.491405290723726,123.73567028585215,5.941607929471578,-0.33246850653366694,-0.7726616024448594
bspline:5,short_maxcorr_dm,ols,Tapping/Left,HbR,5,20,0,-0.05768884926082911,0.15225657543580923,9.140063864159266,0.2691508428152701,5,0.14182799458401982,0.03551643287048262,43.88125355959473,119.58357664819592,2.885685586458608,-0.33246850653366694,-0.7726616024448594
bspline:5,short_maxcorr_dm,ols,Tapping/Right,HbO,5,20,0,0.1403934535528489,0.3279976737250062,7.34047187742299,0.2691508428152701,5,0.14182799458401982,0.03551643287048262,13.266731369440098,102.72525791490989,5.719987263287467,-0.33246850653366694,-0.7726616024448594
bspline:5,short_maxcorr_dm,ols,Tapping/Right,HbR,5,20,0,-0.05021020660383875,0.12137147274990216,6.1428513731904815,0.2691508428152701,5,0.14182799458401982,0.03551643287048262,132.3609344349231,54.4756614909107,2.833423786878956,-0.33246850653366694,-0.7726616024448594
bspline:5,short_maxcorr_dm,ols,control,HbO,5,20,0,0.019610333221372272,0.05399359697322213,2.450398312066552,0.2691508428152701,5,0.14182799458401982,0.03551643287048262,,,,-0.33246850653366694,-0.7726616024448594
bspline:5,short_maxcorr_dm,ols,control,HbR,5,20,0,-0.0012921265734218267,0.022331520512489312,1.9645369359632725,0.2691508428152701,5,0.14182799458401982,0.03551643287048262,,,,-0.33246850653366694,-0.7726616024448594
bspline:5,short_closest_dm,ols,Tapping/Left,HbO,5,20,0,0.1769157860300278,0.3942741310642459,7.4747067281038815,0.3559948403841875,5,0.127178686822723,0.028447314671003004,43.88125355959473,119.58357664819592,5.8068775997451505,-0.38983644119145283,-0.8039244135044287
bspline:5,short_closest_dm,ols,Tapping/Left,HbR,5,20,0,-0.05951744859548776,0.1577040268954745,6.651618701454934,0.3559948403841875,5,0.127178686822723,0.028447314671003004,43.88125355959473,119.58357664819592,2.9260118871938925,-0.38983644119145283,-0.8039244135044287
bspline:5,short_closest_dm,ols,Tapping/Right,HbO,5,20,0,0.14174991331008274,0.2847744554276452,10.346848443462463,0.3559948403841875,5,0.127178686822723,0.028447314671003004,123.47503084442191,51.56663041561729,5.37938033422695,-0.38983644119145283,-0.8039244135044287
bspline:5,short_closest_dm,ols,Tapping/Right,HbR,5,20,0,-0.05330268355285943,0.12083363203347956,6.718160469771558,0.3559948403841875,5,0.127178686822723,0.028447314671003004,132.3609344349231,54.4756614909107,2.9485335312589687,-0.38983644119145283,-0.8039244135044287
bspline:5,short_closest_dm,ols,control,HbO,5,20,0,0.025089518371799457,0.08432506502895665,3.7920249799642343,0.3559948403841875,5,0.127178686822723,0.028447314671003004,,,,-0.38983644119145283,-0.8039244135044287
bspline:5,short_closest_dm,ols,control,HbR,5,20,0,-0.0029361209104762595,0.025545626875756084,2.008729284155367,0.3559948403841875,5,0.127178686822723,0.028447314671003004,,,,-0.38983644119145283,-0.8039244135044287
bspline:8,none,ols,Tapping/Left,HbO,5,20,3,0.21323012636369074,0.43921446852609397,7.442196137426181,0.35127611787676094,5,0.15926015854703982,0.025170544090897584,44.491405290723726,123.73567028585215,9.398651951622227,-0.3508612551116298,-0.7463803620716639
bspline:8,none,ols,Tapping/Left,HbR,5,20,1,-0.061168332981767326,0.15410333969025275,11.399191819715078,0.35127611787676094,5,0.15926015854703982,0.025170544090897584,51.56663041561729,123.47503084442191,3.261070331448431,-0.3508612551116298,-0.7463803620716639
bspline:8,none,ols,Tapping/Right,HbO,5,20,1,0.15709461053204177,0.3159308794260468,8.571114000464386,0.35127611787676094,5,0.15926015854703982,0.025170544090897584,129.7380244941875,48.996650975477166,7.208041796725138,-0.3508612551116298,-0.7463803620716639
bspline:8,none,ols,Tapping/Right,HbR,5,20,1,-0.05654368152231083,0.12741827198833092,11.638363983275193,0.35127611787676094,5,0.15926015854703982,0.025170544090897584,132.3609344349231,54.4756614909107,3.3919693525921315,-0.3508612551116298,-0.7463803620716639
bspline:8,none,ols,control,HbO,5,20,2,0.06085925326348905,0.10194264114718363,12.668949033696785,0.35127611787676094,5,0.15926015854703982,0.025170544090897584,,,,-0.3508612551116298,-0.7463803620716639
bspline:8,none,ols,control,HbR,5,20,0,-0.002254077752116573,0.0415019501112759,2.4553842209790027,0.35127611787676094,5,0.15926015854703982,0.025170544090897584,,,,-0.3508612551116298,-0.7463803620716639
bspline:8,global_dm,ols,Tapping/Left,HbO,5,20,0,-5.370703881624195e-16,0.21540948028896706,5.193582838971564,0.46700258885920626,5,0.13535862446629876,0.04490442993395686,19.615029189795187,102.19059756355716,3.426904323707375,-0.11428444848563216,-0.4600309248128699
bspline:8,global_dm,ols,Tapping/Left,HbR,5,20,0,6.938893903907229e-19,0.08751191782716075,4.072150526493911,0.46700258885920626,5,0.13535862446629876,0.04490442993395686,97.7172749971546,25.59700755323658,1.6563340290603068,-0.11428444848563216,-0.4600309248128699
bspline:8,global_dm,ols,Tapping/Right,HbO,5,20,0,1.4779844015322397e-16,0.18655194565341754,3.150256893929535,0.46700258885920626,5,0.13535862446629876,0.04490442993395686,4.1211128945499755,112.21736656806175,3.65640228919914,-0.11428444848563216,-0.4600309248128699
bspline:8,global_dm,ols,Tapping/Right,HbR,5,20,0,-6.38378239159465e-17,0.12432548532942604,3.3407094827855497,0.46700258885920626,5,0.13535862446629876,0.04490442993395686,56.489649365659346,110.23717889116303,3.0495985072415386,-0.11428444848563216,-0.4600309248128699
bspline:8,global_dm,ols,control,HbO,5,20,0,-6.453171330633723e-17,0.0823945080746122,5.892249818387074,0.46700258885920626,5,0.13535862446629876,0.04490442993395686,,,,-0.11428444848563216,-0.4600309248128699
bspline:8,global_dm,ols,control,HbR,5,20,0,2.4806545706468343e-17,0.04085821676708144,2.2748380779601463,0.46700258885920626,5,0.13535862446629876,0.04490442993395686,,,,-0.11428444848563216,-0.4600309248128699
bspline:8,short_avg_dm,ols,Tapping/Left,HbO,5,20,0,0.1469141608808625,0.3808068941093896,6.932389762229863,0.4451517485495853,5,0.1547176772774055,0.02500988262364262,44.491405290723726,123.73567028585215,7.434746067770768,-0.3912089168011634,-0.7805306340293859
bspline:8,short_avg_dm,ols,Tapping/Left,HbR,5,20,0,-0.05462939002819067,0.14897505255494964,5.974495295286387,0.4451517485495853,5,0.1547176772774055,0.02500988262364262,48.2810572282779,132.19528546105843,3.059150211453594,-0.3912089168011634,-0.7805306340293859
bspline:8,short_avg_dm,ols,Tapping/Right,HbO,5,20,0,0.1255187100487681,0.2834842614266913,9.325155644727877,0.4451517485495853,5,0.1547176772774055,0.02500988262364262,129.7380244941875,48.996650975477166,6.459041466534971,-0.3912089168011634,-0.7805306340293859
bspline:8,short_avg_dm,ols,Tapping/Right,HbR,5,20,0,-0.04943669471573731,0.11218414240763011,8.339691249566306,0.4451517485495853,5,0.1547176772774055,0.02500988262364262,129.7380244941875,48.996650975477166,3.0171020883362925,-0.3912089168011634,-0.7805306340293859
bspline:8,short_avg_dm,ols,control,HbO,5,20,0,0.0033748370489990855,0.0616505111529904,2.520751517324272,0.4451517485495853,5,0.1547176772774055,0.02500988262364262,,,,-0.3912089168011634,-0.7805306340293859
bspline:8,short_avg_dm,ols,control,HbR,5,20,0,-0.002744575262527155,0.024189045493651418,2.5553868069337327,0.4451517485495853,5,0.1547176772774055,0.02500988262364262,,,,-0.3912089168011634,-0.7805306340293859
bspline:8,short_avg_sub,ols,Tapping/Left,HbO,5,20,0,0.17340870930795488,0.41737606907312336,6.934420968523698,0.4454620792201781,5,0.17211097207776796,0.006419752065425832,44.491405290723726,123.73567028585215,8.160921898783718,-0.40148190895665836,-0.8311969696384062
bspline:8,short_avg_sub,ols,Tapping/Left,HbR,5,20,0,-0.06765435820448729,0.16756894096430366,6.131100290554459,0.4454620792201781,5,0.17211097207776796,0.006419752065425832,51.56663041561729,123.47503084442191,3.68779871263167,-0.40148190895665836,-0.8311969696384062
bspline:8,short_avg_sub,ols,Tapping/Right,HbO,5,20,0,0.17215645970826385,0.3118321915462646,10.710780350492392,0.4454620792201781,5,0.17211097207776796,0.006419752065425832,131.92680081596555,55.94450203524685,8.535192167627551,-0.40148190895665836,-0.8311969696384062
bspline:8,short_avg_sub,ols,Tapping/Right,HbR,5,20,0,-0.07193411947312131,0.1472468294940401,4.110925572686407,0.4454620792201781,5,0.17211097207776796,0.006419752065425832,132.3609344349231,54.4756614909107,4.115566705894761,-0.40148190895665836,-0.8311969696384062
bspline:8,short_avg_sub,ols,control,HbO,5,20,0,0.00023730766497525034,0.07502890412569654,2.377982828208369,0.4454620792201781,5,0.17211097207776796,0.006419752065425832,,,,-0.40148190895665836,-0.8311969696384062
bspline:8,short_avg_sub,ols,control,HbR,5,20,0,-0.0014488366728092343,0.028992698316903452,2.6954015021106255,0.4454620792201781,5,0.17211097207776796,0.006419752065425832,,,,-0.40148190895665836,-0.8311969696384062
bspline:8,short_maxcorr_dm,ols,Tapping/Left,HbO,5,20,0,0.15411023579568764,0.41450978895944957,6.06018299235063,0.2951419259152834,5,0.13621363932321323,0.02749175563243572,44.491405290723726,123.73567028585215,5.695913586143706,-0.32565900705209805,-0.7703566001245836
bspline:8,short_maxcorr_dm,ols,Tapping/Left,HbR,5,20,0,-0.05684207458212196,0.1530436638707664,10.275936782392272,0.2951419259152834,5,0.13621363932321323,0.02749175563243572,51.56663041561729,123.47503084442191,2.8718417336644504,-0.32565900705209805,-0.7703566001245836
bspline:8,short_maxcorr_dm,ols,Tapping/Right,HbO,5,20,0,0.14845317936203511,0.3349914543343826,6.628261678433165,0.2951419259152834,5,0.13621363932321323,0.02749175563243572,13.266731369440098,102.72525791490989,5.827892295060157,-0.32565900705209805,-0.7703566001245836
bspline:8,short_maxcorr_dm,ols,Tapping/Right,HbR,5,20,0,-0.05056381845875966,0.12246206331552009,7.942124354204752,0.2951419259152834,5,0.13621363932321323,0.02749175563243572,132.3609344349231,54.4756614909107,2.964217206189386,-0.32565900705209805,-0.7703566001245836
bspline:8,short_maxcorr_dm,ols,control,HbO,5,20,0,0.012156361011106325,0.0573666616333526,2.079974610568433,0.2951419259152834,5,0.13621363932321323,0.02749175563243572,,,,-0.32565900705209805,-0.7703566001245836
bspline:8,short_maxcorr_dm,ols,control,HbR,5,20,0,-0.000671633414761559,0.02196848026813983,2.362649451091636,0.2951419259152834,5,0.13621363932321323,0.02749175563243572,,,,-0.32565900705209805,-0.7703566001245836
bspline:8,short_closest_dm,ols,Tapping/Left,HbO,5,20,4,0.1728216006515738,0.3976856660599914,7.701696721535926,0.341374089830791,5,0.12081003456022957,0.02044247883239561,43.88125355959473,119.58357664819592,5.632421458410762,-0.38531505688135154,-0.8053430501571447
bspline:8,short_closest_dm,ols,Tapping/Left,HbR,5,20,1,-0.0565530578547513,0.15560062650311884,9.419932221702172,0.341374089830791,5,0.12081003456022957,0.02044247883239561,51.56663041561729,123.47503084442191,2.8833808076575806,-0.38531505688135154,-0.8053430501571447
bspline:8,short_closest_dm,ols,Tapping/Right,HbO,5,20,2,0.1441029492961254,0.2705468315870365,10.184227411211438,0.341374089830791,5,0.12081003456022957,0.02044247883239561,131.92680081596555,55.94450203524685,5.787597899989975,-0.38531505688135154,-0.8053430501571447
bspline:8,short_closest_dm,ols,Tapping/Right,HbR,5,20,2,-0.05304292062488648,0.12636872199128008,11.923039517145956,0.341374089830791,5,0.12081003456022957,0.02044247883239561,132.3609344349231,54.4756614909107,3.065183638805854,-0.38531505688135154,-0.8053430501571447
bspline:8,short_closest_dm,ols,control,HbO,5,20,0,0.01664594545264656,0.07970223310526203,4.0028980369358145,0.341374089830791,5,0.12081003456022957,0.02044247883239561,,,,-0.38531505688135154,-0.8053430501571447
bspline:8,short_closest_dm,ols,control,HbR,5,20,0,-0.0026098979652375886,0.022701821231810505,2.0222873037404625,0.341374089830791,5,0.12081003456022957,0.02044247883239561,,,,-0.38531505688135154,-0.8053430501571447
dct:0.02,none,ols,Tapping/Left,HbO,5,20,4,0.2621140123025121,0.4789922094875596,14.673899869755815,0.35911547536353905,5,0.15123937962375122,0.001333546465781682,44.491405290723726,123.73567028585215,9.95369690582964,-0.29478540577821244,-0.7450865281388341
dct:0.02,none,ols,Tapping/Left,HbR,5,20,0,-0.06002340279601419,0.1469373470516751,6.268730446288006,0.35911547536353905,5,0.15123937962375122,0.001333546465781682,51.56663041561729,123.47503084442191,3.32723291511918,-0.29478540577821244,-0.7450865281388341
dct:0.02,none,ols,Tapping/Right,HbO,5,20,1,0.1908866294264529,0.33038642977374166,7.972911697830629,0.35911547536353905,5,0.15123937962375122,0.001333546465781682,129.7380244941875,48.996650975477166,7.370793082270121,-0.29478540577821244,-0.7450865281388341
dct:0.02,none,ols,Tapping/Right,HbR,5,20,0,-0.05864524970003243,0.1335650475012377,5.192646852395754,0.35911547536353905,5,0.15123937962375122,0.001333546465781682,131.92680081596555,55.94450203524685,3.526335303097631,-0.29478540577821244,-0.7450865281388341
dct:0.02,none,ols,control,HbO,5,20,0,-0.007241959258758307,0.03103981333138277,2.7265750913590905,0.35911547536353905,5,0.15123937962375122,0.001333546465781682,,,,-0.29478540577821244,-0.7450865281388341
dct:0.02,none,ols,control,HbR,5,20,0,-0.001638269162593762,0.024633514859883007,1.48393205108873,0.35911547536353905,5,0.15123937962375122,0.001333546465781682,,,,-0.29478540577821244,-0.7450865281388341
dct:0.02,global_dm,ols,Tapping/Left,HbO,5,20,0,-2.643718577388654e-16,0.17077942620350303,4.325321934314324,0.5755489388710889,5,0.11359220306138487,0.026913887536249004,19.615029189795187,102.19059756355716,2.864931273511587,-0.29361619748364254,-0.3800381796130289
dct:0.02,global_dm,ols,Tapping/Left,HbR,5,20,0,3.053113317719181e-17,0.10044256958739314,3.919845204092557,0.5755489388710889,5,0.11359220306138487,0.026913887536249004,48.2810572282779,132.19528546105843,1.5808776829590874,-0.29361619748364254,-0.3800381796130289
dct:0.02,global_dm,ols,Tapping/Right,HbO,5,20,0,2.1614654510671015e-16,0.1385130421253744,3.5612531925960536,0.5755489388710889,5,0.11359220306138487,0.026913887536249004,12.359573185138313,104.76649771810031,2.8499411667941827,-0.29361619748364254,-0.3800381796130289
dct:0.02,global_dm,ols,Tapping/Right,HbR,5,20,0,1.5161483180037295e-16,0.12102168089815213,3.7764451964659127,0.5755489388710889,5,0.11359220306138487,0.026913887536249004,56.489649365659346,110.23717889116303,1.9774895480666905,-0.29361619748364254,-0.3800381796130289
dct:0.02,global_dm,ols,control,HbO,5,20,0,5.663872149064275e-17,0.02129480290484557,5.662729060844697,0.5755489388710889,5,0.11359220306138487,0.026913887536249004,,,,-0.29361619748364254,-0.3800381796130289
dct:0.02,global_dm,ols,control,HbR,5,20,0,9.978996795556583e-17,0.024489173395482712,2.286013461425113,0.5755489388710889,5,0.11359220306138487,0.026913887536249004,,,,-0.29361619748364254,-0.3800381796130289
dct:0.02,short_avg_dm,ols,Tapping/Left,HbO,5,20,0,0.1646498616075786,0.3807233093558685,6.693950513108956,0.35268288291265276,5,0.14310184758945793,0.002877512232430268,44.491405290723726,123.73567028585215,7.383846373085048,-0.3770922669864964,-0.7631203459082572
dct:0.02,short_avg_dm,ols,Tapping/Left,HbR,5,20,0,-0.05347279860023735,0.14108177762356586,3.505937401791186,0.35268288291265276,5,0.14310184758945793,0.002877512232430268,51.56663041561729,123.47503084442191,3.1465696714312226,-0.3770922669864964,-0.7631203459082572
dct:0.02,short_avg_dm,ols,Tapping/Right,HbO,5,20,0,0.14916744687010014,0.28284922155167147,10.765454494005882,0.35268288291265276,5,0.14310184758945793,0.002877512232430268,129.7380244941875,48.996650975477166,6.409670570218441,-0.3770922669864964,-0.7631203459082572
dct:0.02,short_avg_dm,ols,Tapping/Right,HbR,5,20,0,-0.05210824662304777,0.1200824157266774,5.134147260646289,0.35268288291265276,5,0.14310184758945793,0.002877512232430268,131.92680081596555,55.94450203524685,3.312912327457898,-0.3770922669864964,-0.7631203459082572
dct:0.02,short_avg_dm,ols,control,HbO,5,20,0,-0.0028830466072764325,0.024167377768520137,4.013763117829925,0.35268288291265276,5,0.14310184758945793,0.002877512232430268,,,,-0.3770922669864964,-0.7631203459082572
dct:0.02,short_avg_dm,ols,control,HbR,5,20,0,-0.0017685967692484793,0.016822247615321247,1.4759942367960843,0.35268288291265276,5,0.14310184758945793,0.002877512232430268,,,,-0.3770922669864964,-0.7631203459082572
dct:0.02,short_avg_sub,ols,Tapping/Left,HbO,5,20,0,0.14933387590867236,0.3819054597536593,6.261457049041644,0.38725692822952523,5,0.14658540289898842,-0.01924909773303396,44.491405290723726,123.73567028585215,6.407804745256277,-0.42566149614308446,-0.8134472424641647
dct:0.02,short_avg_sub,ols,Tapping/Left,HbR,5,20,0,-0.07187126234578203,0.16557514983728078,4.254660632356255,0.38725692822952523,5,0.14658540289898842,-0.01924909773303396,51.56663041561729,123.47503084442191,3.9498176471545996,-0.42566149614308446,-0.8134472424641647
dct:0.02,short_avg_sub,ols,Tapping/Right,HbO,5,20,0,0.19188400252256363,0.3021135964662466,7.557451699432883,0.38725692822952523,5,0.14658540289898842,-0.01924909773303396,129.7380244941875,48.996650975477166,8.261623491985263,-0.42566149614308446,-0.8134472424641647
dct:0.02,short_avg_sub,ols,Tapping/Right,HbR,5,20,0,-0.0719015228612633,0.14528672239061463,5.134441775641543,0.38725692822952523,5,0.14658540289898842,-0.01924909773303396,131.92680081596555,55.94450203524685,4.1967339842878495,-0.42566149614308446,-0.8134472424641647
dct:0.02,short_avg_sub,ols,control,HbO,5,20,0,-0.012380726653821249,0.03972223167267016,3.1911751085998756,0.38725692822952523,5,0.14658540289898842,-0.01924909773303396,,,,-0.42566149614308446,-0.8134472424641647
dct:0.02,short_avg_sub,ols,control,HbR,5,20,0,0.003510397425262899,0.01606826198427011,1.907219877955273,0.38725692822952523,5,0.14658540289898842,-0.01924909773303396,,,,-0.42566149614308446,-0.8134472424641647
dct:0.02,short_maxcorr_dm,ols,Tapping/Left,HbO,5,20,1,0.17781445435070073,0.4090008470514297,12.442238304454238,0.3100102649015633,5,0.12926113500688455,0.00754888333897491,44.491405290723726,123.73567028585215,6.471057476150135,-0.31634619954483817,-0.7443293856854485
dct:0.02,short_maxcorr_dm,ols,Tapping/Left,HbR,5,20,0,-0.05667393929085224,0.14594862213797377,4.281767502792915,0.3100102649015633,5,0.12926113500688455,0.00754888333897491,51.56663041561729,123.47503084442191,3.075129125897174,-0.31634619954483817,-0.7443293856854485
dct:0.02,short_maxcorr_dm,ols,Tapping/Right,HbO,5,20,0,0.16243295190718945,0.3408411525402851,6.129109397510159,0.3100102649015633,5,0.12926113500688455,0.00754888333897491,129.7380244941875,48.996650975477166,5.919920555140368,-0.31634619954483817,-0.7443293856854485
dct:0.02,short_maxcorr_dm,ols,Tapping/Right,HbR,5,20,0,-0.055509249776497335,0.12853379318916108,5.196510108650198,0.3100102649015633,5,0.12926113500688455,0.00754888333897491,131.92680081596555,55.94450203524685,3.216334475346687,-0.31634619954483817,-0.7443293856854485
dct:0.02,short_maxcorr_dm,ols,control,HbO,5,20,0,-0.005452155972467848,0.025464429535093112,5.145516242922413,0.3100102649015633,5,0.12926113500688455,0.00754888333897491,,,,-0.31634619954483817,-0.7443293856854485
dct:0.02,short_maxcorr_dm,ols,control,HbR,5,20,0,-0.0007174057050456401,0.014138849629592234,1.5730844586624753,0.3100102649015633,5,0.12926113500688455,0.00754888333897491,,,,-0.31634619954483817,-0.7443293856854485
dct:0.02,short_closest_dm,ols,Tapping/Left,HbO,5,20,2,0.19550988662162413,0.40768498128837544,10.234129585619362,0.32682819684659814,5,0.12557062775894354,-0.0008814323732785068,43.88125355959473,119.58357664819592,6.555786145638403,-0.3613688307831875,-0.8023039512048381
dct:0.02,short_closest_dm,ols,Tapping/Left,HbR,5,20,0,-0.05772412331673775,0.1473246450160459,5.409133118421479,0.32682819684659814,5,0.12557062775894354,-0.0008814323732785068,51.56663041561729,123.47503084442191,3.0771479247556544,-0.3613688307831875,-0.8023039512048381
dct:0.02,short_closest_dm,ols,Tapping/Right,HbO,5,20,1,0.16232057020132018,0.27453077863684794,9.034090599108138,0.32682819684659814,5,0.12557062775894354,-0.0008814323732785068,123.47503084442191,51.56663041561729,5.832178281157267,-0.3613688307831875,-0.8023039512048381
dct:0.02,short_closest_dm,ols,Tapping/Right,HbR,5,20,0,-0.05631307338205736,0.1312242962210097,5.2347521654144815,0.32682819684659814,5,0.12557062775894354,-0.0008814323732785068,131.92680081596555,55.94450203524685,3.2185619188122656,-0.3613688307831875,-0.8023039512048381
dct:0.02,short_closest_dm,ols,control,HbO,5,20,0,-0.0031208154174244803,0.022525567338342527,6.6068810838768135,0.32682819684659814,5,0.12557062775894354,-0.0008814323732785068,,,,-0.3613688307831875,-0.8023039512048381
dct:0.02,short_closest_dm,ols,control,HbR,5,20,0,-0.0012199205962090123,0.012918687140181042,1.2844205677169724,0.32682819684659814,5,0.12557062775894354,-0.0008814323732785068,,,,-0.3613688307831875,-0.8023039512048381
none,none,ar_irls,Tapping/Left,HbO,5,20,11,0.25202578283257615,0.42831259425129053,16.417544710982167,0.26201638450535497,5,0.09155488938383882,-0.023228560996620545,48.996650975477166,129.7380244941875,9.012359765368025,-0.12209405063619877,-0.42962990343913937
none,none,ar_irls,Tapping/Left,HbR,5,20,1,-0.027888508345568608,0.0730667806934685,9.486725312382653,0.26201638450535497,5,0.09155488938383882,-0.023228560996620545,43.88125355959473,119.58357664819592,1.4872575818006275,-0.12209405063619877,-0.42962990343913937
none,none,ar_irls,Tapping/Right,HbO,5,20,2,0.18180905695687602,0.30329960286252355,6.311573838117265,0.26201638450535497,5,0.09155488938383882,-0.023228560996620545,129.7380244941875,48.996650975477166,7.388426056616952,-0.12209405063619877,-0.42962990343913937
none,none,ar_irls,Tapping/Right,HbR,5,20,0,-0.02530663562086144,0.07265373993081238,3.0007324494271725,0.26201638450535497,5,0.09155488938383882,-0.023228560996620545,131.92680081596555,55.94450203524685,1.6748064703299173,-0.12209405063619877,-0.42962990343913937
none,none,ar_irls,control,HbO,5,20,0,0.0012523028900025559,0.02030202332919324,1.2991200101076499,0.26201638450535497,5,0.09155488938383882,-0.023228560996620545,,,,-0.12209405063619877,-0.42962990343913937
none,none,ar_irls,control,HbR,5,20,0,-0.0005414913501358505,0.01270186005704968,1.5660784759168618,0.26201638450535497,5,0.09155488938383882,-0.023228560996620545,,,,-0.12209405063619877,-0.42962990343913937
none,short_avg_dm,ar_irls,Tapping/Left,HbO,5,20,0,0.14887716931504877,0.3023063281919839,9.36704540749489,0.2935539263526704,5,0.09049763140221577,-0.022838111874659783,48.996650975477166,129.7380244941875,7.157928677902632,-0.09966383257197425,-0.4854916268423288
none,short_avg_dm,ar_irls,Tapping/Left,HbR,5,20,0,-0.027615532280225712,0.08134878705015558,6.406969272960332,0.2935539263526704,5,0.09049763140221577,-0.022838111874659783,43.88125355959473,119.58357664819592,1.4857087360351315,-0.09966383257197425,-0.4854916268423288
none,short_avg_dm,ar_irls,Tapping/Right,HbO,5,20,0,0.10501194602628168,0.204495810738142,5.235399071669786,0.2935539263526704,5,0.09049763140221577,-0.022838111874659783,129.7380244941875,48.996650975477166,6.195923029749181,-0.09966383257197425,-0.4854916268423288
none,short_avg_dm,ar_irls,Tapping/Right,HbR,5,20,0,-0.024837029496535587,0.07008015802942291,2.8692997105353064,0.2935539263526704,5,0.09049763140221577,-0.022838111874659783,131.92680081596555,55.94450203524685,1.6573278668006746,-0.09966383257197425,-0.4854916268423288
none,short_avg_dm,ar_irls,control,HbO,5,20,0,-0.006999807424058467,0.024722345389217117,1.9162640382507103,0.2935539263526704,5,0.09049763140221577,-0.022838111874659783,,,,-0.09966383257197425,-0.4854916268423288
none,short_avg_dm,ar_irls,control,HbR,5,20,0,-9.735108109567974e-06,0.012232606869117018,1.4989385661947658,0.2935539263526704,5,0.09049763140221577,-0.022838111874659783,,,,-0.09966383257197425,-0.4854916268423288
none,short_avg_sub,ar_irls,Tapping/Left,HbO,5,20,0,0.09021229856948915,0.2476742021763474,2.958584615967123,0.26875543910003,5,0.07044315182393959,-0.0412662512283465,48.2810572282779,132.19528546105843,3.51094338943419,-0.2410812696241466,-0.551469549645403
none,short_avg_sub,ar_irls,Tapping/Left,HbR,5,20,0,-0.03835469468878777,0.09095590769243869,7.1314786826574785,0.26875543910003,5,0.07044315182393959,-0.0412662512283465,51.56663041561729,123.47503084442191,2.0168066230077986,-0.2410812696241466,-0.551469549645403
none,short_avg_sub,ar_irls,Tapping/Right,HbO,5,20,0,0.12074579156786391,0.2301142432512393,3.7586525447423758,0.26875543910003,5,0.07044315182393959,-0.0412662512283465,129.7380244941875,48.996650975477166,5.918843892536406,-0.2410812696241466,-0.551469549645403
none,short_avg_sub,ar_irls,Tapping/Right,HbR,5,20,0,-0.033969287232814845,0.0807760875134218,2.6598239518076223,0.26875543910003,5,0.07044315182393959,-0.0412662512283465,131.92680081596555,55.94450203524685,2.107061461884951,-0.2410812696241466,-0.551469549645403
none,short_avg_sub,ar_irls,control,HbO,5,20,0,-0.013693835558821383,0.03707626866140866,2.062358847090554,0.26875543910003,5,0.07044315182393959,-0.0412662512283465,,,,-0.2410812696241466,-0.551469549645403
none,short_avg_sub,ar_irls,control,HbR,5,20,0,0.0025898564596927693,0.01161905296548774,2.1292523855336927,0.26875543910003,5,0.07044315182393959,-0.0412662512283465,,,,-0.2410812696241466,-0.551469549645403
butter:0.01,none,ar_irls,Tapping/Left,HbO,5,20,10,0.2360970751550584,0.41895061186117905,10.588043349892803,0.2652707361499803,5,0.1220332019186226,-0.008914088790266533,48.2810572282779,132.19528546105843,8.912723641390569,-0.18353103375943527,-0.6222088746190474
butter:0.01,none,ar_irls,Tapping/Left,HbR,5,20,1,-0.03936337580544717,0.10234174971215562,25.93339409934829,0.2652707361499803,5,0.1220332019186226,-0.008914088790266533,43.88125355959473,119.58357664819592,2.236932606632242,-0.18353103375943527,-0.6222088746190474
butter:0.01,none,ar_irls,Tapping/Right,HbO,5,20,3,0.18376461303962918,0.32466554460911884,11.867053913955486,0.2652707361499803,5,0.1220332019186226,-0.008914088790266533,129.7380244941875,48.996650975477166,7.163030834317902,-0.18353103375943527,-0.6222088746190474
butter:0.01,none,ar_irls,Tapping/Right,HbR,5,20,0,-0.036133775739136675,0.09655933487471548,3.784415870369912,0.2652707361499803,5,0.1220332019186226,-0.008914088790266533,123.47503084442191,51.56663041561729,2.280708596767891,-0.18353103375943527,-0.6222088746190474
butter:0.01,none,ar_irls,control,HbO,5,20,0,0.009989196906329507,0.028662779708669105,2.233302617611963,0.2652707361499803,5,0.1220332019186226,-0.008914088790266533,,,,-0.18353103375943527,-0.6222088746190474
butter:0.01,none,ar_irls,control,HbR,5,20,0,-8.707469891300413e-05,0.01136091526298737,2.205112538949501,0.2652707361499803,5,0.1220332019186226,-0.008914088790266533,,,,-0.18353103375943527,-0.6222088746190474
butter:0.01,short_avg_dm,ar_irls,Tapping/Left,HbO,5,20,1,0.15592708910448141,0.3168650213174676,9.578281946299093,0.3184227419994765,5,0.10623559424631394,-0.013942170166334672,48.2810572282779,132.19528546105843,7.4213515603988895,-0.25969318826576404,-0.6148003357451846
butter:0.01,short_avg_dm,ar_irls,Tapping/Left,HbR,5,20,1,-0.038164835511312736,0.10144183154822328,24.64569723794547,0.3184227419994765,5,0.10623559424631394,-0.013942170166334672,43.88125355959473,119.58357664819592,2.248050984607178,-0.25969318826576404,-0.6148003357451846
butter:0.01,short_avg_dm,ar_irls,Tapping/Right,HbO,5,20,0,0.11452689770056775,0.2126170673537937,6.0235237634498375,0.3184227419994765,5,0.10623559424631394,-0.013942170166334672,129.7380244941875,48.996650975477166,6.145923067000837,-0.25969318826576404,-0.6148003357451846
butter:0.01,short_avg_dm,ar_irls,Tapping/Right,HbR,5,20,0,-0.035020371834455846,0.09633696090540607,3.8407024336785622,0.3184227419994765,5,0.10623559424631394,-0.013942170166334672,123.47503084442191,51.56663041561729,2.3029229523281365,-0.25969318826576404,-0.6148003357451846
butter:0.01,short_avg_dm,ar_irls,control,HbO,5,20,0,-0.002053360098781297,0.03148357435960268,1.771491947279422,0.3184227419994765,5,0.10623559424631394,-0.013942170166334672,,,,-0.25969318826576404,-0.6148003357451846
butter:0.01,short_avg_dm,ar_irls,control,HbR,5,20,0,-0.00018471928329461535,0.010937714737190235,2.1880371143383748,0.3184227419994765,5,0.10623559424631394,-0.013942170166334672,,,,-0.25969318826576404,-0.6148003357451846
butter:0.01,short_avg_sub,ar_irls,Tapping/Left,HbO,5,20,0,0.115129687975104,0.26756197324886927,4.926190470056461,0.360601754800319,5,0.09689072115902883,-0.018020773808745116,51.56663041561729,123.47503084442191,6.4264226933413,-0.3458634277705124,-0.7396661673958783
butter:0.01,short_avg_sub,ar_irls,Tapping/Left,HbR,5,20,0,-0.04738884967284287,0.11370321220988724,10.479185047143913,0.360601754800319,5,0.09689072115902883,-0.018020773808745116,49.073074934432164,129.76985776725135,2.660281866233548,-0.3458634277705124,-0.7396661673958783
butter:0.01,short_avg_sub,ar_irls,Tapping/Right,HbO,5,20,0,0.1431209009386765,0.26305876879123985,5.656629728496164,0.360601754800319,5,0.09689072115902883,-0.018020773808745116,129.7380244941875,48.996650975477166,7.848954758453477,-0.3458634277705124,-0.7396661673958783
butter:0.01,short_avg_sub,ar_irls,Tapping/Right,HbR,5,20,0,-0.04556942639843076,0.10308993466553407,3.784032780270651,0.360601754800319,5,0.09689072115902883,-0.018020773808745116,123.47503084442191,51.56663041561729,2.6396045544741313,-0.3458634277705124,-0.7396661673958783
butter:0.01,short_avg_sub,ar_irls,control,HbO,5,20,0,-0.015139524084837635,0.03422039901131358,2.6396588950660758,0.360601754800319,5,0.09689072115902883,-0.018020773808745116,,,,-0.3458634277705124,-0.7396661673958783
butter:0.01,short_avg_sub,ar_irls,control,HbR,5,20,0,0.0021582453615225806,0.010967076479317005,2.5234305775491666,0.360601754800319,5,0.09689072115902883,-0.018020773808745116,,,,-0.3458634277705124,-0.7396661673958783
poly:3,none,ar_irls,Tapping/Left,HbO,5,20,6,0.24201331847122995,0.4360716256297074,11.89400632755633,0.3222829997229423,5,0.10145303668347355,-0.013475065473585845,48.996650975477166,129.7380244941875,8.897141583310837,-0.07682025806702328,-0.5289239912979781
poly:3,none,ar_irls,Tapping/Left,HbR,5,20,1,-0.03296488697389411,0.089397660840425,13.34096383866475,0.3222829997229423,5,0.10145303668347355,-0.013475065473585845,43.88125355959473,119.58357664819592,1.7620635431299188,-0.07682025806702328,-0.5289239912979781
poly:3,none,ar_irls,Tapping/Right,HbO,5,20,0,0.169895210254072,0.3047480720633876,6.037258515935562,0.3222829997229423,5,0.10145303668347355,-0.013475065473585845,129.7380244941875,48.996650975477166,7.1868824678510315,-0.07682025806702328,-0.5289239912979781
poly:3,none,ar_irls,Tapping/Right,HbR,5,20,0,-0.029329487498054814,0.08560999814808683,3.2696160808274,0.3222829997229423,5,0.10145303668347355,-0.013475065473585845,131.92680081596555,55.94450203524685,2.008326555373991,-0.07682025806702328,-0.5289239912979781
poly:3,none,ar_irls,control,HbO,5,20,0,0.012624374856239675,0.03232370850931046,2.025629230330691,0.3222829997229423,5,0.10145303668347355,-0.013475065473585845,,,,-0.07682025806702328,-0.5289239912979781
poly:3,none,ar_irls,control,HbR,5,20,0,0.0013948491693313776,0.013495930850311842,1.6407189090175354,0.3222829997229423,5,0.10145303668347355,-0.013475065473585845,,,,-0.07682025806702328,-0.5289239912979781
poly:3,short_avg_dm,ar_irls,Tapping/Left,HbO,5,20,2,0.14934900116399427,0.31405360065849103,11.153611017428997,0.3174651100505114,5,0.0961413525750936,-0.01312980680666155,48.996650975477166,129.7380244941875,7.149024776598027,-0.11148847929293876,-0.5034078238554643
poly:3,short_avg_dm,ar_irls,Tapping/Left,HbR,5,20,0,-0.030508595860055616,0.0895327250332556,5.626454798493773,0.3174651100505114,5,0.0961413525750936,-0.01312980680666155,43.88125355959473,119.58357664819592,1.7528835510922245,-0.11148847929293876,-0.5034078238554643
poly:3,short_avg_dm,ar_irls,Tapping/Right,HbO,5,20,0,0.10212362192552915,0.19746412932870755,4.819401692916969,0.3174651100505114,5,0.0961413525750936,-0.01312980680666155,129.7380244941875,48.996650975477166,6.1473533214959915,-0.11148847929293876,-0.5034078238554643
poly:3,short_avg_dm,ar_irls,Tapping/Right,HbR,5,20,0,-0.025460173243908656,0.07567144648014854,3.0800769424978673,0.3174651100505114,5,0.0961413525750936,-0.01312980680666155,131.92680081596555,55.94450203524685,2.000055268459341,-0.11148847929293876,-0.5034078238554643
poly:3,short_avg_dm,ar_irls,control,HbO,5,20,0,-0.0025184461775876964,0.02468544810777665,1.8111247805462267,0.3174651100505114,5,0.0961413525750936,-0.01312980680666155,,,,-0.11148847929293876,-0.5034078238554643
poly:3,short_avg_dm,ar_irls,control,HbR,5,20,0,0.0008821469533776903,0.013205286615863326,1.436783253652429,0.3174651100505114,5,0.0961413525750936,-0.01312980680666155,,,,-0.11148847929293876,-0.5034078238554643
poly:3,short_avg_sub,ar_irls,Tapping/Left,HbO,5,20,0,0.10473195595790993,0.2770620748575154,3.392958876567488,0.327385717310517,5,0.08392291543776977,-0.03235658708945233,48.2810572282779,132.19528546105843,4.188292040852146,-0.2658279387906557,-0.6132747265709377
poly:3,short_avg_sub,ar_irls,Tapping/Left,HbR,5,20,0,-0.041507590228272544,0.0975998699898767,8.217671829371483,0.327385717310517,5,0.08392291543776977,-0.03235658708945233,49.073074934432164,129.76985776725135,2.1823784228019516,-0.2658279387906557,-0.6132747265709377
poly:3,short_avg_sub,ar_irls,Tapping/Right,HbO,5,20,0,0.12945383087199508,0.23057773961753844,6.100866722678757,0.327385717310517,5,0.08392291543776977,-0.03235658708945233,129.7380244941875,48.996650975477166,6.260983290004397,-0.2658279387906557,-0.6132747265709377
poly:3,short_avg_sub,ar_irls,Tapping/Right,HbR,5,20,0,-0.03659816708496078,0.08766219453133187,3.569999803186078,0.327385717310517,5,0.08392291543776977,-0.03235658708945233,123.47503084442191,51.56663041561729,2.2573866512503122,-0.2658279387906557,-0.6132747265709377
poly:3,short_avg_sub,ar_irls,control,HbO,5,20,0,-0.020819130455900274,0.04271400935686042,2.8650041982429975,0.327385717310517,5,0.08392291543776977,-0.03235658708945233,,,,-0.2658279387906557,-0.6132747265709377
poly:3,short_avg_sub,ar_irls,control,HbR,5,20,0,0.0033617735181730355,0.01202664722828771,2.497482412677865,0.327385717310517,5,0.08392291543776977,-0.03235658708945233,,,,-0.2658279387906557,-0.6132747265709377
