family,window_s,constellation,motion,noise_model,chromo,n_seeds,n_channels,beta_true_peak,bias_med,absbias_med,var_med,rmse_med,rmse_mean,r2_med,r2_adj_med,resid_rms_med,resid_err_corr,hbo_hbr_corr,hbr_hbo_ratio_med
dct:0.01,90.0,short_avg,wavelet,ar_irls,HbO,4,20,0.5999999999999999,-0.03088214025539998,0.04227499550523506,0.00457527538823365,0.08011459173510371,0.1276291433624976,0.6764371475590458,0.6752313232642349,0.2854624622538604,0.4989037430417877,-0.7579288941780239,-0.5194106848492923
dct:0.005,90.0,short_avg,wavelet,ar_irls,HbO,4,20,0.5999999999999999,-0.03088214025540048,0.04227499567866522,0.004575275368217974,0.08011459173601347,0.1276291433583566,0.676437147559046,0.6756342620691181,0.28546246224977534,0.49890374304820156,-0.757928894147666,-0.5194106848323308
none,90.0,short_avg,wavelet,ar_irls,HbO,4,20,0.5999999999999999,-0.03088214025540048,0.04227499567866522,0.004575275368217974,0.08011459173601347,0.1276291433583566,0.676437147559046,0.6756342620691181,0.28546246224977534,0.49890374304820156,-0.757928894147666,-0.5194106848323308
poly:1,90.0,short_avg,wavelet,ar_irls,HbO,4,20,0.5999999999999999,-0.04578392984562657,0.05125863994800178,0.0033990542657729604,0.08150023449054318,0.12541873233330553,0.658437561924703,0.6571646584287703,0.30467807191416985,0.03127352631914674,-0.6969032455180216,-0.5456596849315591
legendre:1,90.0,short_avg,wavelet,ar_irls,HbO,4,20,0.5999999999999999,-0.04578392984562521,0.0512586399480002,0.0033990542657729664,0.08150023449054367,0.1254187323333061,0.6584375619247018,0.6571646584287689,0.30467807191416485,0.031273526319194486,-0.6969032455180131,-0.5456596849315578
dct:0.02,90.0,short_avg,wavelet,ar_irls,HbO,4,20,0.5999999999999999,-0.03668572310560328,0.04706599418665568,0.004893944367140885,0.08341730558696193,0.16126122941816434,0.7603923970165006,0.7589004443204639,0.26347184394871337,-0.07528926173300518,-0.44124355860104747,-0.5052700789162428
butter:0.01,90.0,short_avg,wavelet,ar_irls,HbO,4,20,0.5999999999999999,-0.04892191641882743,0.05168100949852751,0.006232213019599155,0.08902906836276146,0.14298844663756766,0.24446369973836019,0.24258891983696657,0.48946462562995086,-0.1161850754948113,-0.6661887333017729,-0.5051306916025013
poly:2,90.0,short_maxcorr,wavelet,ar_irls,HbO,4,20,0.5999999999999999,0.023101354748902916,0.03889688573021664,0.005772989089398926,0.09269081897235357,0.11710504652414397,0.7531604200613448,0.7519323624497096,0.2557129791375014,0.04960338552355186,-0.7984750158637065,-0.3900844578467248
poly:3,90.0,global,wavelet,ar_irls,HbO,4,20,0.5999999999999999,-0.017464630251500274,0.037837005564724135,0.005965546817665704,0.09317168234864773,0.10611299885602199,0.7897390040391361,0.7884297823955442,0.1943097572285285,-0.1681862226508099,-0.7886080672864532,-0.47942008652666024
legendre:3,90.0,global,wavelet,ar_irls,HbO,4,20,0.5999999999999999,-0.017464630251505547,0.03783700556472791,0.00596554681766568,0.0931716823486497,0.1061129988560229,0.7897390040391341,0.7884297823955422,0.1943097572285174,-0.16818622265080382,-0.7886080672864506,-0.47942008652667256
dct:0.02,90.0,short_maxcorr,wavelet,ar_irls,HbO,4,20,0.5999999999999999,0.03665952859637997,0.05186837560305435,0.006717036396306151,0.09646138178735647,0.1241931625813929,0.7681512481286681,0.766707607083392,0.2595406969413196,0.10966388607180826,-0.7851297966044314,-0.4004995807827173
poly:1,90.0,short_maxcorr,wavelet,ar_irls,HbO,4,20,0.5999999999999999,0.015480181640686458,0.03779200167599979,0.005289553724369947,0.0979415298503825,0.11635562215125365,0.7614535598397287,0.760564566895032,0.2553532948336831,0.446816290727323,-0.7348259195289125,-0.40477640212059407
legendre:1,90.0,short_maxcorr,wavelet,ar_irls,HbO,4,20,0.5999999999999999,0.01548018164068607,0.037792001676000345,0.005289553724369908,0.09794152985038271,0.11635562215125339,0.7614535598397292,0.7605645668950325,0.25535329483368385,0.4468162907273384,-0.7348259195289103,-0.4047764021205937
dct:0.01,90.0,short_maxcorr,wavelet,ar_irls,HbO,4,20,0.5999999999999999,0.02469863191483651,0.048408956577120826,0.005113408351160815,0.0998010168115486,0.12043187239794143,0.7158664873512497,0.7148076046954159,0.26411955933965275,0.5130009939898241,-0.7516292269456678,-0.4201099208651873
dct:0.005,90.0,short_maxcorr,wavelet,ar_irls,HbO,4,20,0.5999999999999999,0.02469863191480537,0.048408956577104784,0.00511340835115246,0.09980101681346393,0.12043187239040092,0.7158664873506331,0.7151614414135379,0.26411955933965303,0.5130009940361531,-0.7516292269453491,-0.42010992074882336
none,90.0,short_maxcorr,wavelet,ar_irls,HbO,4,20,0.5999999999999999,0.02469863191480537,0.048408956577104784,0.00511340835115246,0.09980101681346393,0.12043187239040092,0.7158664873506331,0.7151614414135379,0.26411955933965303,0.5130009940361531,-0.7516292269453491,-0.42010992074882336
poly:1,90.0,global,wavelet,ar_irls,HbO,4,20,0.5999999999999999,-0.05388044790049093,0.05754415047316487,0.005299891087180962,0.10112316501391168,0.1235042821355012,0.7696635588266643,0.768805162151484,0.2330445676221041,0.2718722249434187,-0.763884337346845,-0.5224619848692249
legendre:1,90.0,global,wavelet,ar_irls,HbO,4,20,0.5999999999999999,-0.05388044790049243,0.057544150473166564,0.00529989108718096,0.10112316501391175,0.12350428213550171,0.7696635588266504,0.7688051621514702,0.2330445676221059,0.2718722249434602,-0.7638843373468558,-0.5224619848692286
bspline:8,90.0,short_maxcorr,wavelet,ar_irls,HbO,4,20,0.5999999999999999,-0.018534098058092946,0.03779324220553222,0.009069146153889249,0.1015601916961624,0.13985115225786873,0.874676174131928,0.8732645165188959,0.1736227689046931,-0.014981031998032183,-0.6239797533482588,-0.2755552388994288
poly:4,90.0,global,wavelet,ar_irls,HbO,4,20,0.5999999999999999,0.00976306115886863,0.043914740249688305,0.0068604284605271616,0.10246224175754007,0.11414291034397554,0.885700828334661,0.884845722312227,0.16866315816938415,-0.0811527921348424,-0.7685349016938622,-0.4763526024785662
legendre:5,90.0,global,wavelet,ar_irls,HbO,4,20,0.5999999999999999,-0.0027947109131550157,0.04927616620238942,0.007675296028474134,0.10308229180339662,0.11949696576229114,0.8885853627112794,0.8876117017112533,0.16563157825476155,-0.12223158159442746,-0.8261818928941055,-0.4928695513300745
poly:5,90.0,global,wavelet,ar_irls,HbO,4,20,0.5999999999999999,-0.002794710913185547,0.049276166202314634,0.007675296028484661,0.10308229180347434,0.11949696576228444,0.888585362711283,0.8876117017112568,0.16563157825476177,-0.12223158159510665,-0.826181892894446,-0.4928695513301441
butter:0.01,90.0,short_maxcorr,wavelet,ar_irls,HbO,4,20,0.5999999999999999,0.020424285321509056,0.03986451313837863,0.006595626235040003,0.10398104987963327,0.1276869607694839,-0.22540473013098306,-0.22844543665736272,0.5939932627007359,0.1501539074196651,-0.705136941596802,-0.4298586761435542
bspline:5,90.0,short_maxcorr,tddr+wavelet,ar_irls,HbO,4,20,0.5999999999999999,-0.05711937460295277,0.06355659768956622,0.004234416823987702,0.10896774907979462,0.1255092074747796,0.8672528452418918,0.8662597243833523,0.13964402479093074,0.5121259037287459,-0.8499631669946317,-0.38666746677183483
bspline:5,90.0,global,wavelet,ar_irls,HbO,4,20,0.5999999999999999,0.008619209288699942,0.05242289728846658,0.006248537770983687,0.10899442354863471,0.11721255088197988,0.8892511768499393,0.8884226320383428,0.17072368650921238,-0.12046422484940454,-0.7753822680420693,-0.49226415886934816
poly:2,90.0,global,wavelet,ar_irls,HbO,4,20,0.5999999999999999,-0.07483462900594465,0.07483462900594465,0.005536179463946591,0.11010182592613212,0.12879901223793794,0.7672751799049529,0.7661173449791069,0.2345740422471369,0.2776382178282051,-0.7243244770505127,-0.5081399078239396
dct:0.02,90.0,global,wavelet,ar_irls,HbO,4,20,0.5999999999999999,-0.05593714922523954,0.05850392506378166,0.006476844213805431,0.11205525626376672,0.12486834915357777,0.8184769326134191,0.8173466519945737,0.19842627209839714,0.1253601497301906,-0.745146531849204,-0.4927808734566837
poly:4,90.0,global,tddr+wavelet,ar_irls,HbO,4,20,0.5999999999999999,-0.07634874694513516,0.08124168222295201,0.004090780852821352,0.11312830528486198,0.12533918442667982,0.8722810440651145,0.8713255406541304,0.14386675597210907,0.025443808803326633,-0.7032372125125042,-0.5021507279992545
poly:3,90.0,short_avg,wavelet,ar_irls,HbO,4,20,0.5999999999999999,-0.018045581488227463,0.04143302990354655,0.004354912362238811,0.11332501325989433,0.15744906005830134,0.7765448480800494,0.7751534710444333,0.24688039551377045,-0.25009836074444497,-0.37464873113664837,-0.5877204595050283
legendre:3,90.0,short_avg,wavelet,ar_irls,HbO,4,20,0.5999999999999999,-0.01804558148822931,0.04143302990354755,0.004354912362238743,0.11332501325989797,0.1574490600583017,0.7765448480800505,0.7751534710444343,0.24688039551377183,-0.25009836074447683,-0.37464873113666336,-0.5877204595050014
dct:0.005,90.0,global,wavelet,ar_irls,HbO,4,20,0.5999999999999999,-0.048464892336707865,0.048464892336707865,0.005787958660094842,0.11461391344562241,0.1221350934563151,0.6331719937581949,0.6322617505665279,0.32118346983051194,0.43357262682429304,-0.7768404211418153,-0.5360488146194007
none,90.0,global,wavelet,ar_irls,HbO,4,20,0.5999999999999999,-0.048464892336707865,0.048464892336707865,0.005787958660094842,0.11461391344562241,0.1221350934563151,0.6331719937581949,0.6322617505665279,0.32118346983051194,0.43357262682429304,-0.7768404211418153,-0.5360488146194007
dct:0.01,90.0,global,wavelet,ar_irls,HbO,4,20,0.5999999999999999,-0.04846489233866538,0.04846489233866538,0.005787958660094712,0.11461391344598018,0.12213509345655293,0.633171993758191,0.6318049328653644,0.321183469830511,0.43357262682413594,-0.7768404211399897,-0.5360488146259885
bspline:5,90.0,global,tddr+wavelet,ar_irls,HbO,4,20,0.5999999999999999,-0.06511182907674268,0.07220957363503527,0.005320868547790691,0.11557250770539076,0.12404628296710903,0.8677302887921672,0.8667407398305125,0.1475060345581879,0.053898735721043076,-0.7072990185218473,-0.507545810003439
legendre:3,90.0,short_maxcorr,tddr+wavelet,ar_irls,HbO,4,20,0.5999999999999999,-0.07780207756660229,0.07780207756660229,0.0041364136345678265,0.11909570850389621,0.1368522311395513,0.8400126496948754,0.8390164644501361,0.15165814843131667,0.3788694254104705,-0.7380210981065791,-0.3624021677782623
poly:3,90.0,short_maxcorr,tddr+wavelet,ar_irls,HbO,4,20,0.5999999999999999,-0.0778020775666011,0.0778020775666011,0.004136413634567916,0.11909570850389642,0.13685223113955167,0.8400126496948761,0.8390164644501369,0.15165814843131697,0.3788694254106076,-0.7380210981065833,-0.3624021677782656
poly:4,90.0,short_avg,wavelet,ar_irls,HbO,4,20,0.5999999999999999,-0.03425207552965662,0.049529611220003975,0.009417422021531747,0.12104288519895008,0.1505333797112699,0.8404105776770435,0.839216641849191,0.2069283221961218,-0.20042030588814422,-0.3395348846922578,-0.5869778244790921
poly:4,90.0,short_maxcorr,tddr+wavelet,ar_irls,HbO,4,20,0.5999999999999999,-0.06512822646419733,0.07070265775205509,0.0037215304303363657,0.12153704289649424,0.1266208327808643,0.8667901302944947,0.8657935477281193,0.1396221143446036,0.47259841824353804,-0.8373445379209161,-0.3820985090791133
bspline:5,90.0,short_avg,wavelet,ar_irls,HbO,4,20,0.5999999999999999,-0.02665825057170837,0.04925678561206673,0.008846380083632243,0.12257494860925966,0.14561602234600862,0.8484528812977628,0.8473191123299155,0.19628250612394862,-0.1788832163059853,-0.42323846318526964,-0.5802966767095117
butter:0.01,90.0,global,wavelet,ar_irls,HbO,4,20,0.5999999999999999,-0.05948889683991507,0.05948889683991507,0.00973484195497137,0.12352005355491083,0.14179496918099949,0.4843963296206494,0.4831169160465071,0.39272001447395577,0.09329350365806646,-0.8099975029931207,-0.5605504874024566
poly:2,90.0,short_avg,wavelet,ar_irls,HbO,4,20,0.5999999999999999,-0.04672751443463671,0.055011024186841756,0.0039124083765608815,0.12458954901678551,0.16972255386661853,0.7547055638054403,0.7534851934761142,0.2467576918508622,0.0005461595975441365,-0.4976449448875396,-0.4831412323929758
legendre:5,90.0,short_maxcorr,tddr+wavelet,ar_irls,HbO,4,20,0.5999999999999999,-0.04378646087644379,0.06505075569280641,0.0060124494964936305,0.12846465354875258,0.13359143598650897,0.8707581174290775,0.8696286627748996,0.13532137181491677,0.027519070645323662,-0.8622893769860485,-0.3623913860476381
poly:5,90.0,short_maxcorr,tddr+wavelet,ar_irls,HbO,4,20,0.5999999999999999,-0.04378646087641479,0.06505075569281171,0.006012449496494043,0.12846465354876313,0.13359143598651613,0.8707581174290767,0.8696286627748988,0.13532137181491713,0.027519070645941213,-0.8622893769860239,-0.3623913860476563
legendre:5,90.0,global,tddr+wavelet,ar_irls,HbO,4,20,0.5999999999999999,-0.09681851513390094,0.09681851513390094,0.007380170181124884,0.1287195440232317,0.13963418022474694,0.8788139162176427,0.8777548618025659,0.14505617185756392,-0.05313438073396224,-0.7544355576729899,-0.47228706708805607
poly:5,90.0,global,tddr+wavelet,ar_irls,HbO,4,20,0.5999999999999999,-0.096818515133916,0.096818515133916,0.0073801701811248,0.12871954402324967,0.13963418022475987,0.8788139162176469,0.8777548618025702,0.14505617185756425,-0.05313438073553235,-0.7544355576731776,-0.4722870670880741
bspline:8,90.0,short_avg,wavelet,ar_irls,HbO,4,20,0.5999999999999999,-0.04749476725204385,0.06753567835555446,0.012538603263342189,0.12885264289590787,0.18210002952272208,0.8728837163197501,0.8714518683183456,0.19357754283141468,-0.2683581513382847,-0.361227907535645,-0.4080444970902125
bspline:5,90.0,short_avg,tddr+wavelet,ar_irls,HbO,4,20,0.5999999999999999,-0.07877745580723595,0.07877745580723595,0.008382027829187488,0.13037521572549315,0.14725464161575358,0.8414157517187988,0.8402293358962462,0.17416683962821355,-0.05305893154436389,-0.770692644266614,-0.5189848351618886
bspline:5,90.0,baseline,tddr+wavelet,ar_irls,HbO,4,20,0.5999999999999999,-0.0228173161464352,0.053345809971028835,0.01314552386941687,0.13041067687251118,0.16920650626125572,-0.3780614340247659,-0.3866421403387432,0.45601333011121226,0.15158700191632948,-0.6195009524893262,-0.3861787234410553
legendre:3,90.0,short_maxcorr,wavelet,ar_irls,HbO,4,20,0.5999999999999999,0.06067449879124291,0.07023641444377339,0.005519811860804678,0.1314099130938357,0.1428607057233509,0.8013074312926558,0.8000702421973422,0.22624799959526976,0.01809964103605081,-0.7725442109250709,-0.3789525049777105
poly:3,90.0,short_maxcorr,wavelet,ar_irls,HbO,4,20,0.5999999999999999,0.06067449879124605,0.07023641444377247,0.0055198118608040326,0.131409913093836,0.14286070572335263,0.8013074312926459,0.8000702421973325,0.2262479995952755,0.01809964103609848,-0.7725442109250822,-0.3789525049777138
poly:4,90.0,short_avg,tddr+wavelet,ar_irls,HbO,4,20,0.5999999999999999,-0.08205969560779564,0.08205969560779564,0.008573900072223027,0.13188986110875003,0.1489913697910563,0.8418565355532432,0.8406734173653623,0.1730603433100351,0.09224859787395716,-0.783865522134611,-0.49134801011779816
dct:0.02,90.0,short_maxcorr,tddr+wavelet,ar_irls,HbO,4,20,0.5999999999999999,-0.09976111035503837,0.09976111035503837,0.0029581463522124173,0.13574711816476467,0.13691409832782483,0.8228841485344622,0.821781310106906,0.15140884669481758,0.2429144221193252,-0.741539502474117,-0.3405935066370662
poly:4,90.0,baseline,tddr+wavelet,ar_irls,HbO,4,20,0.5999999999999999,-0.04013582174802749,0.06243497087950489,0.013242727064381746,0.13945588945493892,0.16629615598098563,-0.31438862309507176,-0.3225728610969092,0.48226041869449665,0.3322565449716377,-0.627684578216679,-0.37521256151076743
poly:5,90.0,short_avg,wavelet,ar_irls,HbO,4,20,0.5999999999999999,-0.030710680160616635,0.05625340104840809,0.010032397464543697,0.14449284644519317,0.16092499984247113,0.8474719316539396,0.8461389772489178,0.20647550590061578,-0.21459738704247522,-0.3586128798866769,-0.6036585173762455
legendre:5,90.0,short_avg,wavelet,ar_irls,HbO,4,20,0.5999999999999999,-0.03071068016058466,0.05625340104833726,0.010032397464555302,0.1444928464453094,0.1609249998424781,0.847471931653926,0.8461389772489041,0.20647550590062497,-0.21459738704577622,-0.3586128798870259,-0.603658517376082
poly:5,90.0,short_maxcorr,wavelet,ar_irls,HbO,4,20,0.5999999999999999,0.10268202858280605,0.10959157886207961,0.005068446635340661,0.14506943383768928,0.16364495387855882,0.8608977814389602,0.8596821565576527,0.19036999610311145,-0.06989621036516487,-0.7093055262450861,-0.37735896656844137
legendre:5,90.0,short_maxcorr,wavelet,ar_irls,HbO,4,20,0.5999999999999999,0.10268202858274146,0.10959157886212077,0.005068446635341563,0.14506943383780624,0.16364495387857342,0.8608977814389676,0.8596821565576602,0.19036999610310934,-0.0698962103637327,-0.7093055262451715,-0.3773589665684465
dct:0.02,90.0,baseline,tddr+wavelet,ar_irls,HbO,4,20,0.5999999999999999,-0.062273284480944935,0.06694049794855397,0.01297319415666007,0.14527245586588455,0.16776424969160347,-0.12953854227011208,-0.13515813700777435,0.40531823730789573,0.05991247731955694,-0.7293663095726991,-0.2891073380621345
poly:2,90.0,baseline,tddr+wavelet,ar_irls,HbO,4,20,0.5999999999999999,-0.0760542125331315,0.08236747788487782,0.012392368975082755,0.14859384636635994,0.17349677873409922,-0.22535850466158003,-0.22992505809510133,0.4300231264516,0.11684267747107893,-0.6851409269309336,-0.26208835193872004
poly:2,90.0,short_maxcorr,tddr+wavelet,ar_irls,HbO,4,20,0.5999999999999999,-0.10330187999156873,0.10330187999156873,0.00227077472679547,0.15088384788376993,0.1504624338743013,0.8233305473367354,0.8224515948359232,0.15638223555992747,0.4127291565417139,-0.7206714090946008,-0.3118068494634692
legendre:3,90.0,global,tddr+wavelet,ar_irls,HbO,4,20,0.5999999999999999,-0.10666697891699675,0.10666697891699675,0.004013803434703447,0.15219319341936546,0.14178456427171063,0.7941543091433481,0.7928725800595582,0.1648571146685508,0.0051644116040866096,-0.6901631259385133,-0.5158954446570094
poly:3,90.0,global,tddr+wavelet,ar_irls,HbO,4,20,0.5999999999999999,-0.10666697891699817,0.10666697891699817,0.004013803434701504,0.1521931934193677,0.14178456427171054,0.7941543091433514,0.7928725800595615,0.16485711466855313,0.00516441160445322,-0.6901631259385145,-0.5158954446569997
butter:0.01,90.0,short_maxcorr,tddr+wavelet,ar_irls,HbO,4,20,0.5999999999999999,-0.08914007985397732,0.08914007985397732,0.0027284622997548196,0.15700978548978262,0.16039701767494124,0.7017958625394708,0.7010559019006108,0.1940904041138803,-0.13211080810731007,-0.5281235116808826,-0.3658818172596695
poly:4,90.0,short_maxcorr,wavelet,ar_irls,HbO,4,20,0.5999999999999999,0.08367619547079924,0.08523889969795233,0.005619854840381245,0.15816654423962961,0.15855965945764058,0.8573259879582973,0.8562586013345439,0.1905109670424086,0.12021277271776311,-0.7535714968622832,-0.3985400622159735
legendre:3,90.0,short_avg,tddr+wavelet,ar_irls,HbO,4,20,0.5999999999999999,-0.08502716021584947,0.08502716021584947,0.010211601679120977,0.15917689422699688,0.16181667365213306,0.7709434183891966,0.769517163211047,0.19594258682048485,0.07298501780621826,-0.558781733691715,-0.44260981998418586
poly:3,90.0,short_avg,tddr+wavelet,ar_irls,HbO,4,20,0.5999999999999999,-0.08502716021584997,0.08502716021584997,0.010211601679120767,0.15917689422699838,0.1618166736521328,0.7709434183891969,0.7695171632110474,0.195942586820485,0.07298501780616068,-0.5587817336916897,-0.4426098199841968
legendre:1,90.0,short_avg,tddr+wavelet,ar_irls,HbO,4,20,0.5999999999999999,-0.1368992912733317,0.1368992912733317,0.007131768462114611,0.1595881083537179,0.1772667009930537,0.6045537083746947,0.60307999548665,0.24810572979718698,-0.03867269212948496,-0.2922520265367117,-0.45554113487820913
poly:1,90.0,short_avg,tddr+wavelet,ar_irls,HbO,4,20,0.5999999999999999,-0.1368992912733315,0.1368992912733315,0.007131768462114562,0.15958810835371795,0.1772667009930536,0.604553708374688,0.6030799954866434,0.248105729797187,-0.03867269212939484,-0.292252026536717,-0.455541134878209
dct:0.01,90.0,short_avg,tddr+wavelet,ar_irls,HbO,4,20,0.5999999999999999,-0.13886566329971833,0.13886566329971833,0.007049652698220582,0.1605396344885066,0.18148973125726903,0.6934658985798612,0.6923235354689787,0.2268490801409743,0.11476106895347343,-0.18906344367618846,-0.44765099667935687
dct:0.005,90.0,short_avg,tddr+wavelet,ar_irls,HbO,4,20,0.5999999999999999,-0.1388656632997154,0.1388656632997154,0.007049652698217666,0.16053963448850728,0.18148973125669718,0.6934658985798648,0.6927052680552491,0.2268490801391071,0.11476106895115494,-0.18906344369126227,-0.44765099667901387
none,90.0,short_avg,tddr+wavelet,ar_irls,HbO,4,20,0.5999999999999999,-0.1388656632997154,0.1388656632997154,0.007049652698217666,0.16053963448850728,0.18148973125669718,0.6934658985798648,0.6927052680552491,0.2268490801391071,0.11476106895115494,-0.18906344369126227,-0.44765099667901387
legendre:3,90.0,baseline,tddr+wavelet,ar_irls,HbO,4,20,0.5999999999999999,-0.05528830356026049,0.06475199340770377,0.015216295555043613,0.16396946214730276,0.1714794473216516,-0.42027312229394087,-0.42733915772823894,0.48029686659491044,0.2671778760635978,-0.6108236130331869,-0.35997474904088145
poly:3,90.0,baseline,tddr+wavelet,ar_irls,HbO,4,20,0.5999999999999999,-0.05528830356025771,0.06475199340771759,0.015216295555043082,0.1639694621473065,0.17147944732165382,-0.42027312229409386,-0.4273391577283928,0.4802968665952423,0.26717787606360627,-0.6108236130331711,-0.3599747490408781
legendre:1,90.0,baseline,tddr+wavelet,ar_irls,HbO,4,20,0.5999999999999999,-0.07432057231906469,0.10605746595877669,0.014096060684732573,0.16412384483967035,0.18198101922503934,-0.1281289293822585,-0.1309282567504526,0.4043652602149278,0.10165945707382192,-0.5510054563317016,-0.19286990727508999
poly:1,90.0,baseline,tddr+wavelet,ar_irls,HbO,4,20,0.5999999999999999,-0.07432057231906213,0.10605746595877406,0.014096060684732608,0.16412384483967146,0.181981019225039,-0.12812892938234044,-0.13092825675053488,0.40436526021492547,0.10165945707381432,-0.5510054563317063,-0.19286990727508768
bspline:5,90.0,short_maxcorr,wavelet,ar_irls,HbO,4,20,0.5999999999999999,0.09165581539475709,0.09675191878057915,0.006478746944128724,0.16589728320287336,0.16405360188992177,0.8542852814383483,0.8531951463867649,0.18891084920475376,0.019625945853794752,-0.7622539324884292,-0.39760596251974056
legendre:5,90.0,baseline,tddr+wavelet,ar_irls,HbO,4,20,0.5999999999999999,-0.019453858492278736,0.05701113357950116,0.01897220894586571,0.1668567410570913,0.18434621454314892,-0.49603219177077396,-0.507224452557089,0.5470789344957822,0.25926175023060655,-0.6335952210957604,-0.3644701425195873
poly:5,90.0,baseline,tddr+wavelet,ar_irls,HbO,4,20,0.5999999999999999,-0.019453858492126858,0.057011133579514636,0.018972208945854975,0.16685674105718207,0.1843462145432047,-0.49603219178857416,-0.5072244525750224,0.5470789344974167,0.25926175023304593,-0.6335952210953519,-0.36447014251935084
poly:5,90.0,short_avg,tddr+wavelet,ar_irls,HbO,4,20,0.5999999999999999,-0.053588404683591925,0.08484168209534404,0.018882598948327417,0.1726405029265758,0.17151272926753935,0.8391139951029738,0.8377080000539361,0.16081829811429588,-0.19287233272189655,-0.6672532272175258,-0.4654713111574385
legendre:5,90.0,short_avg,tddr+wavelet,ar_irls,HbO,4,20,0.5999999999999999,-0.053588404683593785,0.0848416820953505,0.018882598948294235,0.17264050292660976,0.1715127292675811,0.839113995102971,0.8377080000539333,0.16081829811429513,-0.19287233272130147,-0.6672532272174715,-0.46547131115751533
bspline:8,90.0,short_maxcorr,tddr+wavelet,ar_irls,HbO,4,20,0.5999999999999999,-0.0912191374044416,0.0912191374044416,0.008110525767002927,0.17291453082044866,0.17923582731586268,0.8777391324123794,0.8763619762067616,0.128919461346498,0.0691136811318474,-0.5729555564163724,-0.2530492644475069
dct:0.01,90.0,baseline,tddr+wavelet,ar_irls,HbO,4,20,0.5999999999999999,-0.07604192088058422,0.10409069205405487,0.01279866519174759,0.1730024502700798,0.17960042810805288,-0.096942544813723,-0.09966448661226823,0.39844632631216614,0.054453885553212095,-0.5843446528144687,-0.18876936787277904
dct:0.005,90.0,baseline,tddr+wavelet,ar_irls,HbO,4,20,0.5999999999999999,-0.07604192088058367,0.10409069205455602,0.012798665191594574,0.173002450273017,0.17960042811102267,-0.09694254481334452,-0.09830182925549247,0.3984463263122058,0.0544538854459941,-0.5843446528496882,-0.18876936787336557
none,90.0,baseline,tddr+wavelet,ar_irls,HbO,4,20,0.5999999999999999,-0.07604192088058367,0.10409069205455602,0.012798665191594574,0.173002450273017,0.17960042811102267,-0.09694254481334452,-0.09830182925549247,0.3984463263122058,0.0544538854459941,-0.5843446528496882,-0.18876936787336557
poly:2,90.0,short_avg,tddr+wavelet,ar_irls,HbO,4,20,0.5999999999999999,-0.13845289447883416,0.13845289447883416,0.007008235101198792,0.17346346798432097,0.18675310210807045,0.6386567631777142,0.6368590356313347,0.22772314162393031,-0.10487337170554083,-0.4429190986895646,-0.47290112055291805
poly:1,90.0,short_maxcorr,tddr+wavelet,ar_irls,HbO,4,20,0.5999999999999999,-0.15669562423465339,0.15669562423465339,0.0037823411513373123,0.17445609585869154,0.17449928531101064,0.819185716798994,0.8185118747497977,0.16215308704774795,0.05731771281612104,-0.5790412646417614,-0.3617590330936431
legendre:1,90.0,short_maxcorr,tddr+wavelet,ar_irls,HbO,4,20,0.5999999999999999,-0.15669562423465289,0.15669562423465289,0.003782341151337365,0.17445609585869204,0.17449928531101067,0.8191857167989939,0.8185118747497976,0.162153087047748,0.05731771281612369,-0.579041264641762,-0.36175903309364205
dct:0.02,90.0,global,tddr+wavelet,ar_irls,HbO,4,20,0.5999999999999999,-0.13343068190890153,0.13343068190890153,0.00397685240721393,0.1757996814395477,0.15797496094074756,0.8032766980242165,0.8020517708637198,0.17139835690998567,0.16783736713886818,-0.6139389566219243,-0.5177049610940242
butter:0.01,90.0,short_avg,tddr+wavelet,ar_irls,HbO,4,20,0.5999999999999999,-0.13350831924461853,0.13350831924461853,0.007836054824162577,0.1760215254879828,0.17648033236792765,-0.4320730520901265,-0.43562658323675196,0.44053365655275334,0.20410867695816137,-0.5226756207786721,-0.5160136144481708
butter:0.01,90.0,baseline,tddr+wavelet,ar_irls,HbO,4,20,0.5999999999999999,-0.08538671783462662,0.0908707974202204,0.019622723621507028,0.17606209024944847,0.18344961999595868,-0.25024031965966775,-0.25178956416977893,0.46244960411292735,0.03287377042421562,-0.6205298106105415,-0.26594308078499973
bspline:8,90.0,global,wavelet,ar_irls,HbO,4,20,0.5999999999999999,-0.13368796056757162,0.13368796056757162,0.005222897405481406,0.18011956171516538,0.18028043973436253,0.8991676510967228,0.8980318674419925,0.14720276866943996,0.07419977671591202,-0.6259816399333563,-0.44291328543353836
dct:0.01,90.0,short_maxcorr,tddr+wavelet,ar_irls,HbO,4,20,0.5999999999999999,-0.16362369624904174,0.16362369624904174,0.0032058438413019447,0.18242267696256548,0.17973853199317302,0.7899340050792226,0.7891511504397664,0.16913214192814086,0.16634436860065455,-0.5904874659364651,-0.3279783156198755
dct:0.005,90.0,short_maxcorr,tddr+wavelet,ar_irls,HbO,4,20,0.5999999999999999,-0.16362369624901146,0.16362369624901146,0.0032058438413322273,0.1824226769630865,0.179738531993092,0.7899340050791951,0.789412749508672,0.1691321419280771,0.16634436859873958,-0.5904874659307798,-0.3279783156517692
none,90.0,short_maxcorr,tddr+wavelet,ar_irls,HbO,4,20,0.5999999999999999,-0.16362369624901146,0.16362369624901146,0.0032058438413322273,0.1824226769630865,0.179738531993092,0.7899340050791951,0.789412749508672,0.1691321419280771,0.16634436859873958,-0.5904874659307798,-0.3279783156517692
legendre:3,90.0,motion,tddr+wavelet,ar_irls,HbO,4,20,0.5999999999999999,-0.01701279188793997,0.06280841154751221,0.034649877821265974,0.19127166547473273,0.2035769735104879,-2.3068283295425127,-2.348267281040539,0.7439637231817566,0.28910872917495334,-0.5796940490561348,-0.3043171245099878
poly:3,90.0,motion,tddr+wavelet,ar_irls,HbO,4,20,0.5999999999999999,-0.01701279188791127,0.06280841154754428,0.03464987782126565,0.19127166547473948,0.20357697351050735,-2.306828329544503,-2.3482672810425544,0.7439637231815259,0.2891087291746739,-0.5796940490561332,-0.30431712450995174
dct:0.02,90.0,short_avg,tddr+wavelet,ar_irls,HbO,4,20,0.5999999999999999,-0.13047410138729912,0.13047410138729912,0.007816357009154059,0.19252622006695774,0.18006000701884056,0.6334379982907544,0.631155544979987,0.22701247623437099,-0.03942135193997778,-0.5284969175756667,-0.5114692560116733
poly:2,90.0,global,tddr+wavelet,ar_irls,HbO,4,20,0.5999999999999999,-0.14526907814102435,0.14526907814102435,0.0032334580441407586,0.19523438206724078,0.1725666514988436,0.7866356629867699,0.7855741488722763,0.1735173487935751,0.07894733504182952,-0.5358068613565036,-0.5451283119427761
poly:1,90.0,global,tddr+wavelet,ar_irls,HbO,4,20,0.5999999999999999,-0.1595766155502762,0.1595766155502762,0.00344381342164671,0.19582912600892946,0.18461569121945037,0.7863461679220849,0.7855499424609249,0.18428002616691921,0.09432074226968808,-0.5642309499729017,-0.5791541642472982
legendre:1,90.0,global,tddr+wavelet,ar_irls,HbO,4,20,0.5999999999999999,-0.15957661555027636,0.15957661555027636,0.0034438134216467097,0.1958291260089299,0.18461569121944815,0.7863461679220856,0.7855499424609257,0.18428002616692066,0.09432074226970115,-0.56423094997291,-0.5791541642473004
poly:4,90.0,motion,tddr+wavelet,ar_irls,HbO,4,20,0.5999999999999999,-0.007321144673293756,0.06247746772204961,0.03503109639144339,0.19684433799363243,0.2066897589728922,-0.6021372188254717,-0.6242495267389976,0.5434099014221677,0.15136319946050372,-0.856370434939704,-0.3590755906206238
dct:0.01,90.0,motion,tddr+wavelet,ar_irls,HbO,4,20,0.5999999999999999,-0.03953261696466841,0.06386441707429216,0.03578430802887526,0.19888004995499448,0.2034555443178081,-0.0015169748126686589,-0.011532144560795432,0.3965071740106243,0.1949705158624913,-0.49659126722074337,-0.16980745518830317
dct:0.005,90.0,motion,tddr+wavelet,ar_irls,HbO,4,20,0.5999999999999999,-0.03953261696466806,0.063864417074291,0.03578430802887918,0.19888004995500433,0.2034555443178093,-0.0015169748126679927,-0.010269307925887317,0.3965071740106256,0.19497051586248454,-0.49659126722075175,-0.16980745518830326
none,90.0,motion,tddr+wavelet,ar_irls,HbO,4,20,0.5999999999999999,-0.03953261696466806,0.063864417074291,0.03578430802887918,0.19888004995500433,0.2034555443178093,-0.0015169748126679927,-0.010269307925887317,0.3965071740106256,0.19497051586248454,-0.49659126722075175,-0.16980745518830326
legendre:1,90.0,motion,tddr+wavelet,ar_irls,HbO,4,20,0.5999999999999999,-0.05093032735114125,0.05413125593353446,0.03449535037887827,0.1991735303141588,0.2041169261094284,-0.09366350251200861,-0.10460013753712871,0.409607024097284,0.29314550111426363,-0.550192136250982,-0.19598643160145723
poly:1,90.0,motion,tddr+wavelet,ar_irls,HbO,4,20,0.5999999999999999,-0.05093032735114442,0.054131255933538236,0.03449535037887881,0.19917353031416074,0.20411692610942844,-0.09366350251199784,-0.10460013753711783,0.4096070240972852,0.29314550111421483,-0.5501921362509817,-0.19598643160145873
butter:0.01,90.0,motion,tddr+wavelet,ar_irls,HbO,4,20,0.5999999999999999,-0.032933218202956555,0.06662099487780888,0.03489484438344695,0.19978033814294463,0.20532971625399804,-0.06748483764757907,-0.07681366893788255,0.434079716232564,0.1737328507065251,-0.44482945477866087,-0.2511238428752274
butter:0.01,90.0,global,tddr+wavelet,ar_irls,HbO,4,20,0.5999999999999999,-0.14241527369307175,0.14241527369307175,0.0049476599055005965,0.2004360641673178,0.1792065592535127,0.6086871902031061,0.6077161906750741,0.23326639567811092,0.383941006982687,-0.6405228823138789,-0.6044126951653997
poly:2,90.0,motion,tddr+wavelet,ar_irls,HbO,4,20,0.5999999999999999,-0.049804865154191996,0.05249375475583547,0.03582102735856615,0.20245544208749994,0.2041050971744074,-0.10601396445532851,-0.11847219434281031,0.41426815602989775,0.24827723603226529,-0.6939230520430757,-0.22357484489228674
dct:0.02,90.0,motion,tddr+wavelet,ar_irls,HbO,4,20,0.5999999999999999,-0.027202293558981627,0.054138790050600294,0.03832209263848321,0.20464529113279734,0.20660491498005634,-0.08724596041194421,-0.10087059650733199,0.40375182492920597,0.3267957893266976,-0.7527688174229273,-0.2806900492414749
poly:5,90.0,motion,tddr+wavelet,ar_irls,HbO,4,20,0.5999999999999999,0.00082530187942563,0.049010897181013785,0.039886482277836796,0.20591709702137084,0.214377852533237,-6.015795156788316,-6.121560912920804,1.1554339072450954,0.2597497783932544,-0.9058440438868398,-0.35149345717757574
legendre:5,90.0,motion,tddr+wavelet,ar_irls,HbO,4,20,0.5999999999999999,0.0008253018792126893,0.04901089718066065,0.03988648227786179,0.20591709702166958,0.21437785253326372,-6.015795157025564,-6.121560913161628,1.155433907220147,0.2597497783986304,-0.9058440438870854,-0.35149345717734315
dct:0.005,90.0,global,tddr+wavelet,ar_irls,HbO,4,20,0.5999999999999999,-0.13925305895870554,0.13925305895870554,0.003272359426865776,0.20693060997737822,0.1833929334408513,0.7563117056882132,0.7557070200943874,0.18678066295670176,0.167407401694068,-0.5250243857965939,-0.5798020055129787
none,90.0,global,tddr+wavelet,ar_irls,HbO,4,20,0.5999999999999999,-0.13925305895870554,0.13925305895870554,0.003272359426865776,0.20693060997737822,0.1833929334408513,0.7563117056882132,0.7557070200943874,0.18678066295670176,0.167407401694068,-0.5250243857965939,-0.5798020055129787
dct:0.01,90.0,global,tddr+wavelet,ar_irls,HbO,4,20,0.5999999999999999,-0.13925305895727286,0.13925305895727286,0.0032723594269845344,0.20693060997808768,0.18339293344207128,0.7563117056892275,0.7554035505551502,0.1867806629567068,0.167407401687445,-0.5250243857709632,-0.5798020055247051
bspline:8,90.0,short_avg,tddr+wavelet,ar_irls,HbO,4,20,0.5999999999999999,-0.10057077615514329,0.10057077615514329,0.03294939603185851,0.2104435735090212,0.2225062364349642,0.8691073010376771,0.867632915192044,0.14094393238353511,-0.1801122726683119,-0.3802777418531394,-0.3193992776215685
bspline:5,90.0,motion,tddr+wavelet,ar_irls,HbO,4,20,0.5999999999999999,0.008839536879400034,0.051444833360866665,0.0401392049553604,0.2105604555826826,0.21306225578460136,-0.6138128066561598,-0.6360862581909373,0.5212088270710229,0.07858409298812528,-0.8677910921274073,-0.3568447456643639
bspline:8,90.0,global,tddr+wavelet,ar_irls,HbO,4,20,0.5999999999999999,-0.18140966176559936,0.18140966176559936,0.007562811775519245,0.225748640659509,0.21875306666538336,0.9090708364687201,0.9080466030872664,0.12488842118953661,-0.15874818728176157,-0.12337355916285195,-0.4030349732150305
butter:0.01,90.0,baseline,wavelet,ar_irls,HbO,4,20,0.5999999999999999,0.08690224598950094,0.08690224598950094,0.1254826711092867,0.35663728465840083,0.35957163625808614,-0.44847130446558814,-0.450266188362076,0.6565238139334351,0.3319892443551996,-0.7429923430760152,-0.2764917387715594
dct:0.01,90.0,baseline,wavelet,ar_irls,HbO,4,20,0.5999999999999999,0.10613403779052469,0.10613403779052469,0.12464432954223989,0.35829406541715547,0.35769288051416587,-0.0911741337998575,-0.09388176192343034,0.5128011337011149,0.09556727127310835,-0.7907554371551169,-0.29665801847708834
dct:0.005,90.0,baseline,wavelet,ar_irls,HbO,4,20,0.5999999999999999,0.10613403779004468,0.10613403779004468,0.12464432954147925,0.35829406541854125,0.35769288051500603,-0.09117413380374617,-0.09252627027686111,0.5128011337006637,0.09556727127794701,-0.7907554371954009,-0.2966580184759804
none,90.0,baseline,wavelet,ar_irls,HbO,4,20,0.5999999999999999,0.10613403779004468,0.10613403779004468,0.12464432954147925,0.35829406541854125,0.35769288051500603,-0.09117413380374617,-0.09252627027686111,0.5128011337006637,0.09556727127794701,-0.7907554371954009,-0.2966580184759804
legendre:1,90.0,baseline,wavelet,ar_irls,HbO,4,20,0.5999999999999999,0.09234423345020236,0.09234423345020236,0.12290213973969305,0.35853162907234026,0.3489856333108877,-0.015742232994897076,-0.01826268518595142,0.48252398015683223,0.28800342494500314,-0.864529989712675,-0.29997927543867386
poly:1,90.0,baseline,wavelet,ar_irls,HbO,4,20,0.5999999999999999,0.09234423345020094,0.09234423345020094,0.12290213973969329,0.35853162907234126,0.348985633310887,-0.015742232994957917,-0.018262685186012373,0.4825239801568393,0.2880034249449745,-0.864529989712676,-0.29997927543867253
poly:2,90.0,baseline,wavelet,ar_irls,HbO,4,20,0.5999999999999999,0.09301668704303806,0.09301668704303806,0.1249864786383868,0.35877650683379686,0.351863996217409,-0.05508700037609482,-0.05901900161973239,0.4808769400042165,0.31220354482294027,-0.827168611228649,-0.2863117344139636
poly:1,90.0,motion,wavelet,ar_irls,HbO,4,20,0.5999999999999999,0.08772360858230696,0.08772360858230696,0.12736943211505455,0.36377090724723943,0.37085473221867293,-0.005791410062565117,-0.015849324163190737,0.4740212545527893,0.35183425764256726,-0.8762014910018197,-0.2754648599663667
legendre:1,90.0,motion,wavelet,ar_irls,HbO,4,20,0.5999999999999999,0.08772360858230341,0.08772360858230341,0.1273694321150542,0.3637709072472409,0.3708547322186727,-0.005791410062558233,-0.015849324163183853,0.47402125455279354,0.3518342576424668,-0.8762014910018251,-0.2754648599663675
dct:0.01,90.0,motion,wavelet,ar_irls,HbO,4,20,0.5999999999999999,0.10615619235279354,0.10615619235279354,0.12956006961637334,0.3643144053025317,0.37404105833967255,-0.0119779719800861,-0.022097751699887036,0.5012386494395191,0.018481204294787165,-0.8075541332836638,-0.2744556519337099
dct:0.005,90.0,motion,wavelet,ar_irls,HbO,4,20,0.5999999999999999,0.10615619235279806,0.10615619235279806,0.12956006961637948,0.3643144053025423,0.3740410583396754,-0.011977971980079771,-0.020821724544200282,0.501238649439502,0.018481204294740615,-0.8075541332836726,-0.2744556519337039
none,90.0,motion,wavelet,ar_irls,HbO,4,20,0.5999999999999999,0.10615619235279806,0.10615619235279806,0.12956006961637948,0.3643144053025423,0.3740410583396754,-0.011977971980079771,-0.020821724544200282,0.501238649439502,0.018481204294740615,-0.8075541332836726,-0.2744556519337039
dct:0.02,90.0,baseline,wavelet,ar_irls,HbO,4,20,0.5999999999999999,0.09535213453212074,0.09535213453212074,0.12992833791838193,0.3667314199668911,0.3632809691046621,0.03582591490087833,0.0310290289053603,0.4707455624435654,0.3629639387541996,-0.8621284897388249,-0.29308107737527034
butter:0.01,90.0,motion,wavelet,ar_irls,HbO,4,20,0.5999999999999999,0.08030065649065005,0.08030065649065005,0.13215108620684562,0.3679157093619101,0.3611519570851161,-0.24803000535690656,-0.25893663461720406,0.6136244398842816,0.3839936955789082,-0.6326519721210322,-0.2590040222726543
poly:2,90.0,motion,wavelet,ar_irls,HbO,4,20,0.5999999999999999,0.08268535871515167,0.08268535871515167,0.12977296486615353,0.37106927102795173,0.3683058481976535,-0.004439081613319851,-0.015753163884308363,0.48831221765620847,0.36435991936613826,-0.7988687828643428,-0.25583312482366916
legendre:3,90.0,baseline,wavelet,ar_irls,HbO,4,20,0.5999999999999999,0.11341814286599924,0.11341814286599924,0.1332401577277966,0.3720365445839772,0.37533093980991467,-0.813032386832041,-0.8220524484580709,0.632578158288095,0.3135152453892044,-0.8248591949141808,-0.31817404988646525
poly:3,90.0,baseline,wavelet,ar_irls,HbO,4,20,0.5999999999999999,0.113418142865957,0.113418142865957,0.1332401577277985,0.3720365445839887,0.3753309398099107,-0.8130323868334358,-0.8220524484594729,0.632578158288184,0.3135152453892488,-0.8248591949142452,-0.31817404988648323
bspline:8,90.0,motion,tddr+wavelet,ar_irls,HbO,4,20,0.5999999999999999,-0.2559509657085552,0.2559509657085552,0.08767824111113989,0.3765279228238009,0.369088358024152,-278.11576709170595,-283.03720379105596,3.917205731450816,-0.08501826012503531,-0.40335640616469076,-0.38795016865523524
poly:4,90.0,baseline,wavelet,ar_irls,HbO,4,20,0.5999999999999999,0.11586421058991087,0.11586421058991087,0.13372794314099284,0.37768725418116045,0.37375707349203785,-0.6761096187094866,-0.6865461667711897,0.6412776773202251,0.1983045758087016,-0.8730598261565119,-0.33442615222782546
poly:4,90.0,motion,wavelet,ar_irls,HbO,4,20,0.5999999999999999,0.10501215420388987,0.10501215420388987,0.13636203240048383,0.37986413255851903,0.38278089498657264,-0.8125397231097776,-0.8375559551727733,0.6255920686588169,0.24420268275311038,-0.8810501743289755,-0.3296371314076302
poly:3,90.0,motion,wavelet,ar_irls,HbO,4,20,0.5999999999999999,0.10639680485132047,0.10639680485132047,0.1381666895034332,0.3815398980942164,0.3813801455131576,-0.9273114282795887,-0.9514632005637941,0.6876626982756244,0.4040235130690419,-0.7522185501465379,-0.31857372421847674
legendre:3,90.0,motion,wavelet,ar_irls,HbO,4,20,0.5999999999999999,0.10639680485128078,0.10639680485128078,0.13816668950345315,0.3815398980942375,0.3813801455131668,-0.9273114282797492,-0.9514632005639566,0.6876626982751374,0.4040235130692039,-0.75221855014653,-0.3185737242184704
bspline:8,90.0,baseline,tddr+wavelet,ar_irls,HbO,4,20,0.5999999999999999,-0.2784240866995448,0.2784240866995448,0.050455443581782854,0.38166626472735776,0.36655130102273875,-7.699995818076432,-7.786995776257196,1.041827473239703,-0.1093461251926284,-0.401263085767615,-0.3271026789227034
dct:0.02,90.0,motion,wavelet,ar_irls,HbO,4,20,0.5999999999999999,0.10099569286247008,0.10099569286247008,0.13523514571567086,0.38166849430615907,0.37976733533737833,0.05039502976905763,0.03849521811202827,0.4521554262446278,0.41995505957982143,-0.8246138703742881,-0.26968205062409234
bspline:5,90.0,motion,wavelet,ar_irls,HbO,4,20,0.5999999999999999,0.12050842572086454,0.12050842572086454,0.140991984449914,0.3924507167173234,0.3960492474570148,-0.656228400426542,-0.6790872616620399,0.5858296922662976,0.1476378507777574,-0.8953396625193338,-0.32413057974128945
bspline:5,90.0,baseline,wavelet,ar_irls,HbO,4,20,0.5999999999999999,0.1271076903152445,0.1271076903152445,0.14132658718799923,0.39419294356836676,0.3873629130116554,-0.8301808050089625,-0.8415767004324305,0.6691842820930416,0.21768541167132982,-0.8662450149427358,-0.34112185245915716
poly:5,90.0,motion,wavelet,ar_irls,HbO,4,20,0.5999999999999999,0.14334587421182504,0.14334587421182504,0.1507515763492559,0.4043633951867689,0.40852112473882657,-32.561678074938385,-33.06763302079172,2.981343987346006,0.5995314824218944,-0.894175038471367,-0.3075160136439884
legendre:5,90.0,motion,wavelet,ar_irls,HbO,4,20,0.5999999999999999,0.1433458742250603,0.1433458742250603,0.15075157634938918,0.40436339518713293,0.4085211247399071,-32.56167807614308,-33.06763302201459,2.981343987474724,0.5995314824504215,-0.8941750384747097,-0.30751601364276426
poly:5,90.0,baseline,wavelet,ar_irls,HbO,4,20,0.5999999999999999,0.1382147814251525,0.1382147814251525,0.1531594195621429,0.40561625145833047,0.39266440945650805,-94.26350030689872,-94.97619482291043,5.1456510727302645,0.5423420709402442,-0.8692424243760378,-0.32480704882966416
legendre:5,90.0,baseline,wavelet,ar_irls,HbO,4,20,0.5999999999999999,0.13821478142608215,0.13821478142608215,0.15315941956206813,0.405616251458509,0.39266440945641096,-94.26350030407386,-94.97619482006445,5.145651072511473,0.5423420709484895,-0.8692424243762847,-0.32480704882936
bspline:8,90.0,baseline,wavelet,ar_irls,HbO,4,20,0.5999999999999999,-0.06288959481809722,0.06288959481809722,0.23784364216853363,0.48910166962072055,0.478301925390239,-6352.931273651371,-6416.470586387884,39.69507883473772,0.21436717327471339,-0.4963143135509779,-0.3233448088188787
bspline:8,90.0,motion,wavelet,ar_irls,HbO,4,20,0.5999999999999999,-0.11280118261292782,0.11280118261292782,0.24651991885641644,0.5059447785730566,0.5102447904341334,-1200.69695704379,-1221.8855683770557,17.014043497607823,0.24593117560773528,-0.6350968252438184,-0.32750005748536426
bspline:5,180.0,short_avg,wavelet,ar_irls,HbO,4,20,0.5999999999999999,-0.03340308170485562,0.03340308170485562,0.00171313228575613,0.05228663952542387,0.08202265556248828,0.7830646332302479,0.7822566802813847,0.24544236845983775,-0.10473622670121319,-0.9822323764705149,-0.6021619149368771
legendre:1,180.0,short_avg,wavelet,ar_irls,HbO,4,20,0.5999999999999999,-0.017870777083759323,0.02677391526386254,0.002183765439082627,0.053272990728557276,0.07319317437402235,0.686436491821671,0.685853660022083,0.2841275309239746,0.22294427079390683,-0.9719735037018479,-0.5998563658434084
poly:1,180.0,short_avg,wavelet,ar_irls,HbO,4,20,0.5999999999999999,-0.01787077708375978,0.026773915263860817,0.002183765439082634,0.05327299072855769,0.07319317437402229,0.6864364918216679,0.6858536600220799,0.28412753092397136,0.2229442707944242,-0.9719735037018497,-0.5998563658434104
butter:0.01,180.0,short_avg,wavelet,ar_irls,HbO,4,20,0.5999999999999999,-0.008167501239345454,0.017599556972095476,0.002465554174992222,0.05347241235300049,0.06663936095407938,-0.6740202611851586,-0.6760933512918894,0.5694942000593581,0.4033562278130921,-0.9704903312719416,-0.5953184599368506
legendre:3,180.0,short_avg,wavelet,ar_irls,HbO,4,20,0.5999999999999999,-0.03375355420949466,0.03375355420949466,0.001600783482625589,0.05406601308374914,0.07980499363967031,0.7715111675238919,0.7708024552643506,0.2579723355076232,0.12388029743674617,-0.9819211967427524,-0.6063382189034197
poly:3,180.0,short_avg,wavelet,ar_irls,HbO,4,20,0.5999999999999999,-0.033753554209495745,0.033753554209495745,0.0016007834826255783,0.05406601308375063,0.07980499363967128,0.771511167523891,0.7708024552643498,0.2579723355076259,0.12388029743670968,-0.9819211967427539,-0.6063382189034213
none,180.0,short_avg,wavelet,ar_irls,HbO,4,20,0.5999999999999999,-0.01857818667712803,0.021617264245847534,0.0019959759456651327,0.05439125872748514,0.06692223117187714,0.23217658493187776,0.2312257200215767,0.4397648980165658,0.32962663457646574,-0.9792847687477034,-0.5835891871055037
dct:0.005,180.0,short_avg,wavelet,ar_irls,HbO,4,20,0.5999999999999999,-0.018578186677141922,0.021617264245847922,0.0019959759450143577,0.05439125872748811,0.06692223117114056,0.23217658493185345,0.23074940386295356,0.43976489801659846,0.3296266345881001,-0.9792847687485834,-0.5835891871262913
legendre:5,180.0,short_avg,wavelet,ar_irls,HbO,4,20,0.5999999999999999,-0.030417747584473687,0.03577320867945327,0.0020159953726445598,0.055404379555762884,0.08299495478138019,0.7733444505917727,0.7723589916813022,0.2653490359520533,-0.2143016588212666,-0.9590800216332175,-0.6046255589751385
poly:5,180.0,short_avg,wavelet,ar_irls,HbO,4,20,0.5999999999999999,-0.030417747584458754,0.03577320867946375,0.0020159953726449145,0.05540437955577657,0.08299495478140488,0.7733444505918554,0.7723589916813851,0.26534903595186515,-0.21430165882041238,-0.9590800216331764,-0.6046255589749392
poly:4,180.0,short_avg,wavelet,ar_irls,HbO,4,20,0.5999999999999999,-0.03659386065351396,0.03659386065351396,0.002123806804746008,0.0557697552604554,0.08370822321286694,0.7921493547410314,0.791375236881594,0.24727494788271598,-0.11643390772778157,-0.9828406233749434,-0.6046215546162789
dct:0.005,180.0,global,wavelet,ar_irls,HbO,4,20,0.5999999999999999,-0.012675812320298033,0.024391857741842438,0.0020609004180551843,0.05688709775836644,0.06646013296895137,0.42191830833352956,0.42084380704790414,0.38908887212188403,0.11491817324517596,-0.9509191751172333,-0.5081825377506983
none,180.0,global,wavelet,ar_irls,HbO,4,20,0.5999999999999999,-0.012675812320400076,0.024391857741841938,0.002060900418054658,0.05688709787266827,0.06646013298043532,0.42191830833351357,0.4212024176936789,0.38908887212189985,0.11491817309742385,-0.9509191750559987,-0.508182538073163
legendre:1,180.0,global,wavelet,ar_irls,HbO,4,20,0.5999999999999999,-0.013710244842678146,0.03434104128515039,0.0019248929356418154,0.058868449136233805,0.06720508150009966,0.7921053395366713,0.7917189182346949,0.23349706263104195,0.19838451854637737,-0.9403533374426059,-0.5160436398129304
poly:1,180.0,global,wavelet,ar_irls,HbO,4,20,0.5999999999999999,-0.01371024484267526,0.03434104128515009,0.0019248929356417775,0.05886844913623618,0.0672050815000997,0.792105339536672,0.7917189182346955,0.23349706263104164,0.19838451854076197,-0.9403533374426041,-0.5160436398129225
butter:0.01,180.0,global,wavelet,ar_irls,HbO,4,20,0.5999999999999999,-9.401957614933731e-05,0.024545813240906433,0.002779087184141343,0.05948169960274989,0.0644513036860074,-0.7717826906078543,-0.7739768487386381,0.6141045565003378,0.03133438788031682,-0.9562243325823687,-0.5066586352551017
bspline:8,180.0,short_avg,wavelet,ar_irls,HbO,4,20,0.5999999999999999,-0.018959252884636277,0.036300761307152665,0.0016441708074230997,0.06013137445825108,0.0844564840600667,0.7936772503693004,0.7925224588601733,0.23531118709724197,-0.10734597573251875,-0.9739405734818158,-0.5946922449658882
dct:0.02,180.0,short_avg,wavelet,ar_irls,HbO,4,20,0.5999999999999999,-0.021909045982993675,0.03553858122106139,0.0016343468523905451,0.06062950205421691,0.08240246096766621,0.8654791616394666,0.864726246499389,0.2101475730079997,-0.08208296185485142,-0.9776676741261107,-0.5952255203113928
dct:0.01,180.0,global,wavelet,ar_irls,HbO,4,20,0.5999999999999999,-0.00428415346639055,0.03367217352715293,0.0018304793258332895,0.06184785399473956,0.0667389999202944,0.8662584017536579,0.8658435704935885,0.20485370064479225,0.09415822008308819,-0.9473968485771694,-0.4997420802423843
poly:3,180.0,global,wavelet,ar_irls,HbO,4,20,0.5999999999999999,-0.005205960089710665,0.033579858601997026,0.0018413441754112738,0.06189462233099192,0.06625484639029108,0.8277367663309001,0.8272024510899909,0.21244004001366734,0.24765585209019422,-0.9409537416091126,-0.4964522140221585
legendre:3,180.0,global,wavelet,ar_irls,HbO,4,20,0.5999999999999999,-0.005205960089710138,0.033579858601996915,0.0018413441754112844,0.06189462233099208,0.06625484639029151,0.8277367663308948,0.8272024510899856,0.2124400400136644,0.24765585209015822,-0.9409537416091123,-0.49645221402216555
dct:0.01,180.0,short_avg,wavelet,ar_irls,HbO,4,20,0.5999999999999999,-0.02844334198378444,0.031117042207356296,0.0022638733212622915,0.06255807476791816,0.08163575430647334,0.8336174149115023,0.8331013398957191,0.2433154543375558,0.190730012407276,-0.9792848736154107,-0.6076729290903073
bspline:5,180.0,global,wavelet,ar_irls,HbO,4,20,0.5999999999999999,-0.004827505445696212,0.030695480483579257,0.0018875655124952902,0.06294107106239304,0.06782474455525409,0.8521676794806512,0.8516170935569292,0.20890816445959895,0.06211220336260666,-0.9502387004452159,-0.4953187443678311
poly:2,180.0,short_avg,wavelet,ar_irls,HbO,4,20,0.5999999999999999,-0.027934073543621346,0.031979278372776004,0.002299425533533203,0.06308807531300449,0.08083931196979206,0.7640854462346675,0.763500413243309,0.2746862104376556,0.15864920452572734,-0.9786085136897905,-0.58358775397676
poly:4,180.0,global,wavelet,ar_irls,HbO,4,20,0.5999999999999999,-0.002874502662295303,0.03144528162718668,0.0019186968889624775,0.06313986154107057,0.06809103039973957,0.8555841360718937,0.8550462743812862,0.20744789848397738,0.07874293023621073,-0.9508863793935356,-0.4946123611964153
poly:2,180.0,global,wavelet,ar_irls,HbO,4,20,0.5999999999999999,-0.0062601985290010875,0.038000768249530914,0.0017369943238912957,0.06541284238724926,0.06826377064651189,0.8270708077430469,0.8266419690765697,0.21065105580736318,0.31590953002672656,-0.9389407089467875,-0.49486344585991293
poly:5,180.0,short_maxcorr,wavelet,ar_irls,HbO,4,20,0.5999999999999999,-0.0005608414554663377,0.042692933884350304,0.0014963760180966047,0.06546592241912899,0.07398617533845611,0.8758381343807549,0.8752983001824104,0.19906162146902573,0.417224982268914,-0.9688967929221309,-0.511581517577376
legendre:5,180.0,short_maxcorr,wavelet,ar_irls,HbO,4,20,0.5999999999999999,-0.0005608414554487129,0.042692933884361184,0.0014963760180975822,0.06546592241912955,0.07398617533848426,0.8758381343807558,0.8752983001824113,0.19906162146902745,0.4172249822707772,-0.9688967929221457,-0.511581517577355
poly:4,180.0,short_maxcorr,wavelet,ar_irls,HbO,4,20,0.5999999999999999,-0.01782924676881409,0.029613225977602894,0.0015869784975184923,0.06606650975311543,0.07134153160512754,0.8477727146985979,0.8472057601909577,0.21218624446147832,0.15824432145681358,-0.9584340723720712,-0.5033258781683748
dct:0.02,180.0,global,wavelet,ar_irls,HbO,4,20,0.5999999999999999,0.012120071000664367,0.03779802677261396,0.0018190539263703404,0.06708123870994155,0.0667962995852587,0.9056855303756017,0.9051576508814354,0.16432792247359107,-0.00023816448937825642,-0.9608647463653351,-0.48851807285520643
dct:0.02,180.0,short_maxcorr,wavelet,ar_irls,HbO,4,20,0.5999999999999999,0.0057148630182057986,0.03813923965124727,0.0015111922773508814,0.06789375955611865,0.07426336557227838,0.8953965585469537,0.8948110915238956,0.18899124798229935,0.08607138132865166,-0.9684094791676191,-0.5278674454635431
poly:5,180.0,global,wavelet,ar_irls,HbO,4,20,0.5999999999999999,0.005010913239351475,0.04356262030220537,0.0020475599528772077,0.06903041833282236,0.06961915800424881,0.8821566289723126,0.8816442664895835,0.18488314493733146,0.062235043788550784,-0.9503695436392616,-0.4713189194964553
legendre:5,180.0,global,wavelet,ar_irls,HbO,4,20,0.5999999999999999,0.005010913239348838,0.04356262030221714,0.0020475599528755606,0.06903041833282786,0.06961915800423195,0.8821566289725595,0.8816442664898316,0.1848831449370794,0.06223504378987357,-0.950369543639292,-0.47131891949643195
bspline:5,180.0,short_maxcorr,wavelet,ar_irls,HbO,4,20,0.5999999999999999,-0.00956182257893956,0.030989221995443447,0.0015850574345202093,0.07111689314244082,0.07354469655805772,0.8397400342478427,0.8391431628670153,0.21254787194117983,0.22833629874501904,-0.9589780493898903,-0.4927114916570884
bspline:8,180.0,global,wavelet,ar_irls,HbO,4,20,0.5999999999999999,0.00043032485430682943,0.04228350314800433,0.002036766097609042,0.07114942254861328,0.07393391681728015,0.8720563465701696,0.8713402440323161,0.18647711793822996,0.07756053195488435,-0.9529766525168128,-0.4952666654140028
bspline:8,180.0,short_maxcorr,wavelet,ar_irls,HbO,4,20,0.5999999999999999,0.004125856087390578,0.05447148317415776,0.001427477058911522,0.071631890315943,0.08081560899929013,0.8837101049083782,0.8830592286298804,0.18503395874088546,0.13204820280435745,-0.9727839309130555,-0.5316560082862081
legendre:3,180.0,short_maxcorr,wavelet,ar_irls,HbO,4,20,0.5999999999999999,-0.009528247171748216,0.029579897491831875,0.0016636835846505554,0.07260819162297599,0.07453800049806633,0.8208581087439447,0.8203024577164756,0.2275018218224042,0.2571672901648418,-0.9584228744479693,-0.49898417913618287
poly:3,180.0,short_maxcorr,wavelet,ar_irls,HbO,4,20,0.5999999999999999,-0.009528247171748966,0.02957989749183218,0.0016636835846505593,0.07260819162297655,0.07453800049806655,0.8208581087439459,0.8203024577164768,0.22750182182240292,0.25716729016483225,-0.9584228744479706,-0.4989841791361795
butter:0.01,180.0,short_maxcorr,wavelet,ar_irls,HbO,4,20,0.5999999999999999,0.008471743387720915,0.03728948005375744,0.003258610984123912,0.07395944265855212,0.07676896316846946,-0.19889605270686916,-0.20038075370093344,0.4526963508658152,0.17556279124374183,-0.931588809955718,-0.48123163353530707
none,180.0,short_maxcorr,wavelet,ar_irls,HbO,4,20,0.5999999999999999,0.0036728905618454155,0.03593810688662283,0.0031191339367045573,0.07472661669511407,0.08572849338259855,0.7352757110280799,0.7349478790912725,0.2563067990080884,0.4321524012718759,-0.9405606836413325,-0.48344978203638417
dct:0.005,180.0,short_maxcorr,wavelet,ar_irls,HbO,4,20,0.5999999999999999,0.003672890561852188,0.035938106886727994,0.0031191339367055326,0.07472661669521137,0.08572849337513805,0.7352757110281133,0.7347836584463812,0.2563067990080867,0.43215240143147343,-0.9405606836464768,-0.4834497820369658
dct:0.01,180.0,short_maxcorr,wavelet,ar_irls,HbO,4,20,0.5999999999999999,-0.0036317020623474194,0.035077659850498405,0.0016337352499946902,0.07505489041354906,0.07754323813825689,0.8377888906328599,0.8372857544375523,0.21935089298965565,0.20554543777170395,-0.9600918306839668,-0.5102381510888943
poly:2,180.0,short_maxcorr,wavelet,ar_irls,HbO,4,20,0.5999999999999999,-0.008097458443109079,0.03472117921097066,0.001645280501072154,0.07679910805159303,0.07823211400598831,0.833916767184318,0.8335049054786373,0.2257824018136256,0.15001244443316758,-0.9573499188340341,-0.5089051570846863
poly:1,180.0,short_maxcorr,wavelet,ar_irls,HbO,4,20,0.5999999999999999,0.004710865811208123,0.042445349087451664,0.0017491718565318293,0.07773276312437538,0.08707999964929841,0.7861914853769951,0.7857940717810417,0.2208655571204231,0.22104656244261264,-0.9331029036412612,-0.49927535774650056
legendre:1,180.0,short_maxcorr,wavelet,ar_irls,HbO,4,20,0.5999999999999999,0.004710865811208859,0.04244534908745047,0.0017491718565317796,0.07773276312437545,0.08707999964929111,0.7861914853769949,0.7857940717810414,0.22086555712042308,0.22104656244403265,-0.9331029036412626,-0.49927535774649834
butter:0.01,180.0,global,tddr+wavelet,ar_irls,HbO,4,20,0.5999999999999999,-0.08394256362158647,0.08394256362158647,0.0006870949481703021,0.08804603257839513,0.09308656533110544,0.4110366160808687,0.4103072496611546,0.26770920229964335,0.05769438542593499,-0.9353768306974897,-0.45185905689385064
butter:0.01,180.0,short_avg,tddr+wavelet,ar_irls,HbO,4,20,0.5999999999999999,-0.07911618553478593,0.07911618553478593,0.0008039128408620938,0.09155148292404722,0.09932082475068757,0.14125999580959386,0.14019654069604542,0.3272604376372845,-0.04872224391274425,-0.9318468656391923,-0.5175371245555549
dct:0.005,180.0,short_avg,tddr+wavelet,ar_irls,HbO,4,20,0.5999999999999999,-0.08762871328425528,0.08762871328425528,0.0006243325794025913,0.09654087768781484,0.10929234178135208,0.7427008049390589,0.7422225536471241,0.2179792254472012,-0.03366107963801674,-0.893934510635776,-0.454508403598455
none,180.0,short_avg,tddr+wavelet,ar_irls,HbO,4,20,0.5999999999999999,-0.08762871328426947,0.08762871328426947,0.0006243325793715135,0.096540877688042,0.10929234178088258,0.7427008049390574,0.7423821681649881,0.21797922544735596,-0.03366107963042389,-0.8939345106508892,-0.45450840359812816
legendre:5,180.0,global,tddr+wavelet,ar_irls,HbO,4,20,0.5999999999999999,-0.09205799487134589,0.09205799487134589,0.000730766853178091,0.09722220268124832,0.09965724820767125,0.8537725612893818,0.853136789816727,0.14759441385322522,0.01421253368148003,-0.9382213963773632,-0.4814742580233922
poly:5,180.0,global,tddr+wavelet,ar_irls,HbO,4,20,0.5999999999999999,-0.09205799487135004,0.09205799487135004,0.0007307668531782796,0.09722220268125063,0.09965724820767283,0.8537725612894634,0.853136789816809,0.14759441385322553,0.014212533681911088,-0.9382213963773607,-0.48147425802334876
poly:1,180.0,short_avg,tddr+wavelet,ar_irls,HbO,4,20,0.5999999999999999,-0.08938266762142247,0.08938266762142247,0.0005274128942016722,0.09830586771901983,0.10629857933110098,0.7737209608733138,0.7733003678637846,0.2068549391560396,0.35098242948972247,-0.9100888013297981,-0.4448099717220573
legendre:1,180.0,short_avg,tddr+wavelet,ar_irls,HbO,4,20,0.5999999999999999,-0.0893826676214225,0.0893826676214225,0.0005274128942017429,0.09830586771902006,0.10629857933110105,0.7737209608733076,0.7733003678637783,0.20685493915603942,0.35098242948977315,-0.9100888013297964,-0.44480997172205905
bspline:8,180.0,global,tddr+wavelet,ar_irls,HbO,4,20,0.5999999999999999,-0.09532728509079054,0.09532728509079054,0.000702786558869645,0.0994938953035267,0.10057779553423192,0.892384285202867,0.8917819584409428,0.14336443029670015,-0.02005677289030039,-0.9310104729547758,-0.4898388724044833
bspline:5,180.0,global,tddr+wavelet,ar_irls,HbO,4,20,0.5999999999999999,-0.09780303443387102,0.09780303443387102,0.0006361870047287814,0.10214041198651502,0.10462622651556545,0.8523108100277272,0.8517607571786685,0.16792472732802338,-0.0366465732140582,-0.9412255924470819,-0.48019983166856595
poly:4,180.0,global,tddr+wavelet,ar_irls,HbO,4,20,0.5999999999999999,-0.09839130990592311,0.09839130990592311,0.0006428450746141714,0.10228781043652897,0.10505738291030278,0.8528920582155946,0.852344170164256,0.16673547624274568,-0.005557515600674924,-0.9418332319905188,-0.4889062436820415
dct:0.02,180.0,global,tddr+wavelet,ar_irls,HbO,4,20,0.5999999999999999,-0.09472205156943017,0.09472205156943017,0.0007425506446804615,0.1041403004837328,0.0993437442786372,0.8949009810767408,0.8943127402991853,0.1451379718377775,-0.11942257191756603,-0.943389824337614,-0.4912201875441276
legendre:3,180.0,global,tddr+wavelet,ar_irls,HbO,4,20,0.5999999999999999,-0.10125210954996719,0.10125210954996719,0.0006366511361229169,0.10519797044686503,0.10561281293431912,0.8250301645579925,0.8244874541502939,0.17550466591823938,-0.10694122954171696,-0.9349056171207433,-0.4955476674486552
poly:3,180.0,global,tddr+wavelet,ar_irls,HbO,4,20,0.5999999999999999,-0.10125210954996715,0.10125210954996715,0.0006366511361228085,0.10519797044686524,0.10561281293431779,0.8250301645579923,0.8244874541502938,0.17550466591823924,-0.10694122954170755,-0.9349056171207456,-0.49554766744865464
dct:0.01,180.0,global,tddr+wavelet,ar_irls,HbO,4,20,0.5999999999999999,-0.10051810772518231,0.10051810772518231,0.0006222584130477283,0.10757451362977619,0.11194706971529891,0.8412123739039424,0.8407198564532723,0.18182275972342032,0.031632435712532436,-0.9461126017759669,-0.5031216047068818
butter:0.01,180.0,short_maxcorr,tddr+wavelet,ar_irls,HbO,4,20,0.5999999999999999,-0.08073815263403526,0.08073815263403526,0.001723605335477934,0.10799485586571907,0.10971406582259617,0.2577157344158466,0.25679649693524703,0.28313942750206256,0.13551940063805606,-0.8132884204028756,-0.4407878470664834
poly:2,180.0,baseline,tddr+wavelet,ar_irls,HbO,4,20,0.5999999999999999,-0.06026258294200901,0.06026258294200901,0.006397668777123047,0.10846251516703762,0.11025171822682082,0.20397065703004746,0.20249104858586542,0.3852560639928395,-0.006004236994090385,-0.9240982979399005,-0.37568137216503084
poly:5,180.0,baseline,tddr+wavelet,ar_irls,HbO,4,20,0.5999999999999999,-0.05034522328211068,0.05034522328211068,0.0064786590481636114,0.10878984200636427,0.10670695671017016,0.26157030445009344,0.2588201007422725,0.4102139810671539,0.16448021913743455,-0.9395497540569748,-0.42012315873194384
legendre:5,180.0,baseline,tddr+wavelet,ar_irls,HbO,4,20,0.5999999999999999,-0.05034522328216906,0.05034522328216906,0.0064786590481713865,0.10878984200648392,0.10670695671019943,0.2615703044518823,0.258820100744068,0.410213981063165,0.16448021912470223,-0.9395497540570428,-0.4201231587318426
dct:0.01,180.0,baseline,tddr+wavelet,ar_irls,HbO,4,20,0.5999999999999999,-0.05296044149292879,0.05296044149292879,0.0068237437140002775,0.11096456910891592,0.1086003582639757,0.3003723789468562,0.2986374065449885,0.35543606099470054,-0.08481546981497783,-0.9397687440962492,-0.35661649402669604
dct:0.02,180.0,baseline,tddr+wavelet,ar_irls,HbO,4,20,0.5999999999999999,-0.05446389301591517,0.05446389301591517,0.006770108293127769,0.11189276535748335,0.10872500991259389,0.3966315625983286,0.3936315952277796,0.34059442132083484,-0.08789639885555446,-0.9615016033301594,-0.42028059721787636
bspline:8,180.0,baseline,tddr+wavelet,ar_irls,HbO,4,20,0.5999999999999999,-0.05687161199948293,0.05687161199948293,0.006935962009643104,0.11191005104310939,0.10651156858484703,0.20314093512976056,0.19917892610616705,0.4446710115931228,0.4115211332377099,-0.9608370919384478,-0.41783739720312085
butter:0.01,180.0,baseline,tddr+wavelet,ar_irls,HbO,4,20,0.5999999999999999,-0.06321322213406623,0.06321322213406623,0.005693512137040014,0.11287859167612108,0.11095670931320098,0.06671878170484352,0.06614125619847278,0.3301272086751903,-0.03363481387921445,-0.9233358916057177,-0.36521975632214737
bspline:5,180.0,baseline,tddr+wavelet,ar_irls,HbO,4,20,0.5999999999999999,-0.049187267814051805,0.049187267814051805,0.007064157632927775,0.11350780427595261,0.10864093916109374,0.27175759893557916,0.2694987825551064,0.39381546918467997,0.20541887971069023,-0.9447523740628405,-0.3840900805812533
poly:4,180.0,baseline,tddr+wavelet,ar_irls,HbO,4,20,0.5999999999999999,-0.04870254151984446,0.04870254151984446,0.007088479088186137,0.11372538473979388,0.10831682690626294,0.3069540296069748,0.30480438329682275,0.38510159940690175,0.21322115543799008,-0.9480019972176261,-0.379891465052427
poly:2,180.0,global,tddr+wavelet,ar_irls,HbO,4,20,0.5999999999999999,-0.09835988162081301,0.09835988162081301,0.000662558920982237,0.11379856507010924,0.1133307909574329,0.8295419016935404,0.8291191909723836,0.1882064541487004,0.39379161391408685,-0.9377101424940001,-0.5086863699684856
legendre:1,180.0,baseline,tddr+wavelet,ar_irls,HbO,4,20,0.5999999999999999,-0.060707348147291174,0.060707348147291174,0.0077099185718110435,0.11391009805656407,0.11106057781572216,0.008966125413785608,0.007738838881790278,0.41399493829065104,-0.16589811462621495,-0.7429486720468449,-0.32931107162049045
poly:1,180.0,baseline,tddr+wavelet,ar_irls,HbO,4,20,0.5999999999999999,-0.06070734814729095,0.06070734814729095,0.007709918571810958,0.11391009805656552,0.11106057781572265,0.008966125413760184,0.007738838881764909,0.4139949382906536,-0.16589811462623352,-0.7429486720468454,-0.3293110716204903
poly:1,180.0,global,tddr+wavelet,ar_irls,HbO,4,20,0.5999999999999999,-0.10422947120827855,0.10422947120827855,0.0008122524242623756,0.11469262587336498,0.12009707414016324,0.7647611840016171,0.7643239371317316,0.20225328490223948,0.1007874008684022,-0.9520581638828554,-0.5085554536564322
legendre:1,180.0,global,tddr+wavelet,ar_irls,HbO,4,20,0.5999999999999999,-0.10422947120827894,0.10422947120827894,0.0008122524242623625,0.11469262587336601,0.12009707414016565,0.7647611840016191,0.7643239371317335,0.20225328490223934,0.10078740086875401,-0.9520581638828499,-0.5085554536564316
poly:3,180.0,baseline,tddr+wavelet,ar_irls,HbO,4,20,0.5999999999999999,-0.04790584097526407,0.04790584097526407,0.006908427413053303,0.11495778047574506,0.10753845064880965,0.18278168204580392,0.1807551022120676,0.39431959675520895,0.27749796827877643,-0.9463507620927972,-0.3780940366956902
legendre:3,180.0,baseline,tddr+wavelet,ar_irls,HbO,4,20,0.5999999999999999,-0.04790584097526626,0.04790584097526626,0.0069084274130530796,0.11495778047574527,0.10753845064880944,0.18278168204584994,0.18075510221211366,0.3943195967552048,0.27749796827867923,-0.9463507620927986,-0.37809403669569097
dct:0.005,180.0,baseline,tddr+wavelet,ar_irls,HbO,4,20,0.5999999999999999,-0.06835039750473,0.06835039750473,0.007458070569232292,0.11894118241607601,0.11334295974149626,-0.06839064219631374,-0.06971372658293451,0.4444664095307438,-0.1254523620318229,-0.7091813747134966,-0.3154831057478991
none,180.0,baseline,tddr+wavelet,ar_irls,HbO,4,20,0.5999999999999999,-0.06835039750475784,0.06835039750475784,0.007458070569400217,0.11894118241830437,0.11334295974291653,-0.06839064218704272,-0.06905177501017834,0.4444664095307446,-0.12545236203545992,-0.7091813759883858,-0.3154831057570271
dct:0.02,180.0,motion,tddr+wavelet,ar_irls,HbO,4,20,0.5999999999999999,-0.05389143120888765,0.054566609680822054,0.0075693900162354735,0.11915607468326299,0.11335934299109196,0.387089824863677,0.38173689756990997,0.33873275365034516,0.022533882023451798,-0.9580948183467157,-0.40980799739103074
legendre:5,180.0,motion,tddr+wavelet,ar_irls,HbO,4,20,0.5999999999999999,-0.055641129845527354,0.05703592555115147,0.00714882789654063,0.11951238237870285,0.11373456371843296,0.07641381993524038,0.06950850270111136,0.4542023106858691,0.20539601290664244,-0.9292854116595052,-0.41421626188742666
poly:5,180.0,motion,tddr+wavelet,ar_irls,HbO,4,20,0.5999999999999999,-0.055641129847943005,0.05703592555352088,0.007148827896146131,0.11951238237936426,0.11373456371840784,0.0764138199231778,0.06950850268895858,0.4542023106864228,0.20539601291924428,-0.9292854116585694,-0.4142162618877163
bspline:8,180.0,motion,tddr+wavelet,ar_irls,HbO,4,20,0.5999999999999999,-0.05213222909847877,0.05540444700234934,0.00742662976714431,0.12058594232440317,0.1134161899549363,-0.21765185129442888,-0.22828636527953305,0.47727587267495686,0.39578021727037516,-0.9525271134248995,-0.4232249804970073
legendre:5,180.0,short_avg,tddr+wavelet,ar_irls,HbO,4,20,0.5999999999999999,-0.1191787821667867,0.1191787821667867,0.0007162169603976749,0.12114010763984674,0.11700675327066443,0.79791068520712,0.7970320360123684,0.21142833915915632,-0.2667657269058076,-0.9180735030207638,-0.4707126725531833
poly:5,180.0,short_avg,tddr+wavelet,ar_irls,HbO,4,20,0.5999999999999999,-0.11917878216679142,0.11917878216679142,0.000716216960397591,0.12114010763985145,0.11700675327066543,0.7979106852059992,0.7970320360112426,0.21142833915915676,-0.26676572690609596,-0.918073503020735,-0.470712672553155
dct:0.01,180.0,short_avg,tddr+wavelet,ar_irls,HbO,4,20,0.5999999999999999,-0.11464142973639743,0.11464142973639743,0.0005663695191955792,0.12114232204528072,0.12282323587441372,0.8218192782951521,0.8212666085628169,0.18452367218523386,-0.022363508611560078,-0.9423339952741909,-0.45769704430578967
none,180.0,global,tddr+wavelet,ar_irls,HbO,4,20,0.5999999999999999,-0.10844588399600663,0.10844588399600663,0.000817896163296289,0.12165133619222657,0.12119046656842695,0.7699831195087847,0.7696982688827894,0.20370938266380317,0.05771653983464822,-0.955896839248774,-0.513536533274275
dct:0.005,180.0,global,tddr+wavelet,ar_irls,HbO,4,20,0.5999999999999999,-0.10844588399600513,0.10844588399600513,0.0008178961632902961,0.12165133619224844,0.12119046656860803,0.7699831195077944,0.7695555788377345,0.20370938266382121,0.057716539835744714,-0.9558968392868724,-0.5135365332754483
dct:0.02,180.0,short_avg,tddr+wavelet,ar_irls,HbO,4,20,0.5999999999999999,-0.11883618360727635,0.11883618360727635,0.0006084401980720986,0.12381499127891049,0.11486326240419051,0.8637137975860952,0.8629510016770622,0.1753454827856395,-0.2580102125898972,-0.9384004884130357,-0.4836113354279357
dct:0.01,180.0,motion,tddr+wavelet,ar_irls,HbO,4,20,0.5999999999999999,-0.05672738161450233,0.058325768319076474,0.007499052073760415,0.12505962219579905,0.11593724176358271,0.3140346010121949,0.3097659924310635,0.3500863259782919,-0.04995485818119593,-0.9179585347994204,-0.3667116936078134
poly:2,180.0,short_avg,tddr+wavelet,ar_irls,HbO,4,20,0.5999999999999999,-0.11925948919332247,0.11925948919332247,0.0005749866076619116,0.12535139560974015,0.12045691302567448,0.8040743710319641,0.8035885046241078,0.1941309806947744,0.09378565945962,-0.9208442159093082,-0.4457906121584353
legendre:3,180.0,motion,tddr+wavelet,ar_irls,HbO,4,20,0.5999999999999999,-0.05549241565510768,0.06106431179296751,0.006959848233792124,0.1255345396191139,0.11496982753161573,0.1565753856618301,0.1513269437555565,0.4336242548002135,0.19812755439566573,-0.9350298373511751,-0.38900988488590366
poly:3,180.0,motion,tddr+wavelet,ar_irls,HbO,4,20,0.5999999999999999,-0.055492415655107985,0.061064311792981274,0.0069598482337933565,0.12553453961913857,0.1149698275316188,0.15657538566188028,0.151326943755607,0.4336242548002029,0.1981275543957852,-0.9350298373511491,-0.3890098848858867
poly:4,180.0,motion,tddr+wavelet,ar_irls,HbO,4,20,0.5999999999999999,-0.05182651620368178,0.05698057296479861,0.007870060441265656,0.12592631626710712,0.11551792187897898,0.23667000718994208,0.2314417195679554,0.42108673212140557,0.12404336221532411,-0.9319236907575033,-0.38729493733171483
bspline:5,180.0,motion,tddr+wavelet,ar_irls,HbO,4,20,0.5999999999999999,-0.0572212492895014,0.06095112728187728,0.006954940492933402,0.12597237127188934,0.114962555504426,0.16529319942745424,0.15957602956051897,0.43662291232887585,0.13939455112841811,-0.9247920423905954,-0.38659868384312807
poly:4,180.0,short_avg,tddr+wavelet,ar_irls,HbO,4,20,0.5999999999999999,-0.12610701845914166,0.12610701845914166,0.0005408494217511656,0.1270446376105385,0.12197765901163866,0.7992773258353917,0.7985297553543316,0.2154205634921814,-0.3278791495916185,-0.9424254678880654,-0.47094237610292533
bspline:5,180.0,short_avg,tddr+wavelet,ar_irls,HbO,4,20,0.5999999999999999,-0.12643849712086774,0.12643849712086774,0.0005525410873766217,0.1270494996450171,0.12068912009269481,0.8045472475373674,0.803819304325216,0.21574002323542657,-0.33099217483835236,-0.9401792483066744,-0.47239530856841444
poly:3,180.0,short_avg,tddr+wavelet,ar_irls,HbO,4,20,0.5999999999999999,-0.12618071325705768,0.12618071325705768,0.0005145719318692627,0.12717712281074572,0.12158356239443173,0.7921001439232064,0.791455293252993,0.21076458179666596,-0.2871030750998697,-0.9349342594489124,-0.4745424976378251
legendre:3,180.0,short_avg,tddr+wavelet,ar_irls,HbO,4,20,0.5999999999999999,-0.12618071325705799,0.12618071325705799,0.0005145719318692642,0.12717712281074603,0.12158356239443191,0.792100143923204,0.7914552932529906,0.21076458179666663,-0.2871030750998862,-0.9349342594489127,-0.4745424976378255
bspline:8,180.0,short_avg,tddr+wavelet,ar_irls,HbO,4,20,0.5999999999999999,-0.12149012880223203,0.12149012880223203,0.0006216090004757804,0.1272645172925634,0.1182134758573616,0.7855266250422077,0.7843262143614738,0.20219100868348383,-0.20973874985167398,-0.927433108660433,-0.4922588539490531
poly:2,180.0,motion,tddr+wavelet,ar_irls,HbO,4,20,0.5999999999999999,-0.060033725168186336,0.060033725168186336,0.007255675773354232,0.12737395825193026,0.11785741266733327,0.1977118610699975,0.1932214423819565,0.3850643782967269,0.10016579162225368,-0.9062695203143459,-0.37004211275506993
poly:1,180.0,motion,tddr+wavelet,ar_irls,HbO,4,20,0.5999999999999999,-0.04768334625500703,0.050917433785982444,0.007977349556278643,0.129343976719689,0.11660238824851225,0.05524006964963113,0.05054269274297918,0.41810217407468275,-0.14066228086316998,-0.6955531184826207,-0.32432067246254737
legendre:1,180.0,motion,tddr+wavelet,ar_irls,HbO,4,20,0.5999999999999999,-0.0476833462550037,0.050917433785977545,0.007977349556278344,0.1293439767196891,0.11660238824851177,0.05524006964963457,0.050542692742982676,0.41810217407470096,-0.14066228086315366,-0.6955531184826232,-0.3243206724625487
butter:0.01,180.0,motion,tddr+wavelet,ar_irls,HbO,4,20,0.5999999999999999,-0.06258145982567692,0.06258145982567692,0.006513416236622421,0.13008567311876923,0.11731187975825903,0.055413257099443225,0.05130635821726692,0.32937238114476547,-0.007867502478026131,-0.8761131936639793,-0.37614613452161866
bspline:8,180.0,short_maxcorr,tddr+wavelet,ar_irls,HbO,4,20,0.5999999999999999,-0.11944615152556258,0.11944615152556258,0.0007920159015306714,0.13179421437353023,0.13044730919001124,0.8556339770878817,0.8548259583029258,0.17112469504123695,-0.0643116709955723,-0.9676916886626733,-0.544831382651586
dct:0.005,180.0,motion,tddr+wavelet,ar_irls,HbO,4,20,0.5999999999999999,-0.048440777165811244,0.050473613592912706,0.01017338805279101,0.13306743099360807,0.11862645091104902,-0.0539554753995064,-0.059195776085147256,0.44643062667598477,-0.12134206938932253,-0.6920778339417147,-0.3040667290758314
none,180.0,motion,tddr+wavelet,ar_irls,HbO,4,20,0.5999999999999999,-0.04844077716581004,0.050473613592913275,0.010173388052790777,0.13306743099361068,0.11862645091104393,-0.05395547539951295,-0.05853789050994562,0.4464306266759831,-0.12134206938820032,-0.692077833941693,-0.30406672907583354
poly:4,180.0,short_maxcorr,tddr+wavelet,ar_irls,HbO,4,20,0.5999999999999999,-0.13152794987282607,0.13152794987282607,0.0008239832815256599,0.13344001996099059,0.13158597565480085,0.8397989860290481,0.8392023342079273,0.18428862710819638,-0.20598846266255816,-0.9446080088184976,-0.5062653874909113
bspline:5,180.0,short_maxcorr,tddr+wavelet,ar_irls,HbO,4,20,0.5999999999999999,-0.13073113473696008,0.13073113473696008,0.0008303713522549759,0.13461176463506652,0.13140076675732246,0.8381655244124055,0.8375627889353567,0.18460648820771852,-0.22866796462304173,-0.9459453712794929,-0.5020197086832314
legendre:5,180.0,short_maxcorr,tddr+wavelet,ar_irls,HbO,4,20,0.5999999999999999,-0.12848044800344888,0.12848044800344888,0.0007331823734425715,0.1366237488476182,0.13038709249922348,0.8428827476153471,0.8421996291267182,0.18125877444044297,-0.11446024893260039,-0.9458917511093076,-0.5328949315818412
poly:5,180.0,short_maxcorr,tddr+wavelet,ar_irls,HbO,4,20,0.5999999999999999,-0.1284804480034484,0.1284804480034484,0.0007331823734425609,0.13662374884762135,0.1303870924992216,0.8428827476152138,0.8421996291265843,0.18125877444044597,-0.1144602489339136,-0.945891751109315,-0.5328949315818254
legendre:3,180.0,short_maxcorr,tddr+wavelet,ar_irls,HbO,4,20,0.5999999999999999,-0.13277145815787084,0.13277145815787084,0.0008218398899784121,0.13750724679756765,0.13320713946429172,0.8235713589383384,0.8230241236993134,0.1795714893825736,-0.26042175742981555,-0.9458424721310457,-0.5053434868287532
poly:3,180.0,short_maxcorr,tddr+wavelet,ar_irls,HbO,4,20,0.5999999999999999,-0.13277145815787153,0.13277145815787153,0.0008218398899784065,0.13750724679756793,0.1332071394642914,0.8235713589383385,0.8230241236993135,0.1795714893825763,-0.2604217574298419,-0.9458424721310463,-0.5053434868287533
poly:2,180.0,short_maxcorr,tddr+wavelet,ar_irls,HbO,4,20,0.5999999999999999,-0.1326080077465424,0.1326080077465424,0.0009167079341229193,0.13845997442170704,0.13696566879693015,0.8187784484535459,0.8183290459698597,0.1954514808745175,-0.13219299808612367,-0.9101058211936122,-0.4684260623454315
dct:0.02,180.0,short_maxcorr,tddr+wavelet,ar_irls,HbO,4,20,0.5999999999999999,-0.13546027959800316,0.13546027959800316,0.0010309359561278134,0.1417889493484699,0.1375509272914121,0.8708459611035031,0.8701230840201273,0.16136106831106417,-0.3081335042927112,-0.9748201065645904,-0.5532812728153318
legendre:1,180.0,short_maxcorr,tddr+wavelet,ar_irls,HbO,4,20,0.5999999999999999,-0.13323456211336213,0.13323456211336213,0.0013224747024594124,0.14194885360752152,0.13755143407547613,0.7554455507959923,0.7549909886227506,0.22942729130610598,-0.3433858657664952,-0.7789645824487025,-0.43087464914509455
poly:1,180.0,short_maxcorr,tddr+wavelet,ar_irls,HbO,4,20,0.5999999999999999,-0.13323456211336349,0.13323456211336349,0.0013224747024594013,0.14194885360752216,0.1375514340754762,0.7554455507959948,0.7549909886227533,0.22942729130611034,-0.3433858657664994,-0.778964582448703,-0.43087464914509566
dct:0.01,180.0,short_maxcorr,tddr+wavelet,ar_irls,HbO,4,20,0.5999999999999999,-0.13315500119758483,0.13315500119758483,0.000915821321646785,0.1424842230458508,0.13723188597238795,0.8235815962001745,0.823034392714443,0.1860318891276097,-0.22933724794261331,-0.9236790397209909,-0.46922279251981686
none,180.0,short_maxcorr,tddr+wavelet,ar_irls,HbO,4,20,0.5999999999999999,-0.1351842885821139,0.1351842885821139,0.0018070236531266119,0.14340325480205934,0.13969649799823072,0.7411948495591799,0.7408743478248878,0.2339145998015022,-0.3846151740407986,-0.7029259243629433,-0.4113593722240798
dct:0.005,180.0,short_maxcorr,tddr+wavelet,ar_irls,HbO,4,20,0.5999999999999999,-0.13518428858331488,0.13518428858331488,0.0018070236531242446,0.1434032548029358,0.1396964979964807,0.7411948495582042,0.7407137990926991,0.233914599801511,-0.38461517400803263,-0.7029259243663312,-0.4113593722220172
butter:0.01,180.0,motion,wavelet,ar_irls,HbO,4,20,0.5999999999999999,0.07917347915039505,0.07917347915039505,0.03255380837613564,0.1851710046370162,0.19427240609418508,0.074834653981383,0.0708121959552151,0.39553472426671665,0.2812030337383657,-0.8761429242731388,-0.35657757486602515
poly:5,180.0,motion,wavelet,ar_irls,HbO,4,20,0.5999999999999999,0.08131647863131083,0.08131647863131083,0.0330829743233353,0.1854392168853845,0.19774372708656948,-0.12513058818729472,-0.1335427795008447,0.6207581458642851,0.33715804045769,-0.947500667621306,-0.40943938565390686
legendre:5,180.0,motion,wavelet,ar_irls,HbO,4,20,0.5999999999999999,0.08131647863092337,0.08131647863092337,0.033082974323363115,0.18543921688548837,0.19774372708665472,-0.12513058820543121,-0.13354277951911675,0.62075814585841,0.3371580404515229,-0.9475006676217776,-0.4094393856543056
legendre:3,180.0,motion,wavelet,ar_irls,HbO,4,20,0.5999999999999999,0.07903505391793758,0.07903505391793758,0.032991964492500234,0.1856062976419866,0.19718643329232205,0.21633914466131893,0.21146259920183735,0.46944513797646426,0.3211020973533347,-0.930372623936136,-0.39199953584148894
poly:3,180.0,motion,wavelet,ar_irls,HbO,4,20,0.5999999999999999,0.07903505391793877,0.07903505391793877,0.03299196449249942,0.18560629764199038,0.1971864332923238,0.2163391446612521,0.21146259920177013,0.46944513797642096,0.32110209735292156,-0.9303726239361076,-0.39199953584148334
poly:3,180.0,baseline,wavelet,ar_irls,HbO,4,20,0.5999999999999999,0.08376090224196309,0.08376090224196309,0.03055731735738198,0.18573600424558295,0.19668750485941736,0.2631392449267329,0.2613119398924532,0.4628229513312102,0.3108559698291709,-0.9297841618665202,-0.39298352751490817
legendre:3,180.0,baseline,wavelet,ar_irls,HbO,4,20,0.5999999999999999,0.08376090224196381,0.08376090224196381,0.0305573173573816,0.18573600424558423,0.1966875048594151,0.26313924492673985,0.2613119398924602,0.4628229513311851,0.31085596982930225,-0.929784161866516,-0.39298352751490984
bspline:8,180.0,motion,wavelet,ar_irls,HbO,4,20,0.5999999999999999,0.08180472793132887,0.08180472793132887,0.033828115861153696,0.186041265250449,0.19931895895314358,-2.0276666415526625,-2.0541091449723368,0.9711143685693514,0.030306182317109326,-0.9630000916882733,-0.41754857239497106
poly:2,180.0,motion,wavelet,ar_irls,HbO,4,20,0.5999999999999999,0.07355414382246295,0.07355414382246295,0.033129540697088775,0.1860748961909544,0.19404739323630263,0.171778348429248,0.16714277948388934,0.4773527528071844,0.24231692716465625,-0.9169272974413262,-0.40294290759472695
bspline:5,180.0,motion,wavelet,ar_irls,HbO,4,20,0.5999999999999999,0.07876932994260935,0.07876932994260935,0.03303038283600909,0.18618376183271954,0.1975842474544793,0.23445580517899578,0.22921235178981086,0.4531433492782522,0.2523095614957768,-0.9379714432683389,-0.39066145209069136
poly:4,180.0,motion,wavelet,ar_irls,HbO,4,20,0.5999999999999999,0.07930561541128614,0.07930561541128614,0.03293663108512761,0.18628994606296667,0.19778778831315902,0.24951279296442336,0.24437246962856324,0.4625702554426685,0.17658781816470837,-0.9418050829434329,-0.39162176191908316
dct:0.01,180.0,motion,wavelet,ar_irls,HbO,4,20,0.5999999999999999,0.0793661223115947,0.0793661223115947,0.03296754140667994,0.18650844273027062,0.1965709434636999,0.35034354046163063,0.3463008742541734,0.4208607888939339,0.30058024888206686,-0.94647734716955,-0.39572454580345773
dct:0.01,180.0,baseline,wavelet,ar_irls,HbO,4,20,0.5999999999999999,0.08591381321774239,0.08591381321774239,0.030873910660256645,0.18727135844181203,0.19579099641926218,0.3314724702485693,0.3298146214457139,0.43024528884922136,0.3077940101566907,-0.9478363783599427,-0.40363677029066275
dct:0.02,180.0,motion,wavelet,ar_irls,HbO,4,20,0.5999999999999999,0.08648236226995334,0.08648236226995334,0.033107381053428725,0.18744910421824215,0.2004503335822807,0.38032803384093183,0.37491605160373476,0.41214371454351806,0.28693358599585544,-0.9593961381742756,-0.41181962473604794
poly:2,180.0,baseline,wavelet,ar_irls,HbO,4,20,0.5999999999999999,0.06986105763984289,0.06986105763984289,0.03111962770855585,0.18798186261364142,0.19348884519322423,0.1223440530324536,0.12071272227600838,0.4883786256014283,0.2643287055340631,-0.9130044727612814,-0.4034225214434744
butter:0.01,180.0,baseline,wavelet,ar_irls,HbO,4,20,0.5999999999999999,0.07537954911550941,0.07537954911550941,0.03044310098598202,0.1889983410638778,0.19347745131875674,0.08842435868228837,0.08786026484483933,0.3969487280458579,0.2771238979815767,-0.881548477352037,-0.36557305956059233
legendre:1,180.0,motion,wavelet,ar_irls,HbO,4,20,0.5999999999999999,0.07700790928400944,0.07700790928400944,0.033206414434923094,0.18936337738166759,0.19499976058335514,0.21201292111475023,0.2080950238922008,0.4718493670284599,0.0330781235111235,-0.8380392971932873,-0.37684587965381405
poly:1,180.0,motion,wavelet,ar_irls,HbO,4,20,0.5999999999999999,0.0770079092840106,0.0770079092840106,0.03320641443492348,0.18936337738167155,0.19499976058335583,0.2120129211147478,0.20809502389219842,0.4718493670284577,0.03307812351127344,-0.8380392971932845,-0.37684587965381156
dct:0.005,180.0,motion,wavelet,ar_irls,HbO,4,20,0.5999999999999999,0.06978154366826675,0.06978154366826675,0.03425135101846966,0.18984314437430824,0.1973169651727487,-0.00320314400740207,-0.008191102461136857,0.5456092705365123,0.10912042135698984,-0.7723506923067114,-0.3744412080184217
none,180.0,motion,wavelet,ar_irls,HbO,4,20,0.5999999999999999,0.06978154366827008,0.06978154366827008,0.03425135101846929,0.18984314437430855,0.19731696517274983,-0.0032031440073979622,-0.00756489680743011,0.5456092705365129,0.10912042135700223,-0.7723506923067085,-0.37444120801842196
poly:1,180.0,baseline,wavelet,ar_irls,HbO,4,20,0.5999999999999999,0.07349381460093779,0.07349381460093779,0.031090751411346575,0.19048310689613618,0.1938270496022743,0.18447940920216,0.18346947658197693,0.48549386413010664,0.10652191861965911,-0.8139851385940794,-0.38240022880935365
legendre:1,180.0,baseline,wavelet,ar_irls,HbO,4,20,0.5999999999999999,0.07349381460093835,0.07349381460093835,0.031090751411346835,0.19048310689613723,0.19382704960227487,0.184479409202099,0.1834694765819158,0.4854938641301061,0.10652191861959251,-0.8139851385940792,-0.38240022880935287
dct:0.005,180.0,baseline,wavelet,ar_irls,HbO,4,20,0.5999999999999999,0.06945435630629945,0.06945435630629945,0.03244711707288363,0.19263474453067603,0.19650697698079153,-0.0018248850692890173,-0.0030655350817586635,0.5474201378977536,0.11013860461037321,-0.768822419568548,-0.3721810228296815
none,180.0,baseline,wavelet,ar_irls,HbO,4,20,0.5999999999999999,0.06945435628427016,0.06945435628427016,0.03244711707288379,0.19263474453067667,0.19650697697924002,-0.001824885069273141,-0.0024448262110239316,0.5474201378977477,0.1101386046033331,-0.7688224196518378,-0.37218102282838184
bspline:5,180.0,baseline,wavelet,ar_irls,HbO,4,20,0.5999999999999999,0.08318036126621434,0.08318036126621434,0.03681260127681135,0.2099772503146345,0.20248098233867914,0.19452606750198725,0.19202769922500829,0.45841361053771285,0.21784345851594406,-0.9438752734890388,-0.3913673304126719
poly:4,180.0,baseline,wavelet,ar_irls,HbO,4,20,0.5999999999999999,0.08480998403512141,0.08480998403512141,0.03673684314998075,0.21050653915414327,0.20275185428760434,0.2211190419481835,0.21870315808325852,0.49001494019950753,0.1484621169170405,-0.9494254485281562,-0.392177762357921
poly:5,180.0,baseline,wavelet,ar_irls,HbO,4,20,0.5999999999999999,0.09007271723035085,0.09007271723035085,0.036831804427522374,0.21065907704674297,0.20254771373326305,-0.29409633526379486,-0.29891606090723544,0.6251829854892494,0.3565769349290756,-0.9526713643241784,-0.40944454898247906
legendre:5,180.0,baseline,wavelet,ar_irls,HbO,4,20,0.5999999999999999,0.09007271723029617,0.09007271723029617,0.03683180442753607,0.21065907704683862,0.2025477137332484,-0.2940963353197611,-0.29891606096341006,0.6251829854868372,0.35657693492506687,-0.952671364324254,-0.4094445489825713
bspline:8,180.0,baseline,wavelet,ar_irls,HbO,4,20,0.5999999999999999,0.09257375991644493,0.09257375991644493,0.03772182480582487,0.21082934659091163,0.2039808793066749,-1.2582285630329286,-1.2694565484302334,0.7987263622162992,0.03681133629013413,-0.9671979051458162,-0.4196008200128243
dct:0.02,180.0,baseline,wavelet,ar_irls,HbO,4,20,0.5999999999999999,0.09753929249077073,0.09753929249077073,0.037069013642344814,0.21615667061398186,0.204611685776844,0.3508067854565342,0.34757897581306146,0.4212630922642584,0.2898680863864279,-0.9649194317102667,-0.4131672935989029
dct:0.02,368.0,short_maxcorr,wavelet,ar_irls,HbO,4,20,0.5999999999999999,-0.009980039848775657,0.02494550663458575,0.0010920562369494493,0.04120058133439066,0.0532042165141444,0.8500717118433128,0.8493427988653405,0.2154188305412712,-0.004801724272329693,-0.9401345044611277,-0.4459819039481289
none,368.0,short_avg,wavelet,ar_irls,HbO,4,20,0.5999999999999999,-0.0013879249819399447,0.021809305879923885,0.0013706135230119472,0.04439537168779513,0.052489476337957565,0.3385203981537998,0.33812010792575364,0.44631618052448335,0.357260230915968,-0.9732124393956043,-0.3946607930956685
legendre:1,368.0,short_avg,wavelet,ar_irls,HbO,4,20,0.5999999999999999,-0.003300819632370375,0.01902855433096054,0.0011973332803767046,0.04502217522506351,0.049500649011034806,0.6899599510209943,0.6896784376593306,0.28295504443439534,0.1269552642057013,-0.9740074673942134,-0.4043146968955065
poly:1,368.0,short_avg,wavelet,ar_irls,HbO,4,20,0.5999999999999999,-0.003300819632370375,0.019028554330961067,0.0011973332803767054,0.04502217522506361,0.04950064901103478,0.6899599510209944,0.6896784376593306,0.28295504443439623,0.12695526420570247,-0.9740074673942137,-0.40431469689550636
poly:5,368.0,short_avg,wavelet,ar_irls,HbO,4,20,0.5999999999999999,-0.0061850573903215605,0.027478441509573973,0.0010533958281720578,0.04541809835388973,0.053395922239731886,0.7057790272743781,0.7051549221807177,0.2574469835421325,0.15479387655324983,-0.9493453078192792,-0.38890185003236605
legendre:5,368.0,short_avg,wavelet,ar_irls,HbO,4,20,0.5999999999999999,-0.006185057390325946,0.027478441509581522,0.0010533958281723718,0.045418098353897485,0.05339592223973462,0.7057790272743368,0.7051549221806763,0.25744698354202644,0.15479387655316593,-0.9493453078192732,-0.3889018500323772
dct:0.005,368.0,short_avg,wavelet,ar_irls,HbO,4,20,0.5999999999999999,0.001269532760627412,0.023868360484931184,0.0011185807653906889,0.045425498847034666,0.055113737402335106,0.7620341085369395,0.7616737725413868,0.26439606535729415,0.036717333460798175,-0.945403866457838,-0.3957991568061464
dct:0.01,368.0,short_avg,wavelet,ar_irls,HbO,4,20,0.5999999999999999,-0.014146838017412192,0.02760726193415805,0.001127453136636094,0.0455420466515323,0.05405865811365603,0.7911547100345917,0.790584786562885,0.23206982067374357,0.35266418603698657,-0.9540826569203108,-0.40790736278315876
poly:3,368.0,short_avg,wavelet,ar_irls,HbO,4,20,0.5999999999999999,-0.0022706059817135527,0.03081443203916151,0.001180831508274134,0.04576655685711771,0.057013211205277546,0.6573579535885226,0.6568391134213337,0.3194698930524607,0.0014540770622695964,-0.9350927959014016,-0.3942109721253879
legendre:3,368.0,short_avg,wavelet,ar_irls,HbO,4,20,0.5999999999999999,-0.002270605981704671,0.03081443203916051,0.0011808315082750711,0.04576655685711786,0.05701321120527923,0.657357953588579,0.6568391134213903,0.3194698930524702,0.0014540770634094847,-0.9350927959014065,-0.3942109721253862
poly:2,368.0,short_avg,wavelet,ar_irls,HbO,4,20,0.5999999999999999,0.0021894204891596686,0.030721831716501502,0.0011891070284210533,0.04577048616202789,0.05566809169132192,0.6909222710762672,0.6905479716770256,0.31730721946584806,0.016400203464082504,-0.9428778957478497,-0.39206700630830826
poly:4,368.0,short_avg,wavelet,ar_irls,HbO,4,20,0.5999999999999999,-0.003929710177505569,0.028696088942274475,0.0010481785437077898,0.04585397973110156,0.05471022255183332,0.6705588995786499,0.6699600972149637,0.2929045558319311,0.0901039218065295,-0.9503362920137939,-0.395099179111486
bspline:5,368.0,short_avg,wavelet,ar_irls,HbO,4,20,0.5999999999999999,-0.003986392595548616,0.029035837305019768,0.0010626283177772927,0.045884500387033164,0.054471630092838993,0.6811012959843477,0.6805216558074032,0.2874192335201622,0.1506646940823763,-0.9495081466297878,-0.3945746593099462
bspline:8,368.0,short_avg,wavelet,ar_irls,HbO,4,20,0.5999999999999999,-0.01325888983961511,0.031113539298988052,0.0010688825115690685,0.04674568649861721,0.05803128215824972,-0.12005537031908442,-0.12311191923748088,0.5986999404379652,0.012905796934874862,-0.9448148722322274,-0.4025313869770453
dct:0.02,368.0,short_avg,wavelet,ar_irls,HbO,4,20,0.5999999999999999,-0.007816156342066338,0.03506608996232616,0.000987045359932464,0.04746544699136958,0.06517824851373026,0.870708373288634,0.8700797904787338,0.19182027832032816,0.15728640777990008,-0.9190689442797898,-0.4137843615209391
dct:0.005,368.0,global,wavelet,ar_irls,HbO,4,20,0.5999999999999999,-0.006175842574906207,0.018076030817102323,0.0009948745748151913,0.049287490065639684,0.05275706475536952,0.8036225672388102,0.8033252058930179,0.23790531976151463,0.10541304525028052,-0.954735511909341,-0.3952510389064424
dct:0.01,368.0,global,wavelet,ar_irls,HbO,4,20,0.5999999999999999,-0.0005383503980680715,0.027022259945067933,0.0009595318145361599,0.04936649944183867,0.051554007587968076,0.8662432428937679,0.8658782305184023,0.19985421194084108,0.30922933162540805,-0.9501495194822415,-0.4002849776459376
butter:0.01,368.0,short_avg,wavelet,ar_irls,HbO,4,20,0.5999999999999999,-0.006092795228252651,0.026604891922156676,0.001604490591608686,0.05001402003151302,0.056199148815324604,-1.0487494932306145,-1.0499892811236435,0.639654158399833,0.09309969308377354,-0.9694481496753415,-0.4027019093576226
dct:0.01,368.0,short_maxcorr,wavelet,ar_irls,HbO,4,20,0.5999999999999999,-0.011804172385294853,0.020756998803029558,0.0011765393456337034,0.05017760302664345,0.05220791521685338,0.7944046230637812,0.7938435683662597,0.2559553154446068,0.09897547525557628,-0.9490318533571319,-0.432062534325792
poly:2,368.0,global,wavelet,ar_irls,HbO,4,20,0.5999999999999999,0.00042844606399905505,0.030478475686716355,0.0010021462614400092,0.051166852812826374,0.05509681140422105,0.8086714510503565,0.8084397482965575,0.237212904236134,0.06973757640493254,-0.9469575481965853,-0.39633643469242097
legendre:3,368.0,global,wavelet,ar_irls,HbO,4,20,0.5999999999999999,0.0005794018683628888,0.030515309402720348,0.000988424533886435,0.051226243061360574,0.054676116011418474,0.8304150734309246,0.8301582822035335,0.2265173492597825,0.0795181688400662,-0.9458536947934327,-0.3923982984076352
poly:3,368.0,global,wavelet,ar_irls,HbO,4,20,0.5999999999999999,0.0005794018683670243,0.030515309402952412,0.0009884245338865004,0.05122624306136228,0.05467611601144821,0.8304150734309286,0.8301582822035376,0.22651734925978217,0.07951816883912775,-0.9458536947933798,-0.392398298407635
poly:4,368.0,global,wavelet,ar_irls,HbO,4,20,0.5999999999999999,-0.0014494995919204223,0.026998070670445157,0.000992880326428405,0.05142984088810944,0.053455139051967915,0.8459718537795023,0.8456918874428399,0.21820316094426445,0.17704782495589913,-0.9483423168202795,-0.40217111179987475
none,368.0,short_maxcorr,wavelet,ar_irls,HbO,4,20,0.5999999999999999,-0.01184826458459487,0.024058154368450907,0.0014394228500128649,0.051450694905620105,0.05268899271950626,0.6913161186078942,0.6911293204951001,0.2915560731576552,-0.15547609828261388,-0.9555568101078511,-0.42270050253521624
bspline:5,368.0,global,wavelet,ar_irls,HbO,4,20,0.5999999999999999,-0.002492731703556267,0.028188450456396355,0.0009906955138072595,0.0515708286310051,0.0539325322944116,0.8477664924107381,0.847489788064923,0.21841403686971,0.19570309027409769,-0.9471065839336611,-0.4027168894916218
poly:5,368.0,global,wavelet,ar_irls,HbO,4,20,0.5999999999999999,0.0014039645474291373,0.03130600063061842,0.0009900986745394122,0.05189288068254919,0.05368549799781823,0.8590339556375088,0.8587349367555277,0.20565320880349514,0.146257993026797,-0.9487818158392981,-0.393265296881889
legendre:5,368.0,global,wavelet,ar_irls,HbO,4,20,0.5999999999999999,0.0014039645474294427,0.03130600063062203,0.00099009867453974,0.05189288068255206,0.053685497997854506,0.8590339556375653,0.8587349367555844,0.20565320880352578,0.14625799302616865,-0.9487818158392562,-0.3932652968819199
dct:0.005,368.0,short_maxcorr,wavelet,ar_irls,HbO,4,20,0.5999999999999999,-0.012659164884137347,0.022110417488040282,0.0013282154808238475,0.05191840898986748,0.05389319363901335,0.7688017548729473,0.7684516666762073,0.2698337246477894,0.27249539861219035,-0.9462466686095701,-0.43605838806029223
bspline:8,368.0,short_maxcorr,wavelet,ar_irls,HbO,4,20,0.5999999999999999,-0.011962517009236034,0.020452717322379438,0.0012595809146172651,0.05241614520628027,0.053839103101222266,0.6554049878579064,0.6544646133553962,0.32179485289371507,0.05915585188718226,-0.9394008728718569,-0.4401266155592175
poly:2,368.0,short_maxcorr,wavelet,ar_irls,HbO,4,20,0.5999999999999999,-0.012390170160832659,0.023497833844894914,0.0013265359965721484,0.05334919825517337,0.05362570946496927,0.735821291360178,0.7355013655852585,0.2730739478855937,0.1466589411792654,-0.9462861108002371,-0.43243197236398445
bspline:8,368.0,global,wavelet,ar_irls,HbO,4,20,0.5999999999999999,0.0023621485636159123,0.03899366031881313,0.0010076701823100468,0.05360561459279238,0.05571589477254842,0.8492760592454587,0.8488647446709314,0.21314555507393393,0.11984767786426827,-0.9475205633560942,-0.38686424604627656
legendre:1,368.0,global,wavelet,ar_irls,HbO,4,20,0.5999999999999999,-0.030108088355838752,0.03618069060806625,0.0011186991365853662,0.0536509965866475,0.055745985871698524,0.7753045360917837,0.7751005147867824,0.25693348709714636,0.19757347942905776,-0.9569849277159896,-0.4076726376665435
poly:1,368.0,global,wavelet,ar_irls,HbO,4,20,0.5999999999999999,-0.030108088355840446,0.03618069060806725,0.001118699136585449,0.053650996586647896,0.055745985871698156,0.7753045360917865,0.7751005147867852,0.2569334870971408,0.1975734794289196,-0.9569849277159911,-0.40767263766654327
legendre:3,368.0,short_maxcorr,wavelet,ar_irls,HbO,4,20,0.5999999999999999,-0.012378880637557793,0.022641682642919325,0.0012949625835431762,0.05427674631253897,0.05316228759441301,0.7423084748142466,0.7419182695974298,0.2773197362805684,0.12471453034365838,-0.9466933724865553,-0.43190876593725946
poly:3,368.0,short_maxcorr,wavelet,ar_irls,HbO,4,20,0.5999999999999999,-0.012378880637557904,0.022641682642919908,0.001294962583543161,0.05427674631253948,0.05316228759441307,0.7423084748142641,0.7419182695974474,0.27731973628056583,0.12471453034208878,-0.9466933724865548,-0.4319087659372592
butter:0.01,368.0,global,wavelet,ar_irls,HbO,4,20,0.5999999999999999,-0.0262913420210604,0.032899168492328434,0.001258215443669389,0.054391235607651425,0.0568775275058004,-1.5083706553453249,-1.509888580098938,0.682277594752438,0.1465565296210209,-0.9711062632094161,-0.4229239877176031
dct:0.02,368.0,global,wavelet,ar_irls,HbO,4,20,0.5999999999999999,0.01016963163932072,0.0468912234887936,0.0008115142211216517,0.055432555756371536,0.060617217197067585,0.9167004054597017,0.9162954241431884,0.1670429483960157,0.2524309820236965,-0.9401571662458448,-0.3708943499800227
butter:0.01,368.0,short_maxcorr,wavelet,ar_irls,HbO,4,20,0.5999999999999999,-0.013482306071334216,0.018128938083677354,0.0014285179921039977,0.05623865762533285,0.05452773291087746,-0.0555218096589003,-0.056160552055063095,0.40027347098171917,-0.23080293142299274,-0.9371722833331816,-0.4397688373630006
none,368.0,global,wavelet,ar_irls,HbO,4,20,0.5999999999999999,-0.02990731209909822,0.03447706555558866,0.0012781300963922687,0.05650015256982718,0.056691083592477785,0.23484183168181033,0.23437880102019565,0.4949542364488442,0.27806109696398534,-0.9695665514929518,-0.4134786167042812
legendre:5,368.0,short_maxcorr,wavelet,ar_irls,HbO,4,20,0.5999999999999999,-0.011581881838022598,0.0171267056522294,0.001327397626949996,0.05830870624074259,0.05556729784943852,0.6758551428437133,0.6751675628436848,0.28763482580438127,0.09978718850743985,-0.9456832342026908,-0.4354741435730337
poly:5,368.0,short_maxcorr,wavelet,ar_irls,HbO,4,20,0.5999999999999999,-0.011581881838034075,0.017126705652225488,0.0013273976269503017,0.05830870624074653,0.05556729784948553,0.6758551428430354,0.6751675628430054,0.2876348258045379,0.0997871884990346,-0.9456832342026879,-0.4354741435730378
poly:1,368.0,short_maxcorr,wavelet,ar_irls,HbO,4,20,0.5999999999999999,-0.012712629330557362,0.028573569400042367,0.0013679200574568692,0.05933967819743123,0.0531348392534703,0.7267449923592535,0.7264968794588533,0.2740087002979081,-0.18739981107213158,-0.9166124184968775,-0.4332246440862507
legendre:1,368.0,short_maxcorr,wavelet,ar_irls,HbO,4,20,0.5999999999999999,-0.012712629330557307,0.028573569400043533,0.0013679200574569458,0.05933967819743226,0.05313483925347042,0.7267449923592673,0.7264968794588671,0.2740087002979077,-0.18739981107209303,-0.9166124184968752,-0.43322464408625205
bspline:5,368.0,short_maxcorr,wavelet,ar_irls,HbO,4,20,0.5999999999999999,-0.010526750810831861,0.019377591832587387,0.0013204711378791937,0.06241378756593993,0.053842764200496177,0.7490273354054853,0.7485711597049196,0.28444238241616093,0.104293929040463,-0.9486906994117948,-0.4358962227410846
poly:4,368.0,short_maxcorr,wavelet,ar_irls,HbO,4,20,0.5999999999999999,-0.010297060315474449,0.01928428772104618,0.0013047008749068614,0.06292439600259675,0.05475420602983572,0.7349260244050836,0.7344442177242082,0.28775975900480283,0.09478713255833386,-0.948659767503285,-0.4361711515722574
none,368.0,motion,wavelet,ar_irls,HbO,4,20,0.5999999999999999,-0.017143745359688836,0.030230221289723108,0.005164117655661235,0.08040625716184265,0.09085506465139573,0.032319956875525246,0.03026730223859453,0.5220371883681341,0.08943822548235418,-0.9593244929903503,-0.4304985607299632
poly:1,368.0,motion,wavelet,ar_irls,HbO,4,20,0.5999999999999999,-0.017263929947788345,0.02195906028549771,0.004903132903689501,0.08125940137762526,0.08838042578556154,0.12463767743939352,0.12251494370781274,0.4902546918999095,0.22504509490285632,-0.9338630473712759,-0.44669312213077295
legendre:1,368.0,motion,wavelet,ar_irls,HbO,4,20,0.5999999999999999,-0.017263929947788192,0.021959060285496573,0.0049031329036896155,0.08125940137762627,0.0883804257855614,0.12463767743939919,0.12251494370781846,0.4902546918999159,0.22504509490287586,-0.9338630473712737,-0.44669312213077134
butter:0.01,368.0,baseline,wavelet,ar_irls,HbO,4,20,0.5999999999999999,-0.027027826184150408,0.033569342202593194,0.005297580559317392,0.08157564435958313,0.08801345666879176,0.03900111964832437,0.038710436381430346,0.42785145643384886,0.21719523257565584,-0.9564653585941533,-0.4575900821557998
butter:0.01,368.0,motion,wavelet,ar_irls,HbO,4,20,0.5999999999999999,-0.02248356574255976,0.026886572266900277,0.004229211703230889,0.08181493047799013,0.08540961845621393,0.06350356887277514,0.061517061291596176,0.42395442871270195,0.24125393560083275,-0.9516618828309631,-0.45820251817568464
legendre:3,368.0,baseline,wavelet,ar_irls,HbO,4,20,0.5999999999999999,-0.03115905503558536,0.040134595440978235,0.005340801590346883,0.08237931866922879,0.09255512290032983,0.20971310077664163,0.20875604731103659,0.47216218049659153,0.14659172238704618,-0.9561862580762169,-0.44857765431154895
poly:3,368.0,baseline,wavelet,ar_irls,HbO,4,20,0.5999999999999999,-0.031159055035585553,0.04013459544098949,0.005340801590346701,0.08237931866923161,0.09255512290033092,0.20971310077668065,0.20875604731107567,0.47216218049658276,0.14659172238713616,-0.9561862580762188,-0.4485776543115453
dct:0.01,368.0,motion,wavelet,ar_irls,HbO,4,20,0.5999999999999999,-0.013692080471250034,0.024444716896173918,0.004383232851899831,0.08284152925574526,0.08560470456472338,0.33444562784148857,0.33161606172845515,0.43853986685907476,0.2570579187344111,-0.9629624155856564,-0.4532349329580726
poly:4,368.0,motion,wavelet,ar_irls,HbO,4,20,0.5999999999999999,-0.019203215708551533,0.03258950466223429,0.004506269371099314,0.08303696516698886,0.08890847235787236,0.2619290002442049,0.25946577785424313,0.4582542463555233,0.23838730834817193,-0.9635903602945439,-0.4503981586346095
bspline:5,368.0,motion,wavelet,ar_irls,HbO,4,20,0.5999999999999999,-0.02054128226012507,0.03316915003032406,0.004539673175438672,0.0832118653873034,0.08932562993450703,0.26267976333010545,0.26021904652083094,0.4591580498939799,0.2489002911750538,-0.9644479068040896,-0.4549104644063471
none,368.0,baseline,wavelet,ar_irls,HbO,4,20,0.5999999999999999,-0.02128782608462705,0.02905465354954484,0.005973313349193629,0.08339801711794212,0.0941987462665321,0.021862825290656085,0.021566958026678684,0.5289664400593455,0.04278450313709478,-0.9612196578821275,-0.4327993735939732
poly:2,368.0,baseline,wavelet,ar_irls,HbO,4,20,0.5999999999999999,-0.03199478828492669,0.03817030908618477,0.005631865424649499,0.08380897293270881,0.09224035372939526,0.27496751736842984,0.2743091948963067,0.4489956358082903,0.20455197587821738,-0.9574559540396037,-0.45392523036252597
poly:4,368.0,baseline,wavelet,ar_irls,HbO,4,20,0.5999999999999999,-0.025841639718419532,0.03325062388208,0.005235284730342247,0.08392643020884327,0.09177765839480014,0.21515646019733708,0.21396802358346267,0.4703858063346572,0.21538082305245346,-0.9629115697950584,-0.458965821685705
bspline:5,368.0,baseline,wavelet,ar_irls,HbO,4,20,0.5999999999999999,-0.02634664678038892,0.03423596083152272,0.005211944569559677,0.08406547710138368,0.0920340155464285,0.22025484031391757,0.21907412383952918,0.46974883167787884,0.1977399160527326,-0.9623696236953849,-0.45826610644881927
dct:0.005,368.0,baseline,wavelet,ar_irls,HbO,4,20,0.5999999999999999,-0.030779222812576487,0.037079790317931294,0.005792543345185606,0.08418313122805539,0.09271948528614246,0.280095881365342,0.27922406287471574,0.4519074135109402,0.19384770585661457,-0.9568785007098302,-0.44546954260073957
legendre:3,368.0,motion,wavelet,ar_irls,HbO,4,20,0.5999999999999999,-0.031548118263734756,0.037361708056169604,0.00454505278766053,0.08439593847320549,0.09088829409238983,0.24665742024259285,0.24437248672801165,0.4656675236894987,0.2197610864527482,-0.9537091648047118,-0.45462684061110187
poly:3,368.0,motion,wavelet,ar_irls,HbO,4,20,0.5999999999999999,-0.03154811826373696,0.03736170805616151,0.004545052787649417,0.08439593847322761,0.09088829409238651,0.24665742024259835,0.24437248672801726,0.46566752368961173,0.21976108645282835,-0.9537091648047136,-0.4546268406111078
dct:0.01,368.0,baseline,wavelet,ar_irls,HbO,4,20,0.5999999999999999,-0.02613105546158105,0.02849375406141927,0.005259263253516765,0.08440820888391398,0.08977716926683948,0.3204600853599125,0.3188122165156807,0.4443013468293743,0.2195065644033598,-0.9594527429832471,-0.45604843929959904
dct:0.005,368.0,motion,wavelet,ar_irls,HbO,4,20,0.5999999999999999,-0.024174885003260288,0.028768847074595885,0.004747014938598389,0.08457871695346786,0.09048634717522006,0.28826870442941105,0.28610998045133834,0.45022329464826893,0.22589835293127686,-0.9508211933445216,-0.45864094358470275
legendre:1,368.0,baseline,wavelet,ar_irls,HbO,4,20,0.5999999999999999,-0.021812531365837426,0.02352279065289159,0.006081938729120363,0.0849088944907398,0.09259893053692758,0.13212773595701,0.13160254850524417,0.50933597192427,0.12917934851934856,-0.9410981481350432,-0.4569719085598868
poly:1,368.0,baseline,wavelet,ar_irls,HbO,4,20,0.5999999999999999,-0.02181253136583615,0.023522790652892284,0.006081938729120367,0.08490889449074014,0.09259893053692722,0.13212773595698996,0.13160254850522413,0.509335971924272,0.12917934851938687,-0.9410981481350428,-0.45697190855989095
poly:2,368.0,motion,wavelet,ar_irls,HbO,4,20,0.5999999999999999,-0.03201485983426802,0.03759696966081949,0.004706273772640637,0.08495538771875424,0.0916153136807974,0.28119974935139724,0.27923819621136164,0.45092587959545194,0.2064206770455663,-0.9511375207427328,-0.45738042471341794
bspline:8,368.0,baseline,wavelet,ar_irls,HbO,4,20,0.5999999999999999,-0.02597752724562523,0.033729521376153176,0.005309925396347755,0.08539709211047708,0.0914726996306072,0.12495330387493303,0.12283133553028297,0.48474849424128297,0.14762259356837032,-0.954754636762071,-0.46725812806555667
poly:5,368.0,baseline,wavelet,ar_irls,HbO,4,20,0.5999999999999999,-0.026764607393347614,0.033222600057347035,0.005247861894613152,0.08565747340961391,0.09211472798705055,0.19417964175415453,0.19271495767373192,0.47819845080199264,0.12373648797083094,-0.9598458478851513,-0.46732705169276234
legendre:5,368.0,baseline,wavelet,ar_irls,HbO,4,20,0.5999999999999999,-0.026764607393413867,0.03322260005735986,0.005247861894613359,0.08565747340964033,0.09211472798706319,0.19417964175428115,0.19271495767385877,0.47819845080115564,0.12373648796911751,-0.9598458478851265,-0.46732705169280864
dct:0.02,368.0,baseline,wavelet,ar_irls,HbO,4,20,0.5999999999999999,-0.024563073820560083,0.031588053930750315,0.004974818760508976,0.08635710248435458,0.08977348020539819,0.3838114506037207,0.38100378710404137,0.418401480086675,0.21347477999637327,-0.9588452459979379,-0.4801949052754666
bspline:8,368.0,motion,wavelet,ar_irls,HbO,4,20,0.5999999999999999,-0.01985297977517421,0.03229610979054151,0.004481859729082736,0.08709884020195176,0.08881222464487933,0.26257103370926105,0.25943589689539215,0.4565106795760856,0.13632660260111248,-0.9587615734080219,-0.4543918964675607
legendre:5,368.0,motion,wavelet,ar_irls,HbO,4,20,0.5999999999999999,-0.019439434255806104,0.0331482867796947,0.004545506278845162,0.08832923118412556,0.08974879216522555,0.23282054021051685,0.23002656342220912,0.4710415518855404,0.24883321162348396,-0.9618853904231156,-0.45699667823584955
poly:5,368.0,motion,wavelet,ar_irls,HbO,4,20,0.5999999999999999,-0.019439434255792185,0.03314828677976295,0.004545506278845953,0.08832923118418465,0.08974879216519561,0.2328205402095349,0.23002656342122363,0.4710415518855483,0.24883321162099495,-0.9618853904225406,-0.4569966782355065
dct:0.02,368.0,motion,wavelet,ar_irls,HbO,4,20,0.5999999999999999,-0.018598805125156936,0.029207803903835705,0.0041824216757208625,0.08924891682104191,0.0878703012405289,0.39276544298862287,0.38888475957497737,0.4123111991446883,0.2134329597036704,-0.9555406947851154,-0.4803210287037202
poly:3,368.0,short_avg,tddr+wavelet,ar_irls,HbO,4,20,0.5999999999999999,-0.09234989581292284,0.09234989581292284,0.0009536656081476119,0.09707359482779211,0.0997437888503778,0.8183909038150733,0.8181159051836606,0.22843242056864665,-0.05424178480700481,-0.9433187676359255,-0.3675300690507039
legendre:3,368.0,short_avg,tddr+wavelet,ar_irls,HbO,4,20,0.5999999999999999,-0.09234989581292248,0.09234989581292248,0.0009536656081476223,0.09707359482779232,0.09974378885037762,0.8183909038151401,0.8181159051837276,0.2284324205686521,-0.05424178480776668,-0.9433187676359269,-0.36753006905070396
poly:2,368.0,short_avg,tddr+wavelet,ar_irls,HbO,4,20,0.5999999999999999,-0.09207946727996755,0.09207946727996755,0.0010616346900738237,0.09748745497659679,0.09972815915482083,0.8077088744400507,0.807476005986451,0.23255298672753408,0.008082679649039828,-0.9462233427044123,-0.3687153729705658
none,368.0,short_avg,tddr+wavelet,ar_irls,HbO,4,20,0.5999999999999999,-0.0912795107101474,0.0912795107101474,0.0010493681381007246,0.09990358188303862,0.10187989879585331,0.7307798849353326,0.7306169680729637,0.27896046127006385,-0.18000219828727862,-0.9722678533765698,-0.3816275552274445
dct:0.01,368.0,short_avg,tddr+wavelet,ar_irls,HbO,4,20,0.5999999999999999,-0.09485602748100351,0.09485602748100351,0.001017274339907686,0.10084501574404792,0.10295354160381773,0.8795818535394789,0.8792532412538074,0.19612807962432777,-0.19990484177532147,-0.9414497158377247,-0.3785284763530413
bspline:5,368.0,short_avg,tddr+wavelet,ar_irls,HbO,4,20,0.5999999999999999,-0.09270986845253892,0.09270986845253892,0.0009488792362189694,0.10096216882179165,0.10070604858719005,0.7408990504542953,0.7404281005308556,0.2644341742485583,-0.10777347124213864,-0.9518265895553125,-0.37489477279622585
poly:4,368.0,short_avg,tddr+wavelet,ar_irls,HbO,4,20,0.5999999999999999,-0.09242579657807981,0.09242579657807981,0.0009436261084040125,0.10097085504955797,0.10052057962866918,0.7357042817134983,0.7352238896172489,0.27705751198893475,-0.08608243408205021,-0.9520101517749023,-0.37605976600553276
dct:0.005,368.0,short_avg,tddr+wavelet,ar_irls,HbO,4,20,0.5999999999999999,-0.09184875824000995,0.09184875824000995,0.0010588947857517455,0.10148846321848812,0.10214263515742365,0.8206480388531427,0.8203764580518906,0.21989154646156828,0.01642556081624263,-0.9588171072733566,-0.37379234094920755
legendre:1,368.0,short_avg,tddr+wavelet,ar_irls,HbO,4,20,0.5999999999999999,-0.09255818812970402,0.09255818812970402,0.001052563572815378,0.1015281383863759,0.10241902913901972,0.7584210615327545,0.7582017101963738,0.26026002375155244,0.12857639449464417,-0.9654178476465103,-0.3796314792908162
poly:1,368.0,short_avg,tddr+wavelet,ar_irls,HbO,4,20,0.5999999999999999,-0.09255818812970418,0.09255818812970418,0.001052563572815366,0.10152813838637602,0.10241902913901968,0.7584210615327557,0.758201710196375,0.2602600237515545,0.12857639449449462,-0.9654178476465115,-0.379631479290816
legendre:5,368.0,short_avg,tddr+wavelet,ar_irls,HbO,4,20,0.5999999999999999,-0.09472700441276691,0.09472700441276691,0.0008609703623452519,0.10172641142602953,0.10150127046749942,0.7359339371144703,0.7353737969810767,0.26130434785677426,-0.016041660178536414,-0.9451582286128108,-0.3669276193495905
poly:5,368.0,short_avg,tddr+wavelet,ar_irls,HbO,4,20,0.5999999999999999,-0.09472700441276641,0.09472700441276641,0.0008609703623451415,0.10172641142603527,0.10150127046750354,0.7359339371143537,0.73537379698096,0.26130434785685364,-0.016041660170149713,-0.9451582286127989,-0.36692761934959495
bspline:8,368.0,short_avg,tddr+wavelet,ar_irls,HbO,4,20,0.5999999999999999,-0.09343177943868183,0.09343177943868183,0.0008875779291901564,0.10191183365881219,0.09840653925823009,0.5698321399728445,0.5686582434476037,0.3222101743832491,-0.14383020150918402,-0.9216683943067804,-0.3744627218329346
butter:0.01,368.0,short_avg,tddr+wavelet,ar_irls,HbO,4,20,0.5999999999999999,-0.0938208045832388,0.0938208045832388,0.0010683362328332364,0.10314164734047983,0.10348198779737043,-0.6892035194723864,-0.690225730376757,0.4987775372228881,-0.2603670381808902,-0.9635702148470796,-0.38216985693812144
bspline:8,368.0,short_maxcorr,tddr+wavelet,ar_irls,HbO,4,20,0.5999999999999999,-0.09274545866032471,0.09274545866032471,0.0010348246316422176,0.10431982261392976,0.10988330835763645,0.825976804188202,0.8255019076562716,0.2364555139713317,-0.044157833982344116,-0.9406315972934727,-0.4480701818823516
dct:0.02,368.0,short_maxcorr,tddr+wavelet,ar_irls,HbO,4,20,0.5999999999999999,-0.09589327530792544,0.09589327530792544,0.00134203090452625,0.1047681815007761,0.11184495735709135,0.9067648310751233,0.906311545537962,0.15634670963734348,-0.23426953560540834,-0.9249278623961683,-0.4536034394561688
dct:0.01,368.0,short_maxcorr,tddr+wavelet,ar_irls,HbO,4,20,0.5999999999999999,-0.09708964725369812,0.09708964725369812,0.001016583072697644,0.10495933940245886,0.11408805651772932,0.8701561808249774,0.8698018465701032,0.19600913247470042,-0.19708568311976515,-0.9553204045030005,-0.4484523719464937
dct:0.02,368.0,short_avg,tddr+wavelet,ar_irls,HbO,4,20,0.5999999999999999,-0.10195536119224308,0.10195536119224308,0.0008083312195125312,0.10500061458913598,0.10174475946659349,0.9055309492675704,0.9050716649127485,0.184912828719971,-0.1721604587090204,-0.8742144787507464,-0.38167214460881893
dct:0.02,368.0,global,tddr+wavelet,ar_irls,HbO,4,20,0.5999999999999999,-0.09823294996369512,0.09823294996369512,0.0010197547021828708,0.10536011842721654,0.10049334655022346,0.9298791611270989,0.9295382515488655,0.14828216803539745,-0.03711335908641587,-0.933046364395276,-0.3833854342945521
none,368.0,motion,tddr+wavelet,ar_irls,HbO,4,20,0.5999999999999999,-0.08852067964168289,0.08852067964168289,0.0037208917441441595,0.10598031725917653,0.11250320508301029,0.018914945176072118,0.016833855665839503,0.5351360670240071,-0.058799727040703624,-0.9234373912299172,-0.4202767893901168
butter:0.01,368.0,short_maxcorr,tddr+wavelet,ar_irls,HbO,4,20,0.5999999999999999,-0.09833733995573303,0.09833733995573303,0.0009371853181094726,0.10695339962050271,0.11492847434547768,0.0917592173885875,0.09120960118125837,0.36099545790709997,0.07774303405183858,-0.9421719292776839,-0.4448426479582264
dct:0.02,368.0,motion,tddr+wavelet,ar_irls,HbO,4,20,0.5999999999999999,-0.09185624814171783,0.09185624814171783,0.0031993359246656593,0.10705103515045553,0.11252162899079592,0.5937625194828575,0.5911663578605629,0.3557912897879741,-0.09348124319392435,-0.9722326396733338,-0.4468309016357994
butter:0.01,368.0,motion,tddr+wavelet,ar_irls,HbO,4,20,0.5999999999999999,-0.08950304382851923,0.08950304382851923,0.00330547744804266,0.10722611679066989,0.11336326261574421,0.04425764454042186,0.04223031227126517,0.3584306786413237,-0.05072055007807132,-0.9705075759775709,-0.42889944219926035
bspline:5,368.0,short_maxcorr,tddr+wavelet,ar_irls,HbO,4,20,0.5999999999999999,-0.09766067135322812,0.09766067135322812,0.001098953586183492,0.10739601126523052,0.11203387792192696,0.7981874083676905,0.7978205875407308,0.24573705938055182,0.06139762772131855,-0.9502836524012201,-0.4355096333740299
bspline:8,368.0,motion,tddr+wavelet,ar_irls,HbO,4,20,0.5999999999999999,-0.08831243805132077,0.08831243805132077,0.0033083649361823567,0.10742747080409339,0.11239895611346706,-0.30805367407494755,-0.31361478899661444,0.6955083545910292,0.10869843867276512,-0.971575833360832,-0.4459888417799416
poly:4,368.0,short_maxcorr,tddr+wavelet,ar_irls,HbO,4,20,0.5999999999999999,-0.09686712665745054,0.09686712665745054,0.0010884428464835406,0.10752231537161797,0.11137042762666065,0.7876012692204541,0.7872152066985889,0.24607502104881152,0.2886220441954113,-0.9495848271409072,-0.4424874832690103
dct:0.02,368.0,baseline,tddr+wavelet,ar_irls,HbO,4,20,0.5999999999999999,-0.08883893759800901,0.08883893759800901,0.0033046461103652227,0.10761055010805354,0.11407731919124786,0.6018564317425736,0.6000422903319231,0.3510865659841403,-0.10942683666452765,-0.9594438730498633,-0.46598388929427076
poly:5,368.0,short_maxcorr,tddr+wavelet,ar_irls,HbO,4,20,0.5999999999999999,-0.09704412678645333,0.09704412678645333,0.0010549707006077833,0.10766663848426365,0.11215098728650112,0.8124100769917124,0.8120121589732099,0.2445861150072169,-0.05728577432132395,-0.9501112259555988,-0.43940619400316994
legendre:5,368.0,short_maxcorr,tddr+wavelet,ar_irls,HbO,4,20,0.5999999999999999,-0.09704412678645441,0.09704412678645441,0.0010549707006078605,0.10766663848426428,0.11215098728649849,0.812410076991718,0.8120121589732154,0.24458611500727995,-0.05728577432219628,-0.9501112259556099,-0.4394061940031607
bspline:8,368.0,global,tddr+wavelet,ar_irls,HbO,4,20,0.5999999999999999,-0.09881334347926676,0.09881334347926676,0.0010673873965599077,0.10773954247345024,0.1036169607128068,0.8027204385568166,0.8021820771095793,0.27334650680864164,0.29468344408911584,-0.9546228426167447,-0.4001612600850428
dct:0.01,368.0,motion,tddr+wavelet,ar_irls,HbO,4,20,0.5999999999999999,-0.0887314125704884,0.0887314125704884,0.00346304418233707,0.10783630279073422,0.11162518689340799,0.5303273219700991,0.5283305356073847,0.37153627295139346,-0.012239993796398101,-0.9742254385423269,-0.42801313038572086
none,368.0,baseline,tddr+wavelet,ar_irls,HbO,4,20,0.5999999999999999,-0.08872202190332502,0.08872202190332502,0.003840440235109399,0.10784143631259047,0.11284156769599071,0.0017361788946887446,0.0014342237158909699,0.5370321344083355,-0.061152000014569684,-0.9128455790782966,-0.4246449420480375
dct:0.01,368.0,baseline,tddr+wavelet,ar_irls,HbO,4,20,0.5999999999999999,-0.08845025784844782,0.08845025784844782,0.003698236790844013,0.10806679780296052,0.11309459435130638,0.5275677320002299,0.526422094490682,0.36520092548210265,-0.014925678591548128,-0.9670128634699843,-0.4464897241853576
poly:1,368.0,short_maxcorr,tddr+wavelet,ar_irls,HbO,4,20,0.5999999999999999,-0.096166425398754,0.096166425398754,0.0012201259382804224,0.10815206198542444,0.11067808790460665,0.7432312357462014,0.7429980921951236,0.2639199688481629,0.025637217868580184,-0.9165658802130199,-0.45620070612330266
legendre:1,368.0,short_maxcorr,tddr+wavelet,ar_irls,HbO,4,20,0.5999999999999999,-0.09616642539875389,0.09616642539875389,0.0012201259382804155,0.10815206198542462,0.11067808790460668,0.7432312357462019,0.742998092195124,0.2639199688481634,0.02563721786859218,-0.9165658802130194,-0.4562007061233012
poly:4,368.0,motion,tddr+wavelet,ar_irls,HbO,4,20,0.5999999999999999,-0.08844909984778164,0.08844909984778164,0.003350781711266694,0.10822357267123171,0.11263715133108092,0.377843661364733,0.3757672900889478,0.4747725404337927,0.04583003112816642,-0.9736545580294581,-0.43650524718770545
bspline:5,368.0,motion,tddr+wavelet,ar_irls,HbO,4,20,0.5999999999999999,-0.08859002593298981,0.08859002593298981,0.0033514894668583975,0.10858574908217514,0.1131745894452105,0.37471546481730417,0.37262865356517744,0.453154441966249,0.006871735625496401,-0.9691201319299788,-0.43267586257289137
poly:4,368.0,baseline,tddr+wavelet,ar_irls,HbO,4,20,0.5999999999999999,-0.08914930220726962,0.08914930220726962,0.0035156553233930228,0.108682958040349,0.1134173285417192,0.31000222834880053,0.30895741040262975,0.5391498282891394,-0.1566805457379154,-0.9602094187863699,-0.4551588622396323
poly:5,368.0,motion,tddr+wavelet,ar_irls,HbO,4,20,0.5999999999999999,-0.08948038749121558,0.08948038749121558,0.003361505813713434,0.1088766749798922,0.11375762637077813,0.3454438626355317,0.3430600466572696,0.43491072606030645,-0.02567428752881293,-0.9655374168510888,-0.43699324119722366
legendre:5,368.0,motion,tddr+wavelet,ar_irls,HbO,4,20,0.5999999999999999,-0.08948038749122456,0.08948038749122456,0.0033615058137118335,0.10887667497990877,0.11375762637082751,0.34544386264435717,0.3430600466661272,0.43491072605955244,-0.025674287528625394,-0.9655374168511662,-0.4369932411975511
dct:0.01,368.0,global,tddr+wavelet,ar_irls,HbO,4,20,0.5999999999999999,-0.09745252909206767,0.09745252909206767,0.001157580631467764,0.1090877773971852,0.10424366961844625,0.8963588166804934,0.896075987496177,0.17375171134399053,-0.08602819928928501,-0.9590279120383001,-0.40086272506675824
bspline:8,368.0,baseline,tddr+wavelet,ar_irls,HbO,4,20,0.5999999999999999,-0.089113948930028,0.089113948930028,0.003408776199523852,0.10923009290026581,0.11363793836402696,-0.2008575659105477,-0.20376961820739048,0.6658133344196849,-0.08929421025747541,-0.9532200383816709,-0.4599199351308476
poly:1,368.0,baseline,tddr+wavelet,ar_irls,HbO,4,20,0.5999999999999999,-0.09044541355106601,0.09044541355106601,0.003981640100755285,0.10942280113331666,0.11512334799874506,-0.06378940805949396,-0.06443315354092172,0.5639325626665341,0.07467196276516952,-0.8898706664267598,-0.43570774650798316
legendre:1,368.0,baseline,tddr+wavelet,ar_irls,HbO,4,20,0.5999999999999999,-0.09044541355106628,0.09044541355106628,0.003981640100755282,0.10942280113331673,0.11512334799874531,-0.06378940805949884,-0.0644331535409266,0.5639325626665497,0.07467196276491969,-0.8898706664267593,-0.4357077465079822
legendre:1,368.0,motion,tddr+wavelet,ar_irls,HbO,4,20,0.5999999999999999,-0.09002704298479124,0.09002704298479124,0.003787829633416672,0.10943353337018107,0.11442871517069912,-0.08195124451594538,-0.08457495168664175,0.5703972016515308,0.0824030286282024,-0.9064952042717505,-0.4320578425359739
poly:1,368.0,motion,tddr+wavelet,ar_irls,HbO,4,20,0.5999999999999999,-0.09002704298479001,0.09002704298479001,0.003787829633416736,0.1094335333701826,0.11442871517069926,-0.08195124451586677,-0.08457495168656304,0.5703972016515728,0.0824030286285946,-0.9064952042717496,-0.43205784253597596
bspline:5,368.0,baseline,tddr+wavelet,ar_irls,HbO,4,20,0.5999999999999999,-0.08926692320921935,0.08926692320921935,0.003504359484305038,0.10951629277105532,0.11381182020450083,0.313406242547288,0.31236657907446436,0.48622026849582756,-0.15581239689686158,-0.9600021268032921,-0.450563566466632
none,368.0,short_maxcorr,tddr+wavelet,ar_irls,HbO,4,20,0.5999999999999999,-0.09788759246082523,0.09788759246082523,0.0012282575816180427,0.10969611467778276,0.11106083213886682,0.7499389604389268,0.7497876375708111,0.2650851691281123,0.02285810768241797,-0.937244943974716,-0.46246517206386073
butter:0.01,368.0,baseline,tddr+wavelet,ar_irls,HbO,4,20,0.5999999999999999,-0.09024363167094182,0.09024363167094182,0.003233786692766799,0.10990769498474068,0.1137029713602948,0.03717604879363684,0.03688481347869249,0.35817954786171846,-0.047863957268009884,-0.9569612438972105,-0.44325227092611696
legendre:3,368.0,motion,tddr+wavelet,ar_irls,HbO,4,20,0.5999999999999999,-0.09057890362979068,0.09057890362979068,0.0033365966562434153,0.10991031884126082,0.1153131263664355,0.09701120088675147,0.09427238135653238,0.5131374716574562,-0.0439171662392422,-0.9329521271155882,-0.40629563961217074
poly:3,368.0,motion,tddr+wavelet,ar_irls,HbO,4,20,0.5999999999999999,-0.0905789036297904,0.0905789036297904,0.00333659665624339,0.10991031884126136,0.11531312636645899,0.09701120088667153,0.09427238135645216,0.513137471657453,-0.0439171662386751,-0.9329521271157089,-0.4062956396121574
dct:0.005,368.0,short_maxcorr,tddr+wavelet,ar_irls,HbO,4,20,0.5999999999999999,-0.09776346627895803,0.09776346627895803,0.0012949080259275205,0.11028961721475564,0.11286507028782614,0.818283325947761,0.8180081644183057,0.24187006268828062,-0.058127153372257045,-0.9214531511619862,-0.4310630565504354
poly:2,368.0,short_maxcorr,tddr+wavelet,ar_irls,HbO,4,20,0.5999999999999999,-0.0980513688291208,0.0980513688291208,0.0011245451913760658,0.11035450018674009,0.11353899485989308,0.8027398320307464,0.8025009459659941,0.24062242677208207,-0.06121564535401478,-0.9357649887105617,-0.4299232600491107
poly:5,368.0,baseline,tddr+wavelet,ar_irls,HbO,4,20,0.5999999999999999,-0.09027234155941927,0.09027234155941927,0.003799422508360608,0.11037259953626577,0.11501862985911,0.3072959403496984,0.3060368599625728,0.42657097093657814,-0.09366949638852413,-0.9569449759637199,-0.45372810150195586
legendre:5,368.0,baseline,tddr+wavelet,ar_irls,HbO,4,20,0.5999999999999999,-0.0902723415594287,0.0902723415594287,0.0037994225083595808,0.11037259953628917,0.11501862985915978,0.30729594034770846,0.3060368599605792,0.42657097093695234,-0.09366949638911763,-0.9569449759637287,-0.4537281015024346
dct:0.005,368.0,motion,tddr+wavelet,ar_irls,HbO,4,20,0.5999999999999999,-0.09077492057197295,0.09077492057197295,0.003375931238479901,0.11044826552313175,0.11520039110136768,0.34652958585377575,0.34454757064556757,0.42330154333076553,-0.08920839309200411,-0.9341253166305034,-0.42347674139485314
poly:2,368.0,motion,tddr+wavelet,ar_irls,HbO,4,20,0.5999999999999999,-0.09124443043975711,0.09124443043975711,0.003344469449188448,0.11076545065602761,0.11573999773981196,0.2689488550738064,0.26695387014223093,0.4372159456162856,-0.187572127568474,-0.9372766108136834,-0.41158792031615543
poly:3,368.0,short_maxcorr,tddr+wavelet,ar_irls,HbO,4,20,0.5999999999999999,-0.09850030577454745,0.09850030577454745,0.0010946860521458199,0.11078590610608544,0.11361299292436704,0.7926609002930571,0.7923469404206965,0.2595421812540433,-0.14647590612061237,-0.93615301601468,-0.42343010443477547
legendre:3,368.0,short_maxcorr,tddr+wavelet,ar_irls,HbO,4,20,0.5999999999999999,-0.09850030577454769,0.09850030577454769,0.0010946860521457978,0.11078590610608607,0.11361299292436726,0.7926609002930578,0.7923469404206972,0.2595421812540619,-0.14647590612017297,-0.9361530160146811,-0.4234301044347756
poly:3,368.0,baseline,tddr+wavelet,ar_irls,HbO,4,20,0.5999999999999999,-0.09063926266707027,0.09063926266707027,0.0035099240654896248,0.11131260566174539,0.11591530345074028,0.0960454685580458,0.09495076128412278,0.5239785019549688,-0.05449184314139396,-0.9334054868034954,-0.4191900200007014
legendre:3,368.0,baseline,tddr+wavelet,ar_irls,HbO,4,20,0.5999999999999999,-0.09063926266707016,0.09063926266707016,0.0035099240654895975,0.11131260566174556,0.11591530345073961,0.09604546855766383,0.0949507612837403,0.5239785019549776,-0.05449184314141195,-0.9334054868034966,-0.4191900200006994
poly:2,368.0,baseline,tddr+wavelet,ar_irls,HbO,4,20,0.5999999999999999,-0.09268230298808464,0.09268230298808464,0.003812130620721569,0.11163733666229028,0.11739841419938593,0.26838155955425513,0.2677172570962233,0.4358026851495514,-0.1878162617667289,-0.9383811962950933,-0.42592668605132444
dct:0.005,368.0,baseline,tddr+wavelet,ar_irls,HbO,4,20,0.5999999999999999,-0.09111280480264683,0.09111280480264683,0.003593411537597171,0.1119687711620968,0.11555792267202034,0.3350114393570304,0.33420612472107164,0.42477070275038514,-0.08115032021488418,-0.9284523421942725,-0.42928249611905855
none,368.0,global,tddr+wavelet,ar_irls,HbO,4,20,0.5999999999999999,-0.09820166962917196,0.09820166962917196,0.0011217119993558442,0.11236693893839057,0.11047729578909815,0.7287449726069307,0.7285808243301422,0.2614813285036174,-0.11912293709087307,-0.9706527996201185,-0.40144719011693797
legendre:5,368.0,global,tddr+wavelet,ar_irls,HbO,4,20,0.5999999999999999,-0.10400403654021241,0.10400403654021241,0.0012237491394101214,0.1123749062708789,0.10635155156357445,0.7937951330998732,0.7933577288367516,0.23973643154383006,0.18403307490307605,-0.9553638229635878,-0.4005853649873606
poly:5,368.0,global,tddr+wavelet,ar_irls,HbO,4,20,0.5999999999999999,-0.1040040365402159,0.1040040365402159,0.0012237491394096547,0.11237490627088456,0.10635155156357426,0.7937951331000688,0.7933577288369478,0.23973643154383717,0.18403307490362522,-0.9553638229636007,-0.40058536498736363
legendre:1,368.0,global,tddr+wavelet,ar_irls,HbO,4,20,0.5999999999999999,-0.10046526202717126,0.10046526202717126,0.001091443352402376,0.11250187291597769,0.10920225721657655,0.7540898869639407,0.753866602963,0.2569547090573422,-0.030550401822917742,-0.9663024478563922,-0.3966532664129531
poly:1,368.0,global,tddr+wavelet,ar_irls,HbO,4,20,0.5999999999999999,-0.10046526202717125,0.10046526202717125,0.0010914433524023778,0.11250187291597849,0.10920225721657631,0.7540898869639419,0.753866602963001,0.2569547090573418,-0.03055040182271929,-0.9663024478563931,-0.39665326641295334
poly:4,368.0,global,tddr+wavelet,ar_irls,HbO,4,20,0.5999999999999999,-0.10422840765054632,0.10422840765054632,0.001079262460925648,0.11275677206687247,0.10483983583525702,0.7834598795242009,0.7830662894839541,0.24292474961420102,0.14073483672604636,-0.9555212759515455,-0.39908834876865645
bspline:5,368.0,global,tddr+wavelet,ar_irls,HbO,4,20,0.5999999999999999,-0.1066238492685898,0.1066238492685898,0.0010783290399992975,0.114111541141295,0.10557166569237683,0.764247695029256,0.763819184326492,0.24848303225159857,0.1550705407115343,-0.9562919650363748,-0.3990510803223822
dct:0.005,368.0,global,tddr+wavelet,ar_irls,HbO,4,20,0.5999999999999999,-0.10646572683326982,0.10646572683326982,0.001087300484974905,0.11454695719708913,0.11012887113145606,0.8325046951082571,0.8322510680566343,0.21120427142623638,-0.04878350111795008,-0.9653594076910273,-0.39700054936162227
poly:3,368.0,global,tddr+wavelet,ar_irls,HbO,4,20,0.5999999999999999,-0.10725310724851811,0.10725310724851811,0.0010822369098910285,0.11475503937872392,0.10935154432639076,0.8125262544025207,0.8122423753207557,0.22446207274342628,0.11043832635230336,-0.9618105828176082,-0.3973582976057496
legendre:3,368.0,global,tddr+wavelet,ar_irls,HbO,4,20,0.5999999999999999,-0.1072531072485182,0.1072531072485182,0.001082236909891021,0.11475503937872414,0.10935154432638923,0.8125262544025322,0.8122423753207675,0.22446207274346264,0.11043832635260013,-0.9618105828176043,-0.39735829760574937
poly:2,368.0,global,tddr+wavelet,ar_irls,HbO,4,20,0.5999999999999999,-0.10739587283979438,0.10739587283979438,0.0010976553719918257,0.11496317054376795,0.10948872719037042,0.8081518256779172,0.8079194936472517,0.2183811436341948,-0.007942166044824844,-0.9606838404504346,-0.39714619773844717
butter:0.01,368.0,global,tddr+wavelet,ar_irls,HbO,4,20,0.5999999999999999,-0.1121612322025727,0.1121612322025727,0.001101117981926563,0.11767271640531438,0.1213026887446906,-0.19335953565500852,-0.19408168968566208,0.4272940967795826,-0.22919728752559698,-0.9621544546781257,-0.4259597961962462
poly:4,90.0,baseline,tddr+wavelet,ar_irls,HbR,4,20,-0.23999999999999902,0.014921532396765608,0.03393051173964022,0.0009558889613025554,0.04688984881116493,0.05045907369563819,0.4362929158560675,0.4327829091054826,0.07987877772363455,0.0811328323322311,-0.627684578216679,-0.37521256151076743
bspline:5,90.0,baseline,tddr+wavelet,ar_irls,HbR,4,20,-0.23999999999999902,0.012052599324913593,0.029186818140671852,0.0012036831598506695,0.049040411533520026,0.05298804707019937,0.4246194293832458,0.42103673591738805,0.0801597854424653,0.14567824323246298,-0.6195009524893262,-0.3861787234410553
poly:2,90.0,short_avg,tddr+wavelet,ar_irls,HbR,4,20,-0.23999999999999902,0.0314790335174029,0.032097105642182024,0.0010248130035228095,0.0501397851460855,0.06283921151379966,-0.0918497999819875,-0.0972818885391118,0.11765056363585345,0.2932642136940846,-0.4429190986895646,-0.47290112055291805
poly:4,90.0,motion,tddr+wavelet,ar_irls,HbR,4,20,-0.23999999999999902,0.020570437767916276,0.031004983201022983,0.0011107363933890789,0.050523922205559485,0.05221673911593292,0.44645791898941123,0.43881806592652983,0.07827273722870562,0.10009248434312253,-0.856370434939704,-0.3590755906206238
poly:5,90.0,motion,tddr+wavelet,ar_irls,HbR,4,20,-0.23999999999999902,0.01766927292646875,0.020984329015503456,0.0013351961915309052,0.050830052061489245,0.05552872692403775,0.4424081362941749,0.4340022288011223,0.08157745691284157,0.15346452058341317,-0.9058440438868398,-0.35149345717757574
legendre:5,90.0,motion,tddr+wavelet,ar_irls,HbR,4,20,-0.23999999999999902,0.017669272926500466,0.02098432901553851,0.0013351961915313258,0.0508300520614898,0.05552872692411022,0.4424081362941456,0.43400222880109257,0.08157745691284107,0.15346452057913726,-0.9058440438870854,-0.35149345717734315
poly:3,90.0,global,tddr+wavelet,ar_irls,HbR,4,20,-0.23999999999999902,0.008809298123473065,0.02907752455026412,0.0009899614158385842,0.05090167043872197,0.05511272378179416,0.06568205267457078,0.059864381769680175,0.09158308875974068,-0.06875330810256071,-0.6901631259385145,-0.5158954446569997
legendre:3,90.0,global,tddr+wavelet,ar_irls,HbR,4,20,-0.23999999999999902,0.00880929812347564,0.029077524550264015,0.0009899614158385957,0.05090167043872383,0.055112723781793826,0.0656820526743721,0.05986438176948028,0.09158308875973897,-0.0687533081027578,-0.6901631259385133,-0.5158954446570094
bspline:5,90.0,motion,tddr+wavelet,ar_irls,HbR,4,20,-0.23999999999999902,0.017393081975707526,0.02758846556756525,0.001371214038059584,0.051413287372483574,0.054793771942685386,0.4427999537205355,0.43510961431140865,0.07831878018740152,0.15663325287658855,-0.8677910921274073,-0.3568447456643639
poly:5,90.0,baseline,tddr+wavelet,ar_irls,HbR,4,20,-0.23999999999999902,0.02072768562864344,0.02361756055628367,0.0012419491245107407,0.051972631846038536,0.05423139997232592,0.43952474671374125,0.43533166501833287,0.07824258294532438,0.2246807364073919,-0.6335952210953519,-0.36447014251935084
legendre:5,90.0,baseline,tddr+wavelet,ar_irls,HbR,4,20,-0.23999999999999902,0.020727685628678952,0.023617560556283952,0.0012419491245110592,0.051972631846046474,0.054231399972325046,0.4395247467137361,0.43533166501832765,0.07824258294531941,0.2246807364058086,-0.6335952210957604,-0.3644701425195873
butter:0.01,90.0,global,tddr+wavelet,ar_irls,HbR,4,20,-0.23999999999999902,0.009445600185372438,0.02497614400980594,0.0010393674880570642,0.052480638549988315,0.05698155030657144,-0.1518389626633112,-0.15469712386098688,0.10935358076096985,0.2760928165987479,-0.6405228823138789,-0.6044126951653997
poly:4,90.0,motion,wavelet,ar_irls,HbR,4,20,-0.23999999999999902,-0.016451745256307923,0.019341573765540188,0.002041281718773388,0.05268784345155726,0.06260445643701792,0.4306553774791485,0.4227974215848833,0.09188333344707891,0.5753722798005476,-0.8810501743289755,-0.3296371314076302
dct:0.02,90.0,short_avg,tddr+wavelet,ar_irls,HbR,4,20,-0.23999999999999902,0.01547691435723196,0.03357193648846121,0.0010571264187527072,0.05271207424648995,0.0625770997571102,0.0167545068158384,0.010632181204479951,0.109849141254941,0.44484381051394545,-0.5284969175756667,-0.5114692560116733
poly:3,90.0,baseline,tddr+wavelet,ar_irls,HbR,4,20,-0.23999999999999902,0.038154175162827195,0.04478289120011675,0.0010355485917718798,0.05341872891014349,0.05684239853828878,0.2811576945644335,0.2775813646866446,0.08613309944929404,0.226060422024941,-0.6108236130331711,-0.3599747490408781
legendre:3,90.0,baseline,tddr+wavelet,ar_irls,HbR,4,20,-0.23999999999999902,0.038154175162828624,0.0447828912001168,0.0010355485917718794,0.05341872891014714,0.0568423985382893,0.28115769456443224,0.2775813646866434,0.08613309944929476,0.2260604220249623,-0.6108236130331869,-0.35997474904088145
legendre:3,90.0,baseline,wavelet,ar_irls,HbR,4,20,-0.23999999999999902,-0.015117341536684155,0.019556270305172513,0.0020357695859620295,0.05382787458178767,0.06113504321463166,0.2745995283934042,0.2709905708232221,0.09761459534349642,0.4023178970798042,-0.8248591949141808,-0.31817404988646525
poly:3,90.0,baseline,wavelet,ar_irls,HbR,4,20,-0.23999999999999902,-0.015117341536683954,0.019556270305173214,0.0020357695859620417,0.053827874581788136,0.06113504321463224,0.27459952839340207,0.27099057082322,0.0976145953434964,0.4023178970796739,-0.8248591949142452,-0.31817404988648323
poly:4,90.0,global,tddr+wavelet,ar_irls,HbR,4,20,-0.23999999999999902,0.009283539230418622,0.02024447035230105,0.0013131615549358414,0.05412992142864184,0.05788821010891151,0.2055438944522595,0.1996003325653687,0.08615967332183347,0.25574210940781683,-0.7032372125125042,-0.5021507279992545
poly:5,90.0,global,tddr+wavelet,ar_irls,HbR,4,20,-0.23999999999999902,0.01542808638082565,0.03620419282667074,0.0015327817713255173,0.055308287249040924,0.06295626245163838,0.20486905086867907,0.1979203409511769,0.09211026707027714,0.1786406080829307,-0.7544355576731776,-0.4722870670880741
legendre:5,90.0,global,tddr+wavelet,ar_irls,HbR,4,20,-0.23999999999999902,0.015428086380844246,0.03620419282677806,0.001532781771324965,0.05530828724906742,0.06295626245165617,0.20486905086516816,0.19792034094763528,0.0921102670701947,0.17864060808520768,-0.7544355576729899,-0.47228706708805607
bspline:5,90.0,global,tddr+wavelet,ar_irls,HbR,4,20,-0.23999999999999902,0.007089670735034956,0.02166819426454228,0.0016111408854556151,0.055508010576443834,0.060807741511761146,0.2204230363495342,0.21459078973868284,0.08412468090997055,0.2786584298383407,-0.7072990185218473,-0.507545810003439
dct:0.005,90.0,global,tddr+wavelet,ar_irls,HbR,4,20,-0.23999999999999902,0.01316824637089685,0.025453071132595803,0.001014801421887775,0.05582207145383955,0.05741419391160788,0.3244351424298751,0.32275880283292696,0.09823645016858723,0.2331612799119324,-0.5250243857965939,-0.5798020055129787
none,90.0,global,tddr+wavelet,ar_irls,HbR,4,20,-0.23999999999999902,0.01316824637089685,0.025453071132595803,0.001014801421887775,0.05582207145383955,0.05741419391160788,0.3244351424298751,0.32275880283292696,0.09823645016858723,0.2331612799119324,-0.5250243857965939,-0.5798020055129787
dct:0.01,90.0,global,tddr+wavelet,ar_irls,HbR,4,20,-0.23999999999999902,0.013168246372857476,0.025453071133360566,0.0010148014218947026,0.055822071468865864,0.05741419391269623,0.32443514242730637,0.32191750941771874,0.09823645016922725,0.23316127994027794,-0.5250243857709632,-0.5798020055247051
poly:4,90.0,short_maxcorr,tddr+wavelet,ar_irls,HbR,4,20,-0.23999999999999902,0.026481655280400584,0.030403342509245243,0.0012890291238217648,0.056499830288448905,0.05738721711283774,0.4918244124052662,0.48802260002924575,0.07953836317364563,-0.009065113187763783,-0.8373445379209161,-0.3820985090791133
poly:3,90.0,short_avg,tddr+wavelet,ar_irls,HbR,4,20,-0.23999999999999902,0.0203369324386865,0.028074645662375594,0.001076863795554802,0.056818793508995796,0.060816032126283434,-0.21765678373391473,-0.2252387064221708,0.10688829922554885,0.32753751344192966,-0.5587817336916897,-0.4426098199841968
legendre:3,90.0,short_avg,tddr+wavelet,ar_irls,HbR,4,20,-0.23999999999999902,0.020336932438688213,0.02807464566237669,0.00107686379555495,0.056818793508996074,0.06081603212628448,-0.2176567837339083,-0.22523870642216426,0.1068882992255489,0.32753751344191334,-0.558781733691715,-0.44260981998418586
legendre:3,90.0,motion,wavelet,ar_irls,HbR,4,20,-0.23999999999999902,-0.005054212670242503,0.016967130354303195,0.0019872103077338875,0.05743411385708444,0.05956812477680158,0.2542950342571677,0.2449503605009919,0.09522001136271066,0.3521811299562184,-0.75221855014653,-0.3185737242184704
poly:3,90.0,motion,wavelet,ar_irls,HbR,4,20,-0.23999999999999902,-0.005054212670233926,0.016967130354306956,0.001987210307734129,0.05743411385708508,0.05956812477680039,0.2542950342571694,0.2449503605009935,0.09522001136271104,0.3521811299563016,-0.7522185501465379,-0.31857372421847674
poly:4,90.0,baseline,wavelet,ar_irls,HbR,4,20,-0.23999999999999902,-0.01991354413484131,0.023307408719801484,0.0022226051829053583,0.05760773042584845,0.0655856569406899,0.4024265564190178,0.3987056756993355,0.09560827364870633,0.5672639397193191,-0.8730598261565119,-0.33442615222782546
legendre:1,90.0,short_avg,tddr+wavelet,ar_irls,HbR,4,20,-0.23999999999999902,0.028592462266105022,0.02925969178156058,0.001160753146651883,0.05768332957351267,0.061778832027217664,-0.05481222395275487,-0.05874320118487697,0.11661425484256213,0.24801103470252037,-0.2922520265367117,-0.45554113487820913
poly:1,90.0,short_avg,tddr+wavelet,ar_irls,HbR,4,20,-0.23999999999999902,0.02859246226610514,0.029259691781560643,0.0011607531466516826,0.05768332957351394,0.06177883202721742,-0.054812223952752204,-0.058743201184874194,0.11661425484256184,0.24801103470251515,-0.292252026536717,-0.455541134878209
dct:0.02,90.0,global,tddr+wavelet,ar_irls,HbR,4,20,-0.23999999999999902,0.020523502134930288,0.025239878164316748,0.0009378349296661039,0.05820996293265682,0.0591871659447752,0.180474023037194,0.17537112156170953,0.09668396195228093,0.24837639812454063,-0.6139389566219243,-0.5177049610940242
dct:0.01,90.0,short_avg,tddr+wavelet,ar_irls,HbR,4,20,-0.23999999999999902,0.033230051798813005,0.033230051798813005,0.0012065166905685517,0.05857416432229062,0.06389552379480998,-0.08845491443249542,-0.0925112681508774,0.11935784672784841,0.21705521946325274,-0.18906344367618846,-0.44765099667935687
dct:0.005,90.0,short_avg,tddr+wavelet,ar_irls,HbR,4,20,-0.23999999999999902,0.03323005179933789,0.03323005179933789,0.001206516690545792,0.058574164322447324,0.06389552379473837,-0.08845491443218512,-0.0911557951131583,0.11935784672790643,0.21705521945501732,-0.18906344369126227,-0.44765099667901387
none,90.0,short_avg,tddr+wavelet,ar_irls,HbR,4,20,-0.23999999999999902,0.03323005179933789,0.03323005179933789,0.001206516690545792,0.058574164322447324,0.06389552379473837,-0.08845491443218512,-0.0911557951131583,0.11935784672790643,0.21705521945501732,-0.18906344369126227,-0.44765099667901387
bspline:5,90.0,short_maxcorr,tddr+wavelet,ar_irls,HbR,4,20,-0.23999999999999902,0.02203886780584978,0.031564662859656714,0.0014766126373970258,0.058745547944558385,0.05977329839919232,0.49208246647533643,0.4882825846783938,0.07964695050345126,0.02792216451748147,-0.8499631669946317,-0.38666746677183483
butter:0.01,90.0,short_avg,tddr+wavelet,ar_irls,HbR,4,20,-0.23999999999999902,0.004975412290130023,0.027979643000893076,0.0008914404610643712,0.058929313352201765,0.059145695354753905,-0.3267826316653367,-0.3300748962600397,0.11195442610315016,0.4575362694274448,-0.5226756207786721,-0.5160136144481708
poly:5,90.0,motion,wavelet,ar_irls,HbR,4,20,-0.23999999999999902,-0.010270077267121008,0.02178002748161805,0.002695627938639337,0.059443729980922205,0.0679101708198063,0.416919209925947,0.40812904726151406,0.09749391727000238,0.4784844913250779,-0.894175038471367,-0.3075160136439884
legendre:5,90.0,motion,wavelet,ar_irls,HbR,4,20,-0.23999999999999902,-0.010270077267105743,0.021780027481615664,0.0026956279386509945,0.05944372998092856,0.0679101708199931,0.41691920992598763,0.40812904726155524,0.09749391726999658,0.4784844913198655,-0.8941750384747097,-0.30751601364276426
poly:5,90.0,baseline,wavelet,ar_irls,HbR,4,20,-0.23999999999999902,-0.014640327967467351,0.019755492753822518,0.0027554489540570913,0.059676185945493024,0.06945864971284854,0.3929283977373223,0.38838671492737703,0.10106789764740506,0.4062457881919306,-0.8692424243760378,-0.32480704882966416
legendre:5,90.0,baseline,wavelet,ar_irls,HbR,4,20,-0.23999999999999902,-0.01464032796753413,0.019755492753818854,0.002755448954057509,0.05967618594549806,0.06945864971285408,0.3929283977373209,0.3883867149273757,0.10106789764740506,0.4062457881928232,-0.8692424243762847,-0.32480704882936
dct:0.02,90.0,baseline,wavelet,ar_irls,HbR,4,20,-0.23999999999999902,0.011605838614593661,0.023811116354581947,0.002350374350364389,0.05978836550362507,0.06597921863879476,0.1504206221868195,0.1461938591131221,0.1235947748628046,0.5200832577280526,-0.8621284897388249,-0.29308107737527034
poly:2,90.0,global,tddr+wavelet,ar_irls,HbR,4,20,-0.23999999999999902,0.017357775844231052,0.027551951165678358,0.0008490681247672258,0.06052479641006843,0.058079964978848264,0.1401861682658332,0.13590848751093687,0.1089699719497683,0.08255160210534575,-0.5358068613565036,-0.5451283119427761
bspline:5,90.0,motion,wavelet,ar_irls,HbR,4,20,-0.23999999999999902,-0.018637771357065305,0.02292346555708688,0.0024308175581255267,0.06059516744975287,0.06782911338441311,0.4064959770319674,0.39830457897343746,0.09230908233928212,0.5449511970614309,-0.8953396625193338,-0.32413057974128945
butter:0.01,90.0,baseline,wavelet,ar_irls,HbR,4,20,-0.23999999999999902,0.028352141873598025,0.031669853425830695,0.0016647505678408488,0.06066229540109573,0.07019125228219388,-0.013369309333961965,-0.014625033385181285,0.1199431226240312,0.5202472469716488,-0.7429923430760152,-0.2764917387715594
legendre:1,90.0,baseline,wavelet,ar_irls,HbR,4,20,-0.23999999999999902,0.019083203086334197,0.026662637829355962,0.0020885377986561158,0.06084504585768817,0.06867644882713639,0.10491539358967178,0.10269433997575034,0.12876512279538116,0.3559466604522539,-0.864529989712675,-0.29997927543867386
poly:1,90.0,baseline,wavelet,ar_irls,HbR,4,20,-0.23999999999999902,0.01908320308633464,0.026662637829355962,0.002088537798656122,0.06084504585768824,0.0686764488271363,0.10491539358967306,0.10269433997575161,0.1287651227953812,0.3559466604522451,-0.864529989712676,-0.29997927543867253
legendre:5,90.0,short_avg,tddr+wavelet,ar_irls,HbR,4,20,-0.23999999999999902,-0.0026883644492786962,0.03213158817942739,0.001599927519961754,0.06114839192294223,0.06766562105602916,-0.04248313973859963,-0.051593479286877075,0.10749202268529628,0.46644410942450765,-0.6672532272174715,-0.46547131115751533
poly:5,90.0,short_avg,tddr+wavelet,ar_irls,HbR,4,20,-0.23999999999999902,-0.002688364449395672,0.0321315881792866,0.0015999275199612584,0.061148391922957956,0.06766562105602583,-0.04248313973863527,-0.051593479286912935,0.1074920226853033,0.4664441094246531,-0.6672532272175258,-0.4654713111574385
poly:1,90.0,global,tddr+wavelet,ar_irls,HbR,4,20,-0.23999999999999902,0.017555388265085868,0.02733175360548356,0.0008932762647943449,0.06120220677026175,0.05807684295076464,0.07865118307282831,0.07521758499732334,0.11721090675207707,0.33579073436424284,-0.5642309499729017,-0.5791541642472982
legendre:1,90.0,global,tddr+wavelet,ar_irls,HbR,4,20,-0.23999999999999902,0.017555388265086014,0.027331753605482997,0.0008932762647943602,0.06120220677026175,0.05807684295076482,0.07865118307282976,0.07521758499732478,0.11721090675208334,0.3357907343642521,-0.56423094997291,-0.5791541642473004
poly:4,90.0,short_avg,tddr+wavelet,ar_irls,HbR,4,20,-0.23999999999999902,0.006608876784337678,0.030793720445394888,0.0013748449595271267,0.061317968210193315,0.061643491346065005,0.0818969315616846,0.07502833005217097,0.09925915716132072,0.46615019640493927,-0.783865522134611,-0.49134801011779816
poly:2,90.0,baseline,wavelet,ar_irls,HbR,4,20,-0.23999999999999902,0.018931594456421834,0.020993252881673023,0.0021482464517803023,0.06141941604175104,0.06843186624891451,0.13450235071903838,0.13127689364097267,0.13518884359564975,0.24624121814538993,-0.827168611228649,-0.2863117344139636
dct:0.01,90.0,baseline,wavelet,ar_irls,HbR,4,20,-0.23999999999999902,0.01766115139245225,0.024961082836363273,0.0022413501977729035,0.062210897652436904,0.07018052193682663,-0.015734094819847888,-0.018254526816919525,0.13726299137992765,-0.08559715652119967,-0.7907554371551169,-0.29665801847708834
dct:0.005,90.0,baseline,wavelet,ar_irls,HbR,4,20,-0.23999999999999902,0.01766115138016025,0.024961082837961925,0.0022413501977842903,0.06221089765270475,0.07018052192601511,-0.015734094824307876,-0.01699274921690308,0.13726299137995496,-0.0855971566003694,-0.7907554371954009,-0.2966580184759804
none,90.0,baseline,wavelet,ar_irls,HbR,4,20,-0.23999999999999902,0.01766115138016025,0.024961082837961925,0.0022413501977842903,0.06221089765270475,0.07018052192601511,-0.015734094824307876,-0.01699274921690308,0.13726299137995496,-0.0855971566003694,-0.7907554371954009,-0.2966580184759804
poly:5,90.0,short_maxcorr,tddr+wavelet,ar_irls,HbR,4,20,-0.23999999999999902,0.025012268842282484,0.03267342650743639,0.0013281458405463103,0.06222128010448676,0.06182174510077384,0.4935873934695133,0.48916181513528934,0.08118679830047767,0.1264358303256132,-0.8622893769860239,-0.3623913860476563
legendre:5,90.0,short_maxcorr,tddr+wavelet,ar_irls,HbR,4,20,-0.23999999999999902,0.02501226884228608,0.032673426507395506,0.0013281458405454906,0.062221280104495486,0.06182174510077385,0.49358739346996094,0.48916181513574086,0.08118679830047743,0.1264358303257943,-0.8622893769860485,-0.3623913860476381
bspline:5,90.0,baseline,wavelet,ar_irls,HbR,4,20,-0.23999999999999902,-0.022694932131475748,0.026021742278735625,0.00236895784168742,0.06233603640685932,0.06960283240283964,0.40083628638749097,0.3971055036128178,0.09581454193678704,0.545693066056899,-0.8662450149427358,-0.34112185245915716
legendre:1,90.0,motion,wavelet,ar_irls,HbR,4,20,-0.23999999999999902,0.02680486200215946,0.028097645327929348,0.0020460886352791866,0.06302794449585633,0.06973574380284148,0.11582095333087777,0.10697916286418652,0.12570081300782396,0.3368306195857769,-0.8762014910018251,-0.2754648599663675
poly:1,90.0,motion,wavelet,ar_irls,HbR,4,20,-0.23999999999999902,0.026804862002159688,0.028097645327930028,0.002046088635279132,0.0630279444958564,0.06973574380284142,0.11582095333087866,0.10697916286418735,0.12570081300782396,0.3368306195857712,-0.8762014910018197,-0.2754648599663667
legendre:3,90.0,motion,tddr+wavelet,ar_irls,HbR,4,20,-0.23999999999999902,0.048375979188813104,0.048375979188813104,0.0010316945753433499,0.06336708793499932,0.06237831629094485,0.2990984598957612,0.29031523257615927,0.08389924732096403,0.203571327638172,-0.5796940490561348,-0.3043171245099878
poly:3,90.0,motion,tddr+wavelet,ar_irls,HbR,4,20,-0.23999999999999902,0.04837597918881231,0.04837597918881231,0.0010316945753434978,0.06336708793501011,0.06237831629094661,0.2990984598957678,0.29031523257616587,0.08389924732096388,0.20357132763819763,-0.5796940490561332,-0.30431712450995174
butter:0.01,90.0,short_maxcorr,tddr+wavelet,ar_irls,HbR,4,20,-0.23999999999999902,0.044289878875731006,0.044289878875731006,0.0008811642096826099,0.06338093030697903,0.06469508911133762,0.08235953008561048,0.08008250658706362,0.0937910356957587,0.30507636328203624,-0.5281235116808826,-0.3658818172596695
dct:0.02,90.0,motion,wavelet,ar_irls,HbR,4,20,-0.23999999999999902,0.01803244784297328,0.029010325807194603,0.002577851352449613,0.06383875961889622,0.0684353552931315,0.1696310165401652,0.1592253901810194,0.11961786916364807,0.4846514756917518,-0.8246138703742881,-0.26968205062409234
bspline:5,90.0,short_avg,tddr+wavelet,ar_irls,HbR,4,20,-0.23999999999999902,0.0006099917027294691,0.025115269360424755,0.0021225959365243573,0.06454219004833658,0.06677870137483988,0.07931535919958882,0.0724274441811319,0.10275673264173699,0.470762753989112,-0.770692644266614,-0.5189848351618886
butter:0.01,90.0,motion,wavelet,ar_irls,HbR,4,20,-0.23999999999999902,0.03462959371492952,0.03537643821100263,0.00209463066168123,0.06607542444154202,0.07510011526344249,-0.02402803983336943,-0.032977098858130494,0.11927204791720403,0.47853499700562946,-0.6326519721210322,-0.2590040222726543
dct:0.02,90.0,baseline,tddr+wavelet,ar_irls,HbR,4,20,-0.23999999999999902,0.05658870522836394,0.05658870522836394,0.0006701148537636994,0.06615929150867217,0.06691645477189503,0.27469233679587957,0.27108384095904314,0.09417137633476405,0.1808299238130062,-0.7293663095726991,-0.2891073380621345
poly:2,90.0,motion,wavelet,ar_irls,HbR,4,20,-0.23999999999999902,0.021466062198381403,0.02400923067818199,0.0022160856414783587,0.06732131632638322,0.07125964566082091,0.16308628318953866,0.15365922004649213,0.13476251062255096,0.31305679421316707,-0.7988687828643428,-0.25583312482366916
dct:0.02,90.0,short_maxcorr,tddr+wavelet,ar_irls,HbR,4,20,-0.23999999999999902,0.053336511762158485,0.053336511762158485,0.0010077615816613027,0.06795330222182228,0.07174932518691116,0.33197368241870534,0.3278141163067421,0.09206255848818859,0.12291879199703375,-0.741539502474117,-0.3405935066370662
dct:0.005,90.0,global,wavelet,ar_irls,HbR,4,20,-0.23999999999999902,-0.032223981351793454,0.032223981351793454,0.0035243331261788375,0.0685354960508037,0.08137318110387529,-0.3976153860465448,-0.40108341429976213,0.17006918199007187,-0.15177876393189413,-0.7768404211418153,-0.5360488146194007
none,90.0,global,wavelet,ar_irls,HbR,4,20,-0.23999999999999902,-0.032223981351793454,0.032223981351793454,0.0035243331261788375,0.0685354960508037,0.08137318110387529,-0.3976153860465448,-0.40108341429976213,0.17006918199007187,-0.15177876393189413,-0.7768404211418153,-0.5360488146194007
dct:0.01,90.0,global,wavelet,ar_irls,HbR,4,20,-0.23999999999999902,-0.03222398135173049,0.03222398135173049,0.003524333128177618,0.0685354960508377,0.08137318110597883,-0.3976153860471743,-0.4028238905914495,0.17006918198965196,-0.15177876394061432,-0.7768404211399897,-0.5360488146259885
poly:2,90.0,global,wavelet,ar_irls,HbR,4,20,-0.23999999999999902,-0.023344934153793767,0.023344934153793767,0.0034448610185454642,0.06942046323914917,0.07884257858247093,-0.22242633832693204,-0.22850806140318536,0.16596116441450484,0.19314893830282295,-0.7243244770505127,-0.5081399078239396
dct:0.01,90.0,motion,wavelet,ar_irls,HbR,4,20,-0.23999999999999902,0.026409519789023658,0.029114428784559068,0.0018728083234729235,0.06960621525061915,0.07262673147591989,-0.005710787314458399,-0.01576789518760302,0.14026203211846353,-0.01696434465047181,-0.8075541332836638,-0.2744556519337099
dct:0.005,90.0,motion,wavelet,ar_irls,HbR,4,20,-0.23999999999999902,0.026409519789023367,0.02911442878455625,0.001872808323472986,0.06960621525061925,0.07262673147592053,-0.005710787314459065,-0.014499770474510565,0.1402620321184635,-0.016964344650468997,-0.8075541332836726,-0.2744556519337039
none,90.0,motion,wavelet,ar_irls,HbR,4,20,-0.23999999999999902,0.026409519789023367,0.02911442878455625,0.001872808323472986,0.06960621525061925,0.07262673147592053,-0.005710787314459065,-0.014499770474510565,0.1402620321184635,-0.016964344650468997,-0.8075541332836726,-0.2744556519337039
legendre:3,90.0,short_maxcorr,tddr+wavelet,ar_irls,HbR,4,20,-0.23999999999999902,0.03449724187735345,0.040762127776859766,0.0011609950805005858,0.07114577894341505,0.062455012291218893,0.44835029040068464,0.4449153607020587,0.08609851287579517,0.1831681355966803,-0.7380210981065791,-0.3624021677782623
poly:3,90.0,short_maxcorr,tddr+wavelet,ar_irls,HbR,4,20,-0.23999999999999902,0.03449724187735147,0.04076212777685716,0.001160995080500615,0.07114577894341532,0.06245501229121862,0.44835029040068763,0.4449153607020618,0.08609851287579506,0.1831681355966274,-0.7380210981065833,-0.3624021677782656
poly:1,90.0,global,wavelet,ar_irls,HbR,4,20,-0.23999999999999902,-0.0234828410646805,0.0234828410646805,0.003443229961831184,0.07128994958043347,0.0812152151232454,-2.0641237351390793,-2.075542829804194,0.21647239858710698,-0.055327013680667184,-0.763884337346845,-0.5224619848692249
legendre:1,90.0,global,wavelet,ar_irls,HbR,4,20,-0.23999999999999902,-0.023482841064681056,0.023482841064681056,0.003443229961831209,0.07128994958043391,0.08121521512324474,-2.0641237351383905,-2.075542829803503,0.21647239858710904,-0.055327013696278945,-0.7638843373468558,-0.5224619848692286
legendre:5,90.0,global,wavelet,ar_irls,HbR,4,20,-0.23999999999999902,-0.019503435482399974,0.020466755399101054,0.00398238492033739,0.07174981272656211,0.08420974453120551,0.12562948409104557,0.11798829356499974,0.09777036654546616,0.12112651398640906,-0.8261818928941055,-0.4928695513300745
poly:5,90.0,global,wavelet,ar_irls,HbR,4,20,-0.23999999999999902,-0.01950343548237348,0.020466755399030846,0.003982384920327767,0.07174981272656668,0.08420974453119062,0.1256294840934959,0.11798829356747143,0.09777036654584007,0.12112651396102028,-0.826181892894446,-0.4928695513301441
dct:0.02,90.0,motion,tddr+wavelet,ar_irls,HbR,4,20,-0.23999999999999902,0.06221854523265468,0.06221854523265468,0.0009331912731561716,0.07186674273053076,0.07154595032795791,0.2796971726681621,0.2706708214484649,0.09520659241565646,0.185840384261556,-0.7527688174229273,-0.2806900492414749
butter:0.01,90.0,global,wavelet,ar_irls,HbR,4,20,-0.23999999999999902,-0.02847412580606564,0.02847412580606564,0.003540716218346947,0.07190610371189793,0.08447280326177424,-0.05872864037277359,-0.061355758587098075,0.14398908835854188,0.48554836755947645,-0.8099975029931207,-0.5605504874024566
dct:0.02,90.0,short_maxcorr,wavelet,ar_irls,HbR,4,20,-0.23999999999999902,-0.005088058005984365,0.012353772784388678,0.003961041319486715,0.07235464231668251,0.0849844250039685,0.04149887219464199,0.03553062108751026,0.13176049239708199,0.0685043958934451,-0.7851297966044314,-0.4004995807827173
butter:0.01,90.0,baseline,tddr+wavelet,ar_irls,HbR,4,20,-0.23999999999999902,0.06146754012184471,0.06146754012184471,0.0005351780393836276,0.07235745631282708,0.0781044602885618,-0.02481799963466569,-0.02608791041488212,0.0933006351769431,0.3330620108778761,-0.6205298106105415,-0.26594308078499973
poly:3,90.0,global,wavelet,ar_irls,HbR,4,20,-0.23999999999999902,-0.01803473558087325,0.01803473558087325,0.0028855581167288565,0.07238320296096204,0.07944699483638908,-0.5960674325098835,-0.6060055858879028,0.1613594781649946,0.09872180721102135,-0.7886080672864532,-0.47942008652666024
legendre:3,90.0,global,wavelet,ar_irls,HbR,4,20,-0.23999999999999902,-0.018034735580873096,0.018034735580873096,0.002885558116729062,0.07238320296096312,0.0794469948363885,-0.5960674325100407,-0.606005585888061,0.16135947816497687,0.09872180721094001,-0.7886080672864506,-0.47942008652667256
dct:0.02,90.0,global,wavelet,ar_irls,HbR,4,20,-0.23999999999999902,-0.018795923531085057,0.018795923531085057,0.0035718498759279016,0.07304271913235101,0.08029897075576574,-0.1350512968570976,-0.14211886408534857,0.16661414922788176,0.3677941166009016,-0.745146531849204,-0.4927808734566837
poly:1,90.0,short_maxcorr,wavelet,ar_irls,HbR,4,20,-0.23999999999999902,-0.0047436338640595155,0.019816454657925975,0.00351841997968898,0.07396971169869421,0.08709926600310851,0.05091787735718889,0.04738092534733984,0.13527508545943528,0.4614919801322851,-0.7348259195289125,-0.40477640212059407
legendre:1,90.0,short_maxcorr,wavelet,ar_irls,HbR,4,20,-0.23999999999999902,-0.004743633864060043,0.019816454657926225,0.0035184199796889906,0.07396971169869465,0.0870992660031085,0.050917877357572916,0.04738092534772537,0.13527508545943448,0.4614919801323079,-0.7348259195289103,-0.4047764021205937
poly:2,90.0,short_maxcorr,wavelet,ar_irls,HbR,4,20,-0.23999999999999902,0.0031443115036000474,0.017309427084621826,0.0034374026581076448,0.07471912986073914,0.08331520955380693,-0.022845478675175612,-0.027934262151171563,0.15213497561819292,-0.044449116287815976,-0.7984750158637065,-0.3900844578467248
legendre:5,90.0,short_maxcorr,wavelet,ar_irls,HbR,4,20,-0.23999999999999902,-0.022089908865109392,0.02236008399639902,0.004847936957673689,0.07622846319366229,0.09100558896586297,0.3233563827644151,0.3174431426637296,0.11959301689012031,0.4338334265127787,-0.7093055262451715,-0.3773589665684465
poly:5,90.0,short_maxcorr,wavelet,ar_irls,HbR,4,20,-0.23999999999999902,-0.022089908865039615,0.022360083996412414,0.004847936957675948,0.07622846319367399,0.09100558896586118,0.32335638276268075,0.31744314266198004,0.11959301689022112,0.43383342651272283,-0.7093055262450861,-0.37735896656844137
butter:0.01,90.0,motion,tddr+wavelet,ar_irls,HbR,4,20,-0.23999999999999902,0.06930167300891338,0.06930167300891338,0.0007433075055377575,0.07646286928256128,0.08183986109478363,-0.04084667147314858,-0.049942709800629315,0.09363868284686712,0.36377166258445126,-0.44482945477866087,-0.2511238428752274
poly:2,90.0,baseline,tddr+wavelet,ar_irls,HbR,4,20,-0.23999999999999902,0.07031874138373119,0.07031874138373119,0.0007286404806602887,0.07697230362380789,0.08328459593272364,0.189685627811519,0.1866658226977731,0.10155718858336298,0.22666858492364536,-0.6851409269309336,-0.26208835193872004
poly:4,90.0,short_maxcorr,wavelet,ar_irls,HbR,4,20,-0.23999999999999902,-0.0285173349272492,0.0285173349272492,0.003667456160830326,0.07725260909833616,0.08753779452503262,0.28815994718412935,0.28283446050470884,0.12010592404890733,0.4623516535068678,-0.7535714968622832,-0.3985400622159735
poly:3,90.0,short_maxcorr,wavelet,ar_irls,HbR,4,20,-0.23999999999999902,-0.026255896541081708,0.026255896541081708,0.003359663042346498,0.07747334001067621,0.08352478092728428,0.22000213147207182,0.2151453576954347,0.12469203806923068,0.5382703714535764,-0.7725442109250822,-0.3789525049777138
legendre:3,90.0,short_maxcorr,wavelet,ar_irls,HbR,4,20,-0.23999999999999902,-0.02625589654107853,0.02625589654107853,0.003359663042346487,0.07747334001067631,0.08352478092728326,0.22000213147206643,0.21514535769542925,0.12469203806922624,0.5382703714535542,-0.7725442109250709,-0.3789525049777105
bspline:8,90.0,motion,wavelet,ar_irls,HbR,4,20,-0.23999999999999902,0.04172298640864149,0.04172298640864149,0.005486923089445148,0.07837295296945027,0.09614141576387814,0.3759631962893005,0.3649600284656862,0.09729900097389203,0.18352491003902127,-0.6350968252438184,-0.32750005748536426
bspline:5,90.0,short_maxcorr,wavelet,ar_irls,HbR,4,20,-0.23999999999999902,-0.029144720167606136,0.029144720167606136,0.003856770386096232,0.08027320310189684,0.09198012844201889,0.2864726383253227,0.28113452838760694,0.1175210129970038,0.4571251219859699,-0.7622539324884292,-0.39760596251974056
dct:0.01,90.0,short_maxcorr,wavelet,ar_irls,HbR,4,20,-0.23999999999999902,-0.0029640611119234467,0.010995002256138246,0.004277902123395057,0.08029291418977558,0.08506983185346553,-0.27426775601746556,-0.2790165799529344,0.16093381415446678,-0.11664540165587196,-0.7516292269456678,-0.4201099208651873
dct:0.005,90.0,short_maxcorr,wavelet,ar_irls,HbR,4,20,-0.23999999999999902,-0.002964061111379618,0.010995002247512944,0.004277902126736053,0.08029291418987668,0.08506983185534557,-0.27426775601826225,-0.27742971074783607,0.16093381415446584,-0.11664540170203458,-0.7516292269453491,-0.42010992074882336
none,90.0,short_maxcorr,wavelet,ar_irls,HbR,4,20,-0.23999999999999902,-0.002964061111379618,0.010995002247512944,0.004277902126736053,0.08029291418987668,0.08506983185534557,-0.27426775601826225,-0.27742971074783607,0.16093381415446584,-0.11664540170203458,-0.7516292269453491,-0.42010992074882336
bspline:8,90.0,baseline,wavelet,ar_irls,HbR,4,20,-0.23999999999999902,0.04132382812643595,0.04132382812643595,0.005336230296409294,0.0809760927359642,0.09602417215361812,0.3673889640125114,0.3610628536526365,0.10102187242938113,0.2254397622283473,-0.4963143135509779,-0.3233448088188787
bspline:5,90.0,global,wavelet,ar_irls,HbR,4,20,-0.23999999999999902,-0.030086282873856424,0.030086282873856424,0.004043989418790403,0.08162375809105357,0.09170746495938248,-0.7521795912157152,-0.7652881667110946,0.14856979627310032,0.3016298121138906,-0.7753822680420693,-0.49226415886934816
poly:2,90.0,short_maxcorr,tddr+wavelet,ar_irls,HbR,4,20,-0.23999999999999902,0.06347783742350074,0.06347783742350074,0.000926242960609196,0.08205435942840815,0.07996205546441007,0.2591901985139274,0.25550457761101164,0.09756728373224402,-0.021868261213617287,-0.7206714090946008,-0.3118068494634692
poly:4,90.0,global,wavelet,ar_irls,HbR,4,20,-0.23999999999999902,-0.026066231117077135,0.026066231117077135,0.0033885892567462597,0.08236725682569362,0.08630025369836522,-1.0322705957362817,-1.047474615155755,0.1586513444085292,0.27258220335404354,-0.7685349016938622,-0.4763526024785662
poly:2,90.0,motion,tddr+wavelet,ar_irls,HbR,4,20,-0.23999999999999902,0.07741781200728462,0.07741781200728462,0.000829258801573872,0.08286765730893782,0.0876927485811542,0.20823561512386962,0.1993171176721985,0.10044476124948634,0.26257365884385364,-0.6939230520430757,-0.22357484489228674
legendre:1,90.0,short_maxcorr,tddr+wavelet,ar_irls,HbR,4,20,-0.23999999999999902,0.05864347145133769,0.05864347145133769,0.0011148493085313045,0.08354096211114136,0.07859729223516114,0.24889918921532633,0.24610005575898597,0.0954520479948652,0.10872139126041416,-0.579041264641762,-0.36175903309364205
poly:1,90.0,short_maxcorr,tddr+wavelet,ar_irls,HbR,4,20,-0.23999999999999902,0.058643471451337754,0.058643471451337754,0.0011148493085313153,0.08354096211114156,0.07859729223516124,0.24889918921533094,0.24610005575899058,0.09545204799486516,0.10872139126041781,-0.5790412646417614,-0.3617590330936431
bspline:8,90.0,global,wavelet,ar_irls,HbR,4,20,-0.23999999999999902,0.03256543521985352,0.033936156923570195,0.005998933690219821,0.08525199458978173,0.10205973834563717,-2.8487449281012855,-2.892097499256369,0.18478890409227328,-0.09815317120521208,-0.6259816399333563,-0.44291328543353836
poly:1,90.0,baseline,tddr+wavelet,ar_irls,HbR,4,20,-0.23999999999999902,0.08367379142669426,0.08367379142669426,0.0008470695389611608,0.08612534108948738,0.0971626553931837,0.12463080886141265,0.12245867687347572,0.09782906300033292,0.16834838182864803,-0.5510054563317063,-0.19286990727508768
legendre:1,90.0,baseline,tddr+wavelet,ar_irls,HbR,4,20,-0.23999999999999902,0.08367379142669429,0.08367379142669429,0.000847069538961188,0.08612534108948744,0.09716265539318375,0.12463080886140926,0.12245867687347228,0.09782906300033295,0.16834838182865022,-0.5510054563317016,-0.19286990727508999
bspline:8,90.0,baseline,tddr+wavelet,ar_irls,HbR,4,20,-0.23999999999999902,0.07172211928535895,0.07172211928535895,0.0020150449708742093,0.08646584384547976,0.0966719269522539,0.49053328376030175,0.48543861659790477,0.07336202011169224,0.09619518631742262,-0.401263085767615,-0.3271026789227034
dct:0.005,90.0,short_maxcorr,tddr+wavelet,ar_irls,HbR,4,20,-0.23999999999999902,0.07220970601146127,0.07220970601146127,0.0010819645305484792,0.08836998480100218,0.08821070947667572,0.06600460129657504,0.06368699484817941,0.10893873535115764,0.03195707778371211,-0.5904874659307798,-0.3279783156517692
none,90.0,short_maxcorr,tddr+wavelet,ar_irls,HbR,4,20,-0.23999999999999902,0.07220970601146127,0.07220970601146127,0.0010819645305484792,0.08836998480100218,0.08821070947667572,0.06600460129657504,0.06368699484817941,0.10893873535115764,0.03195707778371211,-0.5904874659307798,-0.3279783156517692
dct:0.01,90.0,short_maxcorr,tddr+wavelet,ar_irls,HbR,4,20,-0.23999999999999902,0.07220970604316651,0.07220970604316651,0.0010819645305406274,0.08836998480102665,0.08821070947809653,0.06600460130826186,0.06252387311437962,0.1089387353509646,0.031957077742417704,-0.5904874659364651,-0.3279783156198755
butter:0.01,90.0,short_maxcorr,wavelet,ar_irls,HbR,4,20,-0.23999999999999902,-0.0027345121074029213,0.0201814240694856,0.00565643547540522,0.08878647816582699,0.08986707738878785,-0.19355818742701714,-0.19651987027423057,0.1335821977390138,0.45351254587409684,-0.705136941596802,-0.4298586761435542
bspline:8,90.0,motion,tddr+wavelet,ar_irls,HbR,4,20,-0.23999999999999902,0.06963016212909713,0.06963016212909713,0.002182211931545661,0.09172259101945275,0.09904782903951208,0.47217393120590667,0.4628671743254063,0.0836430746204708,0.0683022444274848,-0.40335640616469076,-0.38795016865523524
poly:2,90.0,short_avg,wavelet,ar_irls,HbR,4,20,-0.23999999999999902,-0.03222500776269854,0.03222500776269854,0.007794545805039109,0.09269038662902286,0.10436973744178077,-1.0326411094130792,-1.0427537517484677,0.21882615602521577,-0.0582518934245942,-0.4976449448875396,-0.4831412323929758
poly:1,90.0,motion,tddr+wavelet,ar_irls,HbR,4,20,-0.23999999999999902,0.08975646429868664,0.08975646429868664,0.0008296702477755562,0.09478735602291324,0.10031456477693615,0.13719370361512917,0.1285656406512804,0.09678509960837227,0.2263751540623643,-0.5501921362509817,-0.19598643160145873
legendre:1,90.0,motion,tddr+wavelet,ar_irls,HbR,4,20,-0.23999999999999902,0.08975646429868646,0.08975646429868646,0.0008296702477755685,0.09478735602291372,0.1003145647769362,0.1371937036151344,0.12856564065128573,0.09678509960837228,0.22637515406236688,-0.550192136250982,-0.19598643160145723
dct:0.005,90.0,baseline,tddr+wavelet,ar_irls,HbR,4,20,-0.23999999999999902,0.08752776618547356,0.08752776618547356,0.0008136197718674557,0.09588942892100723,0.10444076247676645,-0.09432760794733042,-0.0956836520711809,0.1289464136193984,-0.039443586025725175,-0.5843446528496882,-0.18876936787336557
none,90.0,baseline,tddr+wavelet,ar_irls,HbR,4,20,-0.23999999999999902,0.08752776618547356,0.08752776618547356,0.0008136197718674557,0.09588942892100723,0.10444076247676645,-0.09432760794733042,-0.0956836520711809,0.1289464136193984,-0.039443586025725175,-0.5843446528496882,-0.18876936787336557
dct:0.01,90.0,baseline,tddr+wavelet,ar_irls,HbR,4,20,-0.23999999999999902,0.08752776618533839,0.08752776618533839,0.0008136197718746574,0.09588942892113506,0.1044407624663319,-0.09432760794733419,-0.09704306106879168,0.12894641361943826,-0.039443586324358834,-0.5843446528144687,-0.18876936787277904
dct:0.01,90.0,short_avg,wavelet,ar_irls,HbR,4,20,-0.23999999999999902,-0.03137456541656455,0.03137456541656455,0.00792724815036654,0.0994140225020564,0.10602195451939851,-1.1839647368489519,-1.1921037358682647,0.20098985131365982,-0.05794889641807184,-0.7579288941780239,-0.5194106848492923
dct:0.005,90.0,short_avg,wavelet,ar_irls,HbR,4,20,-0.23999999999999902,-0.03137456541681592,0.03137456541681592,0.007927248152422064,0.09941402250530418,0.1060219545196156,-1.1839647368264017,-1.1893840041634398,0.2009898513137285,-0.05794889640402806,-0.757928894147666,-0.5194106848323308
none,90.0,short_avg,wavelet,ar_irls,HbR,4,20,-0.23999999999999902,-0.03137456541681592,0.03137456541681592,0.007927248152422064,0.09941402250530418,0.1060219545196156,-1.1839647368264017,-1.1893840041634398,0.2009898513137285,-0.05794889640402806,-0.757928894147666,-0.5194106848323308
butter:0.01,90.0,short_avg,wavelet,ar_irls,HbR,4,20,-0.23999999999999902,-0.038678142821055465,0.038678142821055465,0.009193466083663407,0.10073383555962422,0.1127790875362582,-1.0597941599712377,-1.064905311732953,0.170466427810121,0.5437003996105574,-0.6661887333017729,-0.5051306916025013
bspline:8,90.0,global,tddr+wavelet,ar_irls,HbR,4,20,-0.23999999999999902,0.06009931032895298,0.06009931032895298,0.003536689772730144,0.10244150386586806,0.09697713904431401,-0.2585425415869209,-0.2727188655847711,0.10130047403626946,-0.09049956015888411,-0.12337355916285195,-0.4030349732150305
bspline:8,90.0,short_maxcorr,tddr+wavelet,ar_irls,HbR,4,20,-0.23999999999999902,0.07976255595283582,0.07976255595283582,0.002269714802503468,0.10252785652259024,0.1095595872275756,0.4153632683635964,0.40877787338896854,0.08133419169873951,0.18071082220252066,-0.5729555564163724,-0.2530492644475069
dct:0.005,90.0,motion,tddr+wavelet,ar_irls,HbR,4,20,-0.23999999999999902,0.09637340604778881,0.09637340604778881,0.0007883496169519644,0.10309180134340126,0.1101724862864862,-0.103472328267876,-0.11311565697933057,0.1227222103048416,0.031931346397785276,-0.49659126722075175,-0.16980745518830326
none,90.0,motion,tddr+wavelet,ar_irls,HbR,4,20,-0.23999999999999902,0.09637340604778881,0.09637340604778881,0.0007883496169519644,0.10309180134340126,0.1101724862864862,-0.103472328267876,-0.11311565697933057,0.1227222103048416,0.031931346397785276,-0.49659126722075175,-0.16980745518830326
dct:0.01,90.0,motion,tddr+wavelet,ar_irls,HbR,4,20,-0.23999999999999902,0.09637340604779072,0.09637340604779072,0.0007883496169519252,0.10309180134340307,0.1101724862864863,-0.10347232826787534,-0.11450705155055407,0.12272221030484143,0.03193134639778621,-0.49659126722074337,-0.16980745518830317
poly:1,90.0,short_avg,wavelet,ar_irls,HbR,4,20,-0.23999999999999902,-0.04220744695887475,0.04220744695887475,0.007760981061943362,0.10329424318864508,0.11049685007362298,-0.5713571135814708,-0.5772131028246315,0.1874945777575005,0.4549249397313915,-0.6969032455180216,-0.5456596849315591
legendre:1,90.0,short_avg,wavelet,ar_irls,HbR,4,20,-0.23999999999999902,-0.042207446958875114,0.042207446958875114,0.007760981061943469,0.10329424318864538,0.1104968500736232,-0.5713571135814646,-0.5772131028246253,0.18749457775750417,0.4549249397313979,-0.6969032455180131,-0.5456596849315578
dct:0.02,90.0,short_avg,wavelet,ar_irls,HbR,4,20,-0.23999999999999902,-0.03313235293766667,0.03313235293766667,0.008462656872792126,0.10499277876186576,0.11109222902949283,-0.38100557431233195,-0.3896046127576144,0.16521171358453401,0.2898540335346914,-0.44124355860104747,-0.5052700789162428
bspline:8,90.0,short_avg,tddr+wavelet,ar_irls,HbR,4,20,-0.23999999999999902,0.05667967750845764,0.05667967750845764,0.00566594271019376,0.1073304434575027,0.1108583515255049,-0.22105905981296903,-0.2348131668696859,0.1127285640053118,0.28692689525337883,-0.3802777418531394,-0.3193992776215685
bspline:8,90.0,short_maxcorr,wavelet,ar_irls,HbR,4,20,-0.23999999999999902,0.03965728122375889,0.03965728122375889,0.009160721032170284,0.10879357618303934,0.11596216518129039,-0.39698560602759014,-0.4127213637926067,0.15792899104633357,0.3642401764436029,-0.6239797533482588,-0.2755552388994288
poly:4,90.0,short_avg,wavelet,ar_irls,HbR,4,20,-0.23999999999999902,-0.06347094817022869,0.06347094817022869,0.0077844824301724555,0.11248346984923702,0.1269283220241601,-0.15638779596217078,-0.1650390762312145,0.13322464614619312,0.19324680441145836,-0.3395348846922578,-0.5869778244790921
bspline:5,90.0,short_avg,wavelet,ar_irls,HbR,4,20,-0.23999999999999902,-0.061066490990092995,0.061066490990092995,0.008544676050421002,0.11886416970900959,0.12845838177865726,-0.08241710386729784,-0.0905149874373774,0.12934020320046807,0.22021504310578835,-0.42323846318526964,-0.5802966767095117
poly:3,90.0,short_avg,wavelet,ar_irls,HbR,4,20,-0.23999999999999902,-0.07022381897580524,0.07022381897580524,0.007000629034005806,0.11900166568741433,0.12581692033980538,-0.3544356233378855,-0.3628692199962783,0.13498350210823593,0.26930384206836755,-0.37464873113664837,-0.5877204595050283
legendre:3,90.0,short_avg,wavelet,ar_irls,HbR,4,20,-0.23999999999999902,-0.0702238189758021,0.0702238189758021,0.0070006290340056745,0.11900166568741587,0.1258169203398044,-0.35443562333744316,-0.3628692199958331,0.13498350210822505,0.2693038420683658,-0.37464873113666336,-0.5877204595050014
legendre:5,90.0,short_avg,wavelet,ar_irls,HbR,4,20,-0.23999999999999902,-0.0734405893373849,0.0734405893373849,0.00885663603013909,0.12008945123497358,0.13577970505694795,-0.42863820743344216,-0.44112318552586927,0.13282815028179132,0.19516349442517814,-0.3586128798870259,-0.603658517376082
poly:5,90.0,short_avg,wavelet,ar_irls,HbR,4,20,-0.23999999999999902,-0.0734405893375361,0.0734405893375361,0.008856636030139585,0.12008945123502901,0.13577970505696832,-0.4286382074276017,-0.44112318551997776,0.1328281502817511,0.19516349442544495,-0.3586128798866769,-0.6036585173762455
bspline:8,90.0,short_avg,wavelet,ar_irls,HbR,4,20,-0.23999999999999902,0.033893341332137415,0.039254362365065354,0.01590282417597381,0.1342600235432071,0.13704916418909086,-1.1528170213415256,-1.1770665247108294,0.180599517295835,0.5205142772009698,-0.361227907535645,-0.4080444970902125
bspline:8,180.0,motion,tddr+wavelet,ar_irls,HbR,4,20,-0.23999999999999902,0.013109007875656914,0.01599617871195163,9.272078245021944e-05,0.021778278424262276,0.02418818995551208,0.6559459439906286,0.6529411050735161,0.07158463959911512,0.20772487789618999,-0.9525271134248995,-0.4232249804970073
bspline:8,180.0,baseline,tddr+wavelet,ar_irls,HbR,4,20,-0.23999999999999902,0.015434313747470604,0.017690812508175502,7.661856418923464e-05,0.022159608871039994,0.023545486357765107,0.6459295773672808,0.6441691277830286,0.07202979788278298,0.18284150887317405,-0.9608370919384478,-0.41783739720312085
dct:0.02,180.0,baseline,tddr+wavelet,ar_irls,HbR,4,20,-0.23999999999999902,0.014895050537981278,0.018920273974189973,9.280202210437821e-05,0.023061937510122713,0.024082370042211865,0.6373962849605423,0.6355934075706632,0.07713481518409716,-0.11142995910273051,-0.9615016033301594,-0.42028059721787636
dct:0.02,180.0,motion,tddr+wavelet,ar_irls,HbR,4,20,-0.23999999999999902,0.014287170750333963,0.01769542369944071,0.00011233426232488359,0.023556042693236225,0.025102316366389543,0.6545824316063963,0.6515656842841814,0.07703346077746454,-0.06324727526632425,-0.9580948183467157,-0.40980799739103074
butter:0.01,180.0,short_avg,tddr+wavelet,ar_irls,HbR,4,20,-0.23999999999999902,0.006539584926527765,0.016880586103741137,0.0002679419122133198,0.02529344226243202,0.029785223635161444,-0.19144495489743818,-0.19292042852579416,0.104604057028934,0.06490936207568364,-0.9318468656391923,-0.5175371245555549
bspline:8,180.0,short_maxcorr,tddr+wavelet,ar_irls,HbR,4,20,-0.23999999999999902,0.021341315033790102,0.021947476684991085,0.00013287501539036232,0.02550861471536507,0.026953825209356158,0.6300653781867123,0.627994848587011,0.07759202063046519,0.11207624227970156,-0.9676916886626733,-0.544831382651586
dct:0.02,180.0,short_maxcorr,tddr+wavelet,ar_irls,HbR,4,20,-0.23999999999999902,0.020864940296482164,0.0231741810350936,0.0001361562660531999,0.02572256786733733,0.027659680048502396,0.6369433805377946,0.6349113472199092,0.07745434962486492,-0.15403737831115577,-0.9748201065645904,-0.5532812728153318
butter:0.01,180.0,short_maxcorr,tddr+wavelet,ar_irls,HbR,4,20,-0.23999999999999902,0.022631601372332916,0.022631601372332916,8.820920124645126e-05,0.026530585152465057,0.033729722402558324,0.11462863697780223,0.11353220185331653,0.08069226497327332,0.2499238152300938,-0.8132884204028756,-0.4407878470664834
butter:0.01,180.0,motion,wavelet,ar_irls,HbR,4,20,-0.23999999999999902,-0.008636775436182055,0.01658753550961868,0.0002749398421845033,0.0267055452052092,0.034583765920501594,0.10516122286976254,0.10127061949093541,0.10364057862755298,0.4355804001607469,-0.8761429242731388,-0.35657757486602515
poly:5,180.0,baseline,tddr+wavelet,ar_irls,HbR,4,20,-0.23999999999999902,0.014907663096777109,0.019527152469113608,7.785279711821765e-05,0.028397673823843277,0.02518753359830872,0.5928279992359221,0.5913115299593334,0.07302594139226887,-0.052640347293727026,-0.9395497540569748,-0.42012315873194384
legendre:5,180.0,baseline,tddr+wavelet,ar_irls,HbR,4,20,-0.23999999999999902,0.014907663096772682,0.01952715246911299,7.785279711839687e-05,0.02839767382384443,0.02518753359830751,0.5928279992358869,0.591311529959298,0.0730259413922684,-0.052640347293696994,-0.9395497540570428,-0.4201231587318426
poly:5,180.0,motion,tddr+wavelet,ar_irls,HbR,4,20,-0.23999999999999902,0.016489301005502846,0.020120528723450555,8.316347660767469e-05,0.028411207902412527,0.026217562510515595,0.5964224925662702,0.5934050906415321,0.0721355176016158,-0.01714676823017269,-0.9292854116585694,-0.4142162618877163
legendre:5,180.0,motion,tddr+wavelet,ar_irls,HbR,4,20,-0.23999999999999902,0.01648930100536889,0.02012052872346575,8.31634766074682e-05,0.028411207902433507,0.02621756251051847,0.5964224925662226,0.5934050906414841,0.07213551760161528,-0.017146768228248052,-0.9292854116595052,-0.41421626188742666
bspline:8,180.0,short_avg,tddr+wavelet,ar_irls,HbR,4,20,-0.23999999999999902,0.021024865165229466,0.021024865165229466,0.00013881580586610242,0.02911719834400829,0.03293473021108606,0.46947776109208217,0.46650842020267214,0.09193172526752172,0.1617763989215151,-0.927433108660433,-0.4922588539490531
dct:0.02,180.0,short_avg,tddr+wavelet,ar_irls,HbR,4,20,-0.23999999999999902,0.019651668439442726,0.019651668439442726,0.00013458614059727185,0.029783609062535386,0.03255821889260143,0.5440517300072348,0.5414997807348872,0.07921172555858272,0.08004961938366646,-0.9384004884130357,-0.4836113354279357
butter:0.01,180.0,baseline,wavelet,ar_irls,HbR,4,20,-0.23999999999999902,-0.013737104497285602,0.015907686939941004,0.00033858438228712346,0.03022888693320956,0.03559832849072056,0.07442087052728508,0.07384811116498757,0.10561227798485692,0.35707845924748405,-0.881548477352037,-0.36557305956059233
dct:0.02,180.0,global,tddr+wavelet,ar_irls,HbR,4,20,-0.23999999999999902,0.013550543994907759,0.01462532829156319,0.00023463178735658386,0.030603196130201765,0.031200425708454705,0.6764810420656198,0.67467030162942,0.06851641385775355,0.1681598384144381,-0.943389824337614,-0.4912201875441276
bspline:8,180.0,global,tddr+wavelet,ar_irls,HbR,4,20,-0.23999999999999902,0.015403861730602188,0.016432240173067193,0.00029698687639369726,0.030735911844903242,0.031751508133304455,0.6341074231963282,0.6320595169828748,0.0740877195075286,0.09095861020569128,-0.9310104729547758,-0.4898388724044833
bspline:5,180.0,baseline,tddr+wavelet,ar_irls,HbR,4,20,-0.23999999999999902,0.025585575096638752,0.025952832166563758,5.662016495119276e-05,0.03156201220353781,0.030327865427898067,0.5722679580865112,0.5709412457976977,0.08095161279970323,0.004954045222353263,-0.9447523740628405,-0.3840900805812533
bspline:5,180.0,motion,wavelet,ar_irls,HbR,4,20,-0.23999999999999902,-0.026128018312269116,0.026128018312269116,0.00037812560551521164,0.03164656600474954,0.040881138126375706,0.5245054238339497,0.521248611668429,0.10598539499536949,0.2736157059858968,-0.9379714432683389,-0.39066145209069136
poly:4,180.0,motion,tddr+wavelet,ar_irls,HbR,4,20,-0.23999999999999902,0.024877857776317507,0.024877857776317507,8.746001706281583e-05,0.031749172493358985,0.030313409703275524,0.5699691575061361,0.567023740776726,0.07933355034779613,-0.03600429146357969,-0.9319236907575033,-0.38729493733171483
bspline:5,180.0,motion,tddr+wavelet,ar_irls,HbR,4,20,-0.23999999999999902,0.02425668170337772,0.02465852126604698,8.700822476811752e-05,0.031785196126282264,0.029965529536825342,0.5683702352910001,0.5654138670395685,0.08080942864063381,-0.022913826490573025,-0.9247920423905954,-0.38659868384312807
dct:0.01,180.0,global,tddr+wavelet,ar_irls,HbR,4,20,-0.23999999999999902,0.01245129405599784,0.01245129405599784,0.0003139457299190095,0.031895920796335374,0.032087510155274716,0.5843428830960211,0.5830536240485522,0.07863988810920367,0.006719243848710054,-0.9461126017759669,-0.5031216047068818
poly:2,180.0,global,tddr+wavelet,ar_irls,HbR,4,20,-0.23999999999999902,0.011960907639574588,0.011960907639574588,0.0003260134452364716,0.03194502224078976,0.03291987666129531,0.4583032848876629,0.4569599576338196,0.09007364307324844,-0.11659195430650594,-0.9377101424940001,-0.5086863699684856
poly:3,180.0,global,tddr+wavelet,ar_irls,HbR,4,20,-0.23999999999999902,0.01446105384028349,0.01446105384028349,0.00032410418614991604,0.03198756439965289,0.032740817579973346,0.28614665642352805,0.2839324711146681,0.11512136412653748,-0.05396025397679521,-0.9349056171207456,-0.49554766744865464
legendre:3,180.0,global,tddr+wavelet,ar_irls,HbR,4,20,-0.23999999999999902,0.014461053840283282,0.014461053840283282,0.0003241041861499048,0.03198756439965292,0.03274081757997346,0.28614665642349674,0.2839324711146366,0.11512136412654175,-0.0539602539767873,-0.9349056171207433,-0.4955476674486552
bspline:5,180.0,global,tddr+wavelet,ar_irls,HbR,4,20,-0.23999999999999902,0.014611632124207186,0.014611632124207186,0.0002953241152186712,0.032086613760349235,0.03216104154516221,0.5336324664265785,0.5318955296162492,0.07967996193615483,-0.025204393315674634,-0.9412255924470819,-0.48019983166856595
legendre:5,180.0,global,tddr+wavelet,ar_irls,HbR,4,20,-0.23999999999999902,0.013660914141972194,0.015531227066213897,0.0002694737889394121,0.032123354816515785,0.03186515033450405,0.618558139468615,0.6168996965967394,0.07836480296684395,-0.03916397054769979,-0.9382213963773632,-0.4814742580233922
poly:5,180.0,global,tddr+wavelet,ar_irls,HbR,4,20,-0.23999999999999902,0.013660914141977044,0.015531227066213904,0.0002694737889394926,0.03212335481651758,0.03186515033450629,0.6185581394667716,0.616899696594888,0.07836480296681765,-0.03916397054857579,-0.9382213963773607,-0.48147425802334876
poly:4,180.0,motion,wavelet,ar_irls,HbR,4,20,-0.23999999999999902,-0.025603297333679262,0.025603297333679262,0.00037895485022300444,0.03214139111907097,0.04159901182710667,0.52336497587837,0.5201003524254822,0.1046019433911834,0.2855815720986476,-0.9418050829434329,-0.39162176191908316
bspline:5,180.0,short_maxcorr,tddr+wavelet,ar_irls,HbR,4,20,-0.23999999999999902,0.027286754074256972,0.027286754074256972,0.00010776214208287223,0.03217849689626376,0.033189025450377704,0.5503182443558796,0.548643451969868,0.08139008896114158,0.04365840319250476,-0.9459453712794929,-0.5020197086832314
poly:5,180.0,short_maxcorr,tddr+wavelet,ar_irls,HbR,4,20,-0.23999999999999902,0.020450472785677628,0.024733957477448998,9.754063007832943e-05,0.03220773486390549,0.02954248173738568,0.6006821631673087,0.5989459986593405,0.07758478594377546,0.0036292600711981125,-0.945891751109315,-0.5328949315818254
legendre:5,180.0,short_maxcorr,tddr+wavelet,ar_irls,HbR,4,20,-0.23999999999999902,0.020450472785670734,0.024733957477443468,9.75406300782618e-05,0.032207734863905976,0.029542481737381988,0.6006821631673024,0.5989459986593342,0.07758478594377541,0.003629260070885145,-0.9458917511093076,-0.5328949315818412
poly:4,180.0,global,tddr+wavelet,ar_irls,HbR,4,20,-0.23999999999999902,0.014646563044802642,0.014646563044802642,0.0002823220651518364,0.03239867934915798,0.03194611136033459,0.5603278359751588,0.5586903232599825,0.07534901876456059,0.016903144482574028,-0.9418332319905188,-0.4889062436820415
poly:4,180.0,baseline,tddr+wavelet,ar_irls,HbR,4,20,-0.23999999999999902,0.026109714661494685,0.026109714661494685,5.8399911836036637e-05,0.03243691614798476,0.03048284339320423,0.5759524746859913,0.5746371907985409,0.07960447124470824,-0.009550212674034534,-0.9480019972176261,-0.379891465052427
butter:0.01,180.0,global,tddr+wavelet,ar_irls,HbR,4,20,-0.23999999999999902,0.008077453394311256,0.015270490029568248,0.00032247356908932405,0.03245426977773136,0.03202778297222039,0.08243869461013226,0.0813023957799281,0.09295703474513853,0.07049573867731716,-0.9353768306974897,-0.45185905689385064
poly:2,180.0,motion,wavelet,ar_irls,HbR,4,20,-0.23999999999999902,-0.02498163983466841,0.02498163983466841,0.00037836245405867036,0.032898392672463916,0.041056818025005604,0.4654505815636067,0.46245870049026866,0.12358727919620896,0.2380070110448871,-0.9169272974413262,-0.40294290759472695
legendre:3,180.0,baseline,tddr+wavelet,ar_irls,HbR,4,20,-0.23999999999999902,0.026847821792232718,0.026847821792232718,5.659318949591002e-05,0.03298285431319885,0.030492859456798423,0.5143113447933887,0.5131069091946121,0.08953177728273126,0.1005125560785498,-0.9463507620927986,-0.37809403669569097
poly:3,180.0,baseline,tddr+wavelet,ar_irls,HbR,4,20,-0.23999999999999902,0.026847821792233176,0.026847821792233176,5.659318949591905e-05,0.03298285431319936,0.030492859456798527,0.5143113447933899,0.5131069091946134,0.08953177728273126,0.10051255607854359,-0.9463507620927972,-0.3780940366956902
poly:4,180.0,short_maxcorr,tddr+wavelet,ar_irls,HbR,4,20,-0.23999999999999902,0.028271247158460994,0.028271247158460994,0.00010673017410941591,0.03301774810943089,0.033273282362209264,0.549605811118002,0.547928365349354,0.080847970010264,0.039855737513866715,-0.9446080088184976,-0.5062653874909113
poly:3,180.0,motion,wavelet,ar_irls,HbR,4,20,-0.23999999999999902,-0.025704641687990276,0.025704641687990276,0.00038400023505732366,0.03313475762349975,0.0418988678556106,0.4373019311505834,0.43380038747386024,0.12203495646789328,0.11963347151719865,-0.9303726239361076,-0.39199953584148334
legendre:3,180.0,motion,wavelet,ar_irls,HbR,4,20,-0.23999999999999902,-0.025704641687991095,0.025704641687991095,0.00038400023505732095,0.03313475762350081,0.04189886785561193,0.43730193115058497,0.4338003874738618,0.12203495646789007,0.11963347151729498,-0.930372623936136,-0.39199953584148894
poly:3,180.0,short_maxcorr,tddr+wavelet,ar_irls,HbR,4,20,-0.23999999999999902,0.0288096847640189,0.0288096847640189,0.00011317364174719396,0.03348759831239145,0.0333359349182929,0.5268199634438123,0.5253522834296802,0.09159451402583713,0.03185613703482209,-0.9458424721310463,-0.5053434868287533
legendre:3,180.0,short_maxcorr,tddr+wavelet,ar_irls,HbR,4,20,-0.23999999999999902,0.028809684764018635,0.028809684764018635,0.00011317364174720008,0.03348759831239148,0.03333593491829279,0.5268199634438308,0.5253522834296986,0.09159451402583965,0.03185613703483169,-0.9458424721310457,-0.5053434868287532
legendre:3,180.0,motion,tddr+wavelet,ar_irls,HbR,4,20,-0.23999999999999902,0.02565403515809625,0.02565403515809625,7.831234750695418e-05,0.03355520318443514,0.03153492807093315,0.5304526194719168,0.5275307316030426,0.0894020802646666,0.11452683614155712,-0.9350298373511751,-0.38900988488590366
poly:3,180.0,motion,tddr+wavelet,ar_irls,HbR,4,20,-0.23999999999999902,0.025654035158096437,0.025654035158096437,7.831234750694556e-05,0.033555203184437665,0.03153492807093403,0.5304526194719127,0.5275307316030384,0.08940208026466312,0.11452683614154145,-0.9350298373511491,-0.3890098848858867
dct:0.005,180.0,global,tddr+wavelet,ar_irls,HbR,4,20,-0.23999999999999902,0.01416205056877922,0.01416205056877922,0.00033156717537343,0.034317060029189245,0.03395196471255697,0.37471050160662,0.37354825346834236,0.10643654635730503,-0.08972825221553321,-0.9558968392868724,-0.5135365332754483
none,180.0,global,tddr+wavelet,ar_irls,HbR,4,20,-0.23999999999999902,0.014162050597349506,0.014162050597349506,0.00033156717536911957,0.034317060029285786,0.03395196471560457,0.3747105016067692,0.37393614928677765,0.10643654635730332,-0.08972825233046873,-0.955896839248774,-0.513536533274275
legendre:1,180.0,global,tddr+wavelet,ar_irls,HbR,4,20,-0.23999999999999902,0.016591791334153644,0.016591791334153644,0.00030803494514749445,0.034785628970760554,0.03376109937328815,0.37127504075722256,0.3701064070039832,0.0995052098104189,-0.12335396178106632,-0.9520581638828499,-0.5085554536564316
poly:1,180.0,global,tddr+wavelet,ar_irls,HbR,4,20,-0.23999999999999902,0.016591791334154414,0.016591791334154414,0.00030803494514753456,0.034785628970760894,0.03376109937328831,0.37127504075723156,0.3701064070039922,0.09950520981041894,-0.1233539617811257,-0.9520581638828554,-0.5085554536564322
poly:4,180.0,baseline,wavelet,ar_irls,HbR,4,20,-0.23999999999999902,-0.028149773605090016,0.028149773605090016,0.00042824145057641466,0.03534154746400385,0.04153402088808513,0.5137013517797642,0.5121929812828032,0.10253041229906534,0.3646393519767781,-0.9494254485281562,-0.392177762357921
legendre:5,180.0,short_avg,tddr+wavelet,ar_irls,HbR,4,20,-0.23999999999999902,0.027117311177653577,0.027117311177653577,0.00012246316150882884,0.03538163455411528,0.03723536977130611,0.3667364660812842,0.36398314636859413,0.09990682564723138,-0.0618532892840839,-0.9180735030207638,-0.4707126725531833
poly:5,180.0,short_avg,tddr+wavelet,ar_irls,HbR,4,20,-0.23999999999999902,0.027117311177660114,0.027117311177660114,0.00012246316150912265,0.03538163455412149,0.03723536977131497,0.36673646608725263,0.3639831463745885,0.09990682564723129,-0.06185328928396936,-0.918073503020735,-0.470712672553155
legendre:3,180.0,short_avg,tddr+wavelet,ar_irls,HbR,4,20,-0.23999999999999902,0.02662193960998139,0.02662193960998139,0.00013577296808618683,0.03576513542890056,0.03679828252477973,0.2937123435445331,0.29152162500714024,0.10815743677038336,-0.035482929268186476,-0.9349342594489127,-0.4745424976378255
poly:3,180.0,short_avg,tddr+wavelet,ar_irls,HbR,4,20,-0.23999999999999902,0.026621939609981216,0.026621939609981216,0.00013577296808617658,0.035765135428900675,0.03679828252477989,0.29371234354454173,0.2915216250071489,0.10815743677038234,-0.03548292926819046,-0.9349342594489124,-0.4745424976378251
poly:4,180.0,short_avg,tddr+wavelet,ar_irls,HbR,4,20,-0.23999999999999902,0.02524847765263491,0.02524847765263491,0.00014342873138417536,0.0359125582401756,0.03692317458112426,0.4004315556600706,0.3981985260722124,0.09241427223896576,0.03824671652981919,-0.9424254678880654,-0.47094237610292533
bspline:5,180.0,short_avg,tddr+wavelet,ar_irls,HbR,4,20,-0.23999999999999902,0.025228986319413442,0.025228986319413442,0.0001436623083722575,0.03593419224869097,0.036862593036985025,0.3905417148766022,0.3882718516172972,0.09579504842172809,0.02976553345370463,-0.9401792483066744,-0.47239530856841444
bspline:5,180.0,baseline,wavelet,ar_irls,HbR,4,20,-0.23999999999999902,-0.027216438470154862,0.027216438470154862,0.00042266413028732835,0.03605751136249683,0.04137199974220064,0.5148513834793889,0.5133465800782704,0.10360038561947979,0.3551094548297937,-0.9438752734890388,-0.3913673304126719
poly:3,180.0,baseline,wavelet,ar_irls,HbR,4,20,-0.23999999999999902,-0.02949947151738578,0.02949947151738578,0.0004773083116640242,0.03616693144339861,0.04259873131186657,0.35557613651816006,0.3539780612212429,0.12459420740160362,0.15310594134372013,-0.9297841618665202,-0.39298352751490817
legendre:3,180.0,baseline,wavelet,ar_irls,HbR,4,20,-0.23999999999999902,-0.02949947151738585,0.02949947151738585,0.0004773083116639922,0.03616693144339863,0.042598731311866575,0.35557613651815956,0.3539780612212424,0.12459420740160479,0.15310594134374145,-0.929784161866516,-0.39298352751490984
poly:2,180.0,motion,tddr+wavelet,ar_irls,HbR,4,20,-0.23999999999999902,0.03195335454461129,0.03195335454461129,9.899272734376438e-05,0.036234280165357846,0.037238583495230855,0.40275708423976964,0.3994143067261863,0.09964854607357457,0.11956462710964683,-0.9062695203143459,-0.37004211275506993
poly:2,180.0,baseline,tddr+wavelet,ar_irls,HbR,4,20,-0.23999999999999902,0.03025112417252508,0.03025112417252508,8.549746056006168e-05,0.03631050032792303,0.03651194145835476,0.3993548831318,0.3982384423941268,0.099145150930604,0.18358996857560986,-0.9240982979399005,-0.37568137216503084
poly:2,180.0,baseline,wavelet,ar_irls,HbR,4,20,-0.23999999999999902,-0.027788990341201844,0.027788990341201844,0.0004271574531873395,0.03632618335966327,0.04215325286133724,0.451746210718691,0.4507271516308075,0.13173353894933343,0.2705696187352449,-0.9130044727612814,-0.4034225214434744
poly:2,180.0,short_avg,tddr+wavelet,ar_irls,HbR,4,20,-0.23999999999999902,0.028619617449717007,0.028619617449717007,0.00019744340594083894,0.03640808312751041,0.039414528938546606,0.3382603109033104,0.3366192949353087,0.10622002558203279,-0.028766584123671834,-0.9208442159093082,-0.4457906121584353
poly:1,180.0,motion,wavelet,ar_irls,HbR,4,20,-0.23999999999999902,-0.01690003651922265,0.026770530057782536,0.0003217544325518374,0.03726799657727211,0.04055498799556861,0.28423648971064197,0.2806776904052877,0.13086278525365905,0.26913728052805114,-0.8380392971932845,-0.37684587965381156
legendre:1,180.0,motion,wavelet,ar_irls,HbR,4,20,-0.23999999999999902,-0.01690003651922181,0.026770530057782224,0.00032175443255183555,0.037267996577272255,0.04055498799556858,0.28423648971065013,0.280677690405296,0.13086278525365924,0.2691372805280297,-0.8380392971932873,-0.37684587965381405
dct:0.01,180.0,motion,wavelet,ar_irls,HbR,4,20,-0.23999999999999902,-0.025887529748244577,0.025887529748244577,0.00035612095777363506,0.03727047523958722,0.041904859735583944,0.4822711233585152,0.47904941286292413,0.1131534096823151,0.32466665074432066,-0.94647734716955,-0.39572454580345773
dct:0.01,180.0,short_avg,tddr+wavelet,ar_irls,HbR,4,20,-0.23999999999999902,0.028317806296093526,0.028317806296093526,0.00017205592912494642,0.03753293884646176,0.03874601749567586,0.3892825261642824,0.38738824119580934,0.0964676558132693,-0.010211394135041666,-0.9423339952741909,-0.45769704430578967
dct:0.01,180.0,baseline,tddr+wavelet,ar_irls,HbR,4,20,-0.23999999999999902,0.030740155531911267,0.030740155531911267,8.196503846494464e-05,0.037835904162690316,0.03726014829617759,0.4722982493757548,0.47098962755151613,0.0869816070055697,0.11079079420514497,-0.9397687440962492,-0.35661649402669604
dct:0.01,180.0,baseline,wavelet,ar_irls,HbR,4,20,-0.23999999999999902,-0.027931970308095425,0.027931970308095425,0.00044074768096566197,0.03859984855740556,0.04237947358774877,0.4731462144839358,0.4718396954869958,0.11846633651931043,0.306496754850187,-0.9478363783599427,-0.40363677029066275
dct:0.01,180.0,short_maxcorr,tddr+wavelet,ar_irls,HbR,4,20,-0.23999999999999902,0.031882281183844674,0.031882281183844674,0.0001407369356317879,0.038635957026274786,0.03902979608865032,0.47398739660440325,0.4723558438643425,0.08632694614146708,0.14790213073101038,-0.9236790397209909,-0.46922279251981686
poly:2,180.0,short_maxcorr,tddr+wavelet,ar_irls,HbR,4,20,-0.23999999999999902,0.03365544979251843,0.03365544979251843,0.00014237966161598676,0.038738285995663924,0.039749294503574915,0.42771690117731326,0.42629772424284906,0.0967822499971285,0.10865558204146904,-0.9101058211936122,-0.4684260623454315
butter:0.01,180.0,baseline,tddr+wavelet,ar_irls,HbR,4,20,-0.23999999999999902,0.031580975724952054,0.031580975724952054,6.408145279131514e-05,0.040276694542195735,0.03966932752920689,0.10634436462071489,0.10579135989585148,0.08216700619179408,0.223789081767926,-0.9233358916057177,-0.36521975632214737
poly:1,180.0,short_avg,tddr+wavelet,ar_irls,HbR,4,20,-0.23999999999999902,0.030391767932711523,0.030391767932711523,0.00019489817800078863,0.04060604590230829,0.03979153718263826,0.18441887267582113,0.18290292262503266,0.1127288862427347,-0.08544519404625606,-0.9100888013297981,-0.4448099717220573
legendre:1,180.0,short_avg,tddr+wavelet,ar_irls,HbR,4,20,-0.23999999999999902,0.030391767932711693,0.030391767932711693,0.00019489817800077793,0.04060604590230829,0.039791537182638295,0.1844188726758259,0.18290292262503743,0.1127288862427347,-0.08544519404627365,-0.9100888013297964,-0.44480997172205905
legendre:1,180.0,baseline,wavelet,ar_irls,HbR,4,20,-0.23999999999999902,-0.022618087455491626,0.030251649557895218,0.00044429075195444664,0.040734197528016346,0.043560818530458,0.22648830551624838,0.2255303962970735,0.13225074667030018,0.2726751536935979,-0.8139851385940792,-0.38240022880935287
poly:1,180.0,baseline,wavelet,ar_irls,HbR,4,20,-0.23999999999999902,-0.02261808745549191,0.0302516495578952,0.0004442907519544482,0.04073419752801641,0.04356081853045788,0.22648830551624766,0.22553039629707267,0.1322507466703003,0.2726751536936006,-0.8139851385940794,-0.38240022880935365
none,180.0,global,wavelet,ar_irls,HbR,4,20,-0.23999999999999902,-0.027820033109651192,0.027820033109651192,0.001081453146282589,0.04089330956540223,0.04851322694462309,0.24372167201091383,0.24278510442207285,0.15745301755056706,-0.3175822490620372,-0.9509191750559987,-0.508182538073163
dct:0.005,180.0,global,wavelet,ar_irls,HbR,4,20,-0.23999999999999902,-0.02782003310963433,0.02782003310963433,0.001081453146412628,0.04089330956625448,0.0485132269499671,0.2437216720080353,0.2423159502087937,0.15745301755027752,-0.317582249113453,-0.9509191751172333,-0.5081825377506983
dct:0.01,180.0,motion,tddr+wavelet,ar_irls,HbR,4,20,-0.23999999999999902,0.031095471336455516,0.031095471336455516,8.590858836721743e-05,0.041068315662023874,0.03808100042928352,0.4587313660964182,0.4553631729794077,0.08936527444273981,0.0926706171065989,-0.9179585347994204,-0.3667116936078134
poly:1,180.0,global,wavelet,ar_irls,HbR,4,20,-0.23999999999999902,-0.02302824690618438,0.02302824690618438,0.0010849079388895889,0.04122978937900776,0.04797517236678736,0.11764679178316556,0.11600673005785545,0.15883992969291263,-0.20195667246786023,-0.9403533374426041,-0.5160436398129225
legendre:1,180.0,global,wavelet,ar_irls,HbR,4,20,-0.23999999999999902,-0.023028246906184532,0.023028246906184532,0.001084907938889586,0.0412297893790082,0.047975172366787375,0.11764679178313564,0.11600673005782552,0.15883992969291288,-0.20195667246705526,-0.9403533374426059,-0.5160436398129304
bspline:8,180.0,motion,wavelet,ar_irls,HbR,4,20,-0.23999999999999902,-0.03705095924229349,0.03705095924229349,0.00031423374709691143,0.04168759147642634,0.04791525307800823,0.6196221037123844,0.6163000260155493,0.07912239459592349,0.5129736274157468,-0.9630000916882733,-0.41754857239497106
poly:5,180.0,motion,wavelet,ar_irls,HbR,4,20,-0.23999999999999902,-0.035142808551211026,0.035142808551211026,0.00033685103863446075,0.0419964422174,0.046061873997701105,0.5510553577399191,0.547698762283769,0.08493465723833611,0.37143302345077905,-0.947500667621306,-0.40943938565390686
legendre:5,180.0,motion,wavelet,ar_irls,HbR,4,20,-0.23999999999999902,-0.03514280855117264,0.03514280855117264,0.00033685103863332754,0.04199644221740971,0.04606187399769305,0.5510553577399352,0.5476987622837852,0.08493465723833951,0.3714330234508418,-0.9475006676217776,-0.4094393856543056
poly:4,180.0,short_maxcorr,wavelet,ar_irls,HbR,4,20,-0.23999999999999902,-0.027234076035792934,0.027234076035792934,0.0007174387305531866,0.042109288664946454,0.04647641702989076,0.5048607545305549,0.5030166605064601,0.11232615928313472,0.02937491335805318,-0.9584340723720712,-0.5033258781683748
bspline:5,180.0,short_maxcorr,wavelet,ar_irls,HbR,4,20,-0.23999999999999902,-0.025775205062831902,0.025775205062831902,0.0007144726390327216,0.04220647608662266,0.04637921362871403,0.5004046618636421,0.4985439715912534,0.11274205824278849,0.015912383139928276,-0.9589780493898903,-0.4927114916570884
legendre:5,180.0,baseline,wavelet,ar_irls,HbR,4,20,-0.23999999999999902,-0.033428971138533554,0.033428971138533554,0.0003524578184121592,0.042237836499740306,0.04612890899979777,0.5539486167399287,0.5522873452938949,0.08600674770793494,0.36937008819631795,-0.952671364324254,-0.4094445489825713
poly:5,180.0,baseline,wavelet,ar_irls,HbR,4,20,-0.23999999999999902,-0.03342897113853549,0.03342897113853549,0.0003524578184123929,0.042237836499740604,0.046128908999793286,0.5539486167399346,0.5522873452939008,0.08600674770793462,0.3693700881959975,-0.9526713643241784,-0.40944454898247906
poly:3,180.0,short_maxcorr,wavelet,ar_irls,HbR,4,20,-0.23999999999999902,-0.028531690051700885,0.028531690051700885,0.0006830569387855188,0.04227471319976311,0.0470625961925048,0.4238825022687586,0.4220955373254235,0.12771413141888083,-0.046948400107075704,-0.9584228744479706,-0.4989841791361795
legendre:3,180.0,short_maxcorr,wavelet,ar_irls,HbR,4,20,-0.23999999999999902,-0.028531690051702002,0.028531690051702002,0.0006830569387854776,0.0422747131997632,0.04706259619250509,0.4238825022687615,0.4220955373254264,0.12771413141888233,-0.0469484001070702,-0.9584228744479693,-0.49898417913618287
dct:0.01,180.0,short_maxcorr,wavelet,ar_irls,HbR,4,20,-0.23999999999999902,-0.0351084407742548,0.0351084407742548,0.0006742968829359275,0.04272949117958782,0.048346281947213965,0.533901038836542,0.5324553224557621,0.11647897819707824,0.3684008231738215,-0.9600918306839668,-0.5102381510888943
butter:0.01,180.0,motion,tddr+wavelet,ar_irls,HbR,4,20,-0.23999999999999902,0.03326367670304421,0.03326367670304421,6.865824136624346e-05,0.042807368056403894,0.04112097480818783,0.09652622628149027,0.09259807943923587,0.08177425045919774,0.2562245627974243,-0.8761131936639793,-0.37614613452161866
bspline:8,180.0,short_maxcorr,wavelet,ar_irls,HbR,4,20,-0.23999999999999902,-0.03483353493129714,0.03483353493129714,0.0006007843701640168,0.04288496754306252,0.04897208411484525,0.6235841384944043,0.6214773332994104,0.0977482996572761,0.43207288742566174,-0.9727839309130555,-0.5316560082862081
dct:0.005,180.0,motion,wavelet,ar_irls,HbR,4,20,-0.23999999999999902,-0.011957681049399371,0.027847658774899427,0.0006210577801433023,0.042967935120628395,0.046206194003307076,-0.18138057287419906,-0.18725443526263508,0.17539102551152985,0.08948805627071342,-0.7723506923067114,-0.3744412080184217
none,180.0,motion,wavelet,ar_irls,HbR,4,20,-0.23999999999999902,-0.01195768104939908,0.027847658774899732,0.0006210577801433847,0.04296793512062859,0.04620619400330723,-0.1813805728741965,-0.1865170101475626,0.17539102551152705,0.08948805627072677,-0.7723506923067085,-0.37444120801842196
legendre:5,180.0,short_maxcorr,wavelet,ar_irls,HbR,4,20,-0.23999999999999902,-0.03015863936664441,0.03015863936664441,0.0005385640437275366,0.042984868054897485,0.04804213025190803,0.5663446802756256,0.5644592223637805,0.10642289918632458,0.05879812936153576,-0.9688967929221457,-0.511581517577355
poly:5,180.0,short_maxcorr,wavelet,ar_irls,HbR,4,20,-0.23999999999999902,-0.030158639366644806,0.030158639366644806,0.0005385640437280325,0.042984868054931916,0.048042130251909086,0.5663446802756339,0.5644592223637888,0.10642289918632636,0.058798129331393736,-0.9688967929221309,-0.511581517577376
bspline:8,180.0,baseline,wavelet,ar_irls,HbR,4,20,-0.23999999999999902,-0.03799339361597447,0.03799339361597447,0.0003251051260647843,0.04305462906658889,0.04804338751225054,0.6058223123133293,0.6038624481110337,0.0834614987506129,0.5206653937800514,-0.9671979051458162,-0.4196008200128243
dct:0.005,180.0,short_avg,tddr+wavelet,ar_irls,HbR,4,20,-0.23999999999999902,0.026753775295980185,0.026753775295980185,0.000245162245266333,0.04307717624484064,0.04030513041579422,0.1786663168606299,0.17713967432691358,0.11867928871084554,-0.12277077833291773,-0.893934510635776,-0.454508403598455
none,180.0,short_avg,tddr+wavelet,ar_irls,HbR,4,20,-0.23999999999999902,0.026753775295732765,0.026753775295732765,0.00024516224527282944,0.043077176245329585,0.040305130413661426,0.17866631685690276,0.17764918536075025,0.11867928871080233,-0.12277077839412454,-0.8939345106508892,-0.45450840359812816
dct:0.02,180.0,baseline,wavelet,ar_irls,HbR,4,20,-0.23999999999999902,-0.038263651737468256,0.038263651737468256,0.00034767810442460186,0.0432670937090216,0.048044382193415267,0.5739842232772435,0.5718660590673106,0.09483572501588877,0.46341818372269517,-0.9649194317102667,-0.4131672935989029
dct:0.005,180.0,baseline,wavelet,ar_irls,HbR,4,20,-0.23999999999999902,-0.01529220428090701,0.03147654874732112,0.0006102273097533899,0.043721218696699024,0.047043114790009985,-0.1899830258723213,-0.1914566890622561,0.17853826564872258,0.1420583099551833,-0.768822419568548,-0.3721810228296815
none,180.0,baseline,wavelet,ar_irls,HbR,4,20,-0.23999999999999902,-0.015292204281951369,0.03147654875116655,0.0006102273096526334,0.043721218697389354,0.04704311479018495,-0.18998302587254878,-0.19071940150737088,0.1785382656487626,0.14205830995349694,-0.7688224196518378,-0.37218102282838184
poly:2,180.0,short_maxcorr,wavelet,ar_irls,HbR,4,20,-0.23999999999999902,-0.02996188023125719,0.02996188023125719,0.0006508667514968033,0.04417702109314409,0.04759952838129998,0.40472784977475895,0.40325166341338203,0.13220750755626695,0.25209428139026524,-0.9573499188340341,-0.5089051570846863
dct:0.02,180.0,short_maxcorr,wavelet,ar_irls,HbR,4,20,-0.23999999999999902,-0.03532382107543575,0.03532382107543575,0.0005862191906792745,0.04514869219429936,0.049314751470300636,0.5791772333107404,0.5768218820046438,0.10085595533016486,0.2857778004912194,-0.9684094791676191,-0.5278674454635431
dct:0.005,180.0,short_maxcorr,wavelet,ar_irls,HbR,4,20,-0.23999999999999902,-0.024976114236960896,0.02600132328177577,0.0008841574064389939,0.04519516345930272,0.04999193183293471,0.12124122986509078,0.11960784925145712,0.1451229588031202,-0.030430617175898015,-0.9405606836464768,-0.4834497820369658
none,180.0,short_maxcorr,wavelet,ar_irls,HbR,4,20,-0.23999999999999902,-0.024976114237580338,0.026001323282212066,0.0008841574066266093,0.04519516345931871,0.04999193183433726,0.12124122986520064,0.12015298371023492,0.14512295880310672,-0.030430617207842913,-0.9405606836413325,-0.48344978203638417
dct:0.02,180.0,motion,wavelet,ar_irls,HbR,4,20,-0.23999999999999902,-0.035953763477615024,0.035953763477615024,0.00036033632028796645,0.04613345364911404,0.048457226514413906,0.5433940941607511,0.5394062696556048,0.09712738429771209,0.4741178440967745,-0.9593961381742756,-0.41181962473604794
poly:1,180.0,short_maxcorr,wavelet,ar_irls,HbR,4,20,-0.23999999999999902,-0.030284512761757074,0.030284512761757074,0.0006156040200274514,0.04654437910600108,0.04938694811077631,0.3556236397421478,0.3544259141654603,0.1327043368883656,0.14720744537673086,-0.9331029036412612,-0.49927535774650056
legendre:1,180.0,short_maxcorr,wavelet,ar_irls,HbR,4,20,-0.23999999999999902,-0.03028451276175749,0.03028451276175749,0.0006156040200274557,0.046544379106001114,0.04938694811077639,0.355623639742152,0.35442591416546454,0.13270433688836564,0.14720744537673663,-0.9331029036412626,-0.49927535774649834
butter:0.01,180.0,short_maxcorr,wavelet,ar_irls,HbR,4,20,-0.23999999999999902,-0.03615286866114871,0.03615286866114871,0.000665065544765861,0.04752691147634845,0.053893371721714614,-0.15546814711397205,-0.1568990674199956,0.14488852738842375,-0.09324479744425665,-0.931588809955718,-0.48123163353530707
bspline:5,180.0,global,wavelet,ar_irls,HbR,4,20,-0.23999999999999902,-0.030702861002034884,0.030702861002034884,0.0007460012616450796,0.04798274141922422,0.047357083526935094,0.5365822725206209,0.5348563219527274,0.10891198207430101,0.02355342692498228,-0.9502387004452159,-0.4953187443678311
poly:4,180.0,global,wavelet,ar_irls,HbR,4,20,-0.23999999999999902,-0.03062592948067569,0.03062592948067569,0.0007377409677480045,0.048322404834587974,0.04752415095208877,0.5444440381715902,0.5427473679226947,0.10744374982312482,0.08317366415530698,-0.9508863793935356,-0.4946123611964153
poly:2,180.0,global,wavelet,ar_irls,HbR,4,20,-0.23999999999999902,-0.030804644840011913,0.030804644840011913,0.0009720649607907863,0.04918286373231726,0.04962528273052723,0.25271949699135887,0.25086635253256495,0.1553707837639372,-0.1633028615575621,-0.9389407089467875,-0.49486344585991293
bspline:8,180.0,global,wavelet,ar_irls,HbR,4,20,-0.23999999999999902,-0.034776542993634724,0.034776542993634724,0.0006825922088039993,0.04967614631003078,0.049288868441386566,0.4717802997040419,0.4688238461576093,0.10403302549022012,0.31356329742864536,-0.9529766525168128,-0.4952666654140028
poly:1,180.0,baseline,tddr+wavelet,ar_irls,HbR,4,20,-0.23999999999999902,0.0383714632264715,0.0383714632264715,0.0001807040893626896,0.04969313805014278,0.05101977695145765,0.1612318493879773,0.1601931272200367,0.12000894439754212,0.13384203951682333,-0.7429486720468454,-0.3293110716204903
legendre:1,180.0,baseline,tddr+wavelet,ar_irls,HbR,4,20,-0.23999999999999902,0.038371463226471454,0.038371463226471454,0.00018070408936267973,0.049693138050143075,0.05101977695145764,0.16123184938797158,0.16019312722003093,0.12000894439754127,0.13384203951682758,-0.7429486720468449,-0.32931107162049045
legendre:3,180.0,global,wavelet,ar_irls,HbR,4,20,-0.23999999999999902,-0.03066848028722456,0.03066848028722456,0.0009898911218116373,0.04974980459062169,0.04933976881349965,0.09716939110727635,0.09436904802758422,0.16342770520387792,-0.23980348489426,-0.9409537416091123,-0.49645221402216555
poly:3,180.0,global,wavelet,ar_irls,HbR,4,20,-0.23999999999999902,-0.03066848028722402,0.03066848028722402,0.000989891121811669,0.0497498045906218,0.04933976881349901,0.09716939110733563,0.09436904802764379,0.16342770520387914,-0.2398034848943078,-0.9409537416091126,-0.4964522140221585
legendre:1,180.0,short_maxcorr,tddr+wavelet,ar_irls,HbR,4,20,-0.23999999999999902,0.041138388134947565,0.041138388134947565,0.00023126510090813154,0.05001801723043968,0.05437792215925944,0.26469774704764987,0.2633310142354708,0.10869470941563249,0.1516181723567011,-0.7789645824487025,-0.43087464914509455
poly:1,180.0,short_maxcorr,tddr+wavelet,ar_irls,HbR,4,20,-0.23999999999999902,0.04113838813494754,0.04113838813494754,0.00023126510090812824,0.050018017230439714,0.05437792215925934,0.264697747047651,0.2633310142354719,0.10869470941563258,0.15161817235669764,-0.778964582448703,-0.43087464914509566
poly:5,180.0,global,wavelet,ar_irls,HbR,4,20,-0.23999999999999902,-0.03234173296588372,0.03234173296588372,0.0007500270466782047,0.050064772405449404,0.04798802124303828,0.5693759943040406,0.567503716018406,0.10195517091563103,0.24673243195695244,-0.9503695436392616,-0.4713189194964553
legendre:5,180.0,global,wavelet,ar_irls,HbR,4,20,-0.23999999999999902,-0.03234173296589908,0.03234173296589908,0.000750027046678153,0.050064772405451013,0.0479880212430398,0.5693759943044748,0.5675037160188421,0.10195517091559525,0.24673243194664327,-0.950369543639292,-0.47131891949643195
dct:0.01,180.0,global,wavelet,ar_irls,HbR,4,20,-0.23999999999999902,-0.031441782831608284,0.031441782831608284,0.000837793802485448,0.050427352809019346,0.05087510950214143,0.3436511457977046,0.341615324289633,0.13144571318528953,-0.010302554426114455,-0.9473968485771694,-0.4997420802423843
dct:0.02,180.0,global,wavelet,ar_irls,HbR,4,20,-0.23999999999999902,-0.03438739046082678,0.03438739046082678,0.000849020970241095,0.05162232181024583,0.04935557961149549,0.5696998585318864,0.5672914622176992,0.10203128586003636,0.22828594916166692,-0.9608647463653351,-0.48851807285520643
legendre:1,180.0,motion,tddr+wavelet,ar_irls,HbR,4,20,-0.23999999999999902,0.03670109562785433,0.03670109562785433,0.0001259059773965715,0.05268389482201813,0.05297519980922551,0.1843999545164422,0.1803447647315644,0.1165321965456364,0.14502057252185735,-0.6955531184826232,-0.3243206724625487
poly:1,180.0,motion,tddr+wavelet,ar_irls,HbR,4,20,-0.23999999999999902,0.036701095627854334,0.036701095627854334,0.00012590597739656662,0.05268389482201821,0.05297519980922568,0.18439995451644114,0.1803447647315633,0.11653219654563673,0.14502057252185913,-0.6955531184826207,-0.32432067246254737
none,180.0,baseline,tddr+wavelet,ar_irls,HbR,4,20,-0.23999999999999902,0.042935563136257016,0.042935563136257016,0.00019049307779324512,0.05278010881323115,0.060335417171682545,-0.1849682537742543,-0.18570152620852054,0.14895018697890466,-0.03200432531308778,-0.7091813759883858,-0.3154831057570271
dct:0.005,180.0,baseline,tddr+wavelet,ar_irls,HbR,4,20,-0.23999999999999902,0.04293556313950679,0.04293556313950679,0.00019049307779114648,0.05278010881932968,0.06033541694194881,-0.18496825377424508,-0.18643570672009557,0.148950186978666,-0.032004327256985314,-0.7091813747134966,-0.3154831057478991
butter:0.01,180.0,global,wavelet,ar_irls,HbR,4,20,-0.23999999999999902,-0.034822489314364824,0.034822489314364824,0.0011505907372505789,0.054036526988544234,0.053058748738109195,-0.42540196892625726,-0.4271671726029461,0.1552236638646193,-0.11263946813910974,-0.9562243325823687,-0.5066586352551017
none,180.0,short_maxcorr,tddr+wavelet,ar_irls,HbR,4,20,-0.23999999999999902,0.043145671084624165,0.043145671084624165,0.00020978576467759277,0.05538837084134776,0.06219180436400712,0.06882867344962229,0.06767552010404909,0.12445499574132801,0.09316904869605716,-0.7029259243629433,-0.4113593722240798
dct:0.005,180.0,short_maxcorr,tddr+wavelet,ar_irls,HbR,4,20,-0.23999999999999902,0.04314567108548227,0.04314567108548227,0.00020978576467123872,0.055388370843012465,0.062191804364524206,0.06882867344931215,0.06709787172709891,0.1244549957413443,0.09316904868571192,-0.7029259243663312,-0.4113593722220172
none,180.0,motion,tddr+wavelet,ar_irls,HbR,4,20,-0.23999999999999902,0.04497736432387408,0.04497736432387408,0.00021813103898257158,0.057069485580827695,0.06240734257008307,-0.1871607323844663,-0.19232230078613788,0.14770514036541038,-0.03966256991851814,-0.692077833941693,-0.30406672907583354
dct:0.005,180.0,motion,tddr+wavelet,ar_irls,HbR,4,20,-0.23999999999999902,0.044977364323874065,0.044977364323874065,0.0002181310389825758,0.057069485580828194,0.062407342570083554,-0.18716073238448805,-0.19306333391281372,0.14770514036541132,-0.039662569918528304,-0.6920778339417147,-0.3040667290758314
dct:0.005,180.0,short_avg,wavelet,ar_irls,HbR,4,20,-0.23999999999999902,-0.04692250735625738,0.04692250735625738,0.0034258020028737667,0.07519361491873996,0.0829703929164129,-0.41520837520845355,-0.41783887404713094,0.18993733288141496,-0.09042075630658136,-0.9792847687485834,-0.5835891871262913
none,180.0,short_avg,wavelet,ar_irls,HbR,4,20,-0.23999999999999902,-0.046922507355670835,0.046922507355670835,0.003425802002471001,0.07519361491901382,0.08297039291590555,-0.41520837522916987,-0.4169609552604133,0.18993733288140402,-0.09042075630029024,-0.9792847687477034,-0.5835891871055037
poly:2,180.0,short_avg,wavelet,ar_irls,HbR,4,20,-0.23999999999999902,-0.05006919675665983,0.05006919675665983,0.0027686744605445275,0.0759451255395861,0.08088297538151545,-0.03142703495446486,-0.03398482053401719,0.15944170591953108,0.09587103532193533,-0.9786085136897905,-0.58358775397676
bspline:5,180.0,short_avg,wavelet,ar_irls,HbR,4,20,-0.23999999999999902,-0.04945472501025487,0.04945472501025487,0.0025514044271573687,0.0763428872800543,0.07877712831492827,-0.07226607413166064,-0.07625961630719758,0.16193605642781067,-0.028193345246166075,-0.9822323764705149,-0.6021619149368771
dct:0.01,180.0,short_avg,wavelet,ar_irls,HbR,4,20,-0.23999999999999902,-0.05286920785954187,0.05286920785954187,0.002778367323574303,0.07642221790235859,0.08158327405163726,0.08950103556186817,0.08667690726026112,0.15129293843231767,0.20600904626550262,-0.9792848736154107,-0.6076729290903073
poly:4,180.0,short_avg,wavelet,ar_irls,HbR,4,20,-0.23999999999999902,-0.05034692246975364,0.05034692246975364,0.002570126432055869,0.07659583753106483,0.07893240628095352,-0.03581382903004959,-0.03967160865399777,0.1590576812219502,0.0417267551070233,-0.9828406233749434,-0.6046215546162789
poly:3,180.0,short_avg,wavelet,ar_irls,HbR,4,20,-0.23999999999999902,-0.05093545421455385,0.05093545421455385,0.002674511724112789,0.07674006047636746,0.07933275744512072,-0.13885781508918305,-0.14239025248089887,0.16920972404118145,-0.12042494405550526,-0.9819211967427539,-0.6063382189034213
legendre:3,180.0,short_avg,wavelet,ar_irls,HbR,4,20,-0.23999999999999902,-0.0509354542145546,0.0509354542145546,0.0026745117241128557,0.07674006047636836,0.07933275744512121,-0.13885781508920247,-0.1423902524809184,0.16920972404118623,-0.12042494405547739,-0.9819211967427524,-0.6063382189034197
legendre:1,180.0,short_avg,wavelet,ar_irls,HbR,4,20,-0.23999999999999902,-0.05352590506867433,0.05352590506867433,0.0027118534723657786,0.0784549632473758,0.08334142311502973,-0.09934680035170451,-0.10139019589139164,0.15885451314167712,-0.10841673881902168,-0.9719735037018479,-0.5998563658434084
poly:1,180.0,short_avg,wavelet,ar_irls,HbR,4,20,-0.23999999999999902,-0.05352590506867473,0.05352590506867473,0.0027118534723657647,0.07845496324737626,0.08334142311502982,-0.0993468003517014,-0.10139019589138853,0.15885451314167692,-0.10841673881908966,-0.9719735037018497,-0.5998563658434104
poly:5,180.0,short_avg,wavelet,ar_irls,HbR,4,20,-0.23999999999999902,-0.0593343077539301,0.0593343077539301,0.002349983031940336,0.0785909691267413,0.08199295698347535,0.028536320560236195,0.024312565432237254,0.15230697315313957,0.2277320493235545,-0.9590800216331764,-0.6046255589749392
legendre:5,180.0,short_avg,wavelet,ar_irls,HbR,4,20,-0.23999999999999902,-0.059334307753971235,0.059334307753971235,0.00234998303193925,0.07859096912674465,0.08199295698348438,0.028536320562395356,0.024312565434405742,0.1523069731537806,0.2277320493356376,-0.9590800216332175,-0.6046255589751385
bspline:8,180.0,short_avg,wavelet,ar_irls,HbR,4,20,-0.23999999999999902,-0.05855464531084746,0.05855464531084746,0.002220227589435407,0.07942795161209872,0.07708617008316372,0.06669581245635747,0.06147209498876244,0.17224495978853432,0.14550779060622498,-0.9739405734818158,-0.5946922449658882
dct:0.02,180.0,short_avg,wavelet,ar_irls,HbR,4,20,-0.23999999999999902,-0.05836690860541745,0.05836690860541745,0.002322188300667069,0.08086383297640222,0.08054424441528255,0.2432895213688634,0.2390542015257786,0.13211506581396285,0.2747939772816301,-0.9776676741261107,-0.5952255203113928
butter:0.01,180.0,short_avg,wavelet,ar_irls,HbR,4,20,-0.23999999999999902,-0.05819873684768967,0.05819873684768967,0.0031677858500187553,0.08352002661229083,0.0852193002134608,-0.33366133898513783,-0.3353129319745931,0.14681081763401485,0.17214650845103185,-0.9704903312719416,-0.5953184599368506
dct:0.02,368.0,global,wavelet,ar_irls,HbR,4,20,-0.23999999999999902,0.005720691859835224,0.009252469422280113,0.00041264412530095645,0.024260544486464967,0.02728810369124201,0.7503939492211815,0.7491804284638247,0.09598187347445611,0.2973274093114083,-0.9401571662458448,-0.3708943499800227
dct:0.02,368.0,short_avg,wavelet,ar_irls,HbR,4,20,-0.23999999999999902,-0.0011932690740111482,0.007089300158052765,0.0005864515084494973,0.026136977046051054,0.031997616101481954,0.6305763861607327,0.628780343067014,0.11541518271906945,0.34870933520020336,-0.9190689442797898,-0.4137843615209391
poly:2,368.0,short_maxcorr,wavelet,ar_irls,HbR,4,20,-0.23999999999999902,-0.003829244693031017,0.008038386595918191,0.0003627852050614772,0.02641081921885485,0.027365357612626373,0.5254134799417495,0.524838746039166,0.1179430761126305,0.013404173334483478,-0.9462861108002371,-0.43243197236398445
legendre:3,368.0,short_maxcorr,wavelet,ar_irls,HbR,4,20,-0.23999999999999902,-0.0031182133009918997,0.007354247942911972,0.000330387828620897,0.026796691838247934,0.02719023333539275,0.520303977374232,0.5195776054441505,0.11795831554288877,0.0003030882261093141,-0.9466933724865553,-0.43190876593725946
poly:3,368.0,short_maxcorr,wavelet,ar_irls,HbR,4,20,-0.23999999999999902,-0.003118213300993544,0.0073542479429120275,0.00033038782862088693,0.02679669183824801,0.02719023333539273,0.520303977374222,0.5195776054441404,0.11795831554288876,0.00030308822648290336,-0.9466933724865548,-0.4319087659372592
poly:5,368.0,global,wavelet,ar_irls,HbR,4,20,-0.23999999999999902,0.006405393366492831,0.008852267133011793,0.0005762606643128902,0.026833859535182962,0.029033510980523286,0.3373835264202207,0.33597797632474846,0.15164773690658007,-0.08669687287544679,-0.9487818158392981,-0.393265296881889
legendre:5,368.0,global,wavelet,ar_irls,HbR,4,20,-0.23999999999999902,0.0064053933664862395,0.00885226713301826,0.0005762606643127667,0.026833859535189887,0.029033510980525607,0.33738352641972214,0.33597797632424886,0.15164773690752023,-0.08669687287655167,-0.9487818158392562,-0.3932652968819199
dct:0.01,368.0,global,wavelet,ar_irls,HbR,4,20,-0.23999999999999902,0.004382738373469024,0.009678025940960067,0.0005896874808697095,0.026864742891711525,0.029058868514882718,0.45374332572929776,0.4522526313483286,0.1453711126755169,0.14005649045191773,-0.9501495194822415,-0.4002849776459376
legendre:3,368.0,motion,wavelet,ar_irls,HbR,4,20,-0.23999999999999902,-0.008587259461751047,0.008587259461751047,0.0003221620597356408,0.02695586555261635,0.0284602520014424,0.5628210414661343,0.5614950512976967,0.12415821322019763,0.02481455658367683,-0.9537091648047118,-0.45462684061110187
poly:3,368.0,motion,wavelet,ar_irls,HbR,4,20,-0.23999999999999902,-0.008587259461753018,0.008587259461753018,0.000322162059735671,0.026955865552616778,0.028460252001441616,0.562821041466135,0.5614950512976973,0.12415821322019732,0.024814556582443695,-0.9537091648047136,-0.4546268406111078
dct:0.005,368.0,motion,wavelet,ar_irls,HbR,4,20,-0.23999999999999902,-0.009032568982771563,0.009032568982771563,0.00025704242562946204,0.026957589065529648,0.028119071123939014,0.5735957266499855,0.572302416752048,0.12306297562008481,0.08291236133325772,-0.9508211933445216,-0.45864094358470275
bspline:8,368.0,global,wavelet,ar_irls,HbR,4,20,-0.23999999999999902,0.00645174047817644,0.008717286796312118,0.0005800610713577003,0.026983316391596533,0.02894370581200819,0.4478662503904724,0.44635951790215045,0.1427461362023993,0.013800792732137262,-0.9475205633560942,-0.38686424604627656
poly:2,368.0,motion,wavelet,ar_irls,HbR,4,20,-0.23999999999999902,-0.008372102161845037,0.008372102161845037,0.0003288371378161306,0.027023968272434938,0.028675802411269234,0.565373927437953,0.5641878647778383,0.12498684268965018,0.09166369815185493,-0.9511375207427328,-0.45738042471341794
none,368.0,global,wavelet,ar_irls,HbR,4,20,-0.23999999999999902,0.007793072245647299,0.008045378294275235,0.0006484471339005453,0.02713095279359408,0.030244804431708478,0.3016937171280131,0.3012711414651556,0.16923320362393118,-0.20263844984809662,-0.9695665514929518,-0.4134786167042812
butter:0.01,368.0,short_maxcorr,wavelet,ar_irls,HbR,4,20,-0.23999999999999902,-0.005290409365968959,0.010587599203400008,0.00038658616875916025,0.027206663901307625,0.02929164065127663,-0.4878272179425803,-0.4887275672423943,0.15111147131807318,-0.012224078699627649,-0.9371722833331816,-0.4397688373630006
dct:0.005,368.0,short_maxcorr,wavelet,ar_irls,HbR,4,20,-0.23999999999999902,-0.003839180935927944,0.0069253590725214115,0.0003452216051564965,0.02738075590526968,0.027090075421365066,0.5339623954520447,0.5332567055602399,0.12055545492914181,0.06647660189957273,-0.9462466686095701,-0.43605838806029223
poly:2,368.0,global,wavelet,ar_irls,HbR,4,20,-0.23999999999999902,0.007554032651681142,0.008463546497303631,0.0006174857431669024,0.0273830597271865,0.030201187689484665,0.18672342665110664,0.18573853222379944,0.16201480407548025,-0.1070526513865523,-0.9469575481965853,-0.39633643469242097
bspline:5,368.0,global,wavelet,ar_irls,HbR,4,20,-0.23999999999999902,0.006106190745020529,0.0096850469674023,0.0006252596162966261,0.027392066797729427,0.029893247992337845,0.0750234295653196,0.07334216345728933,0.17411656036570763,0.02061392523133752,-0.9471065839336611,-0.4027168894916218
poly:3,368.0,global,wavelet,ar_irls,HbR,4,20,-0.23999999999999902,0.007435770619978813,0.00894642360275763,0.0006172142167293245,0.027395197472674902,0.03021742294578475,0.0854740899535198,0.08408928391165654,0.16275309009705566,-0.16446239394603837,-0.9458536947933798,-0.392398298407635
legendre:3,368.0,global,wavelet,ar_irls,HbR,4,20,-0.23999999999999902,0.00743577061997891,0.008946423602757658,0.0006172142167293192,0.027395197472675055,0.030217422945784674,0.08547408995355471,0.08408928391169157,0.16275309009705713,-0.16446239394608678,-0.9458536947934327,-0.3923982984076352
dct:0.005,368.0,global,wavelet,ar_irls,HbR,4,20,-0.23999999999999902,0.0076377896771224404,0.008369471856069427,0.0006075928817473337,0.027412947340656187,0.03012536139465715,0.3139967330560734,0.3129579637239355,0.15601332093993728,-0.14405875755023867,-0.954735511909341,-0.3952510389064424
legendre:1,368.0,global,wavelet,ar_irls,HbR,4,20,-0.23999999999999902,0.0075661602200088884,0.00899664358821764,0.0006129766843036975,0.027466091030672518,0.030231991581301916,0.3591699432949337,0.358588075810032,0.15220875414105284,-0.16045586892712882,-0.9569849277159896,-0.4076726376665435
poly:1,368.0,global,wavelet,ar_irls,HbR,4,20,-0.23999999999999902,0.007566160220008972,0.008996643588217682,0.0006129766843036916,0.027466091030672553,0.030231991581301965,0.3591699432949287,0.358588075810027,0.15220875414105306,-0.16045586892710914,-0.9569849277159911,-0.40767263766654327
poly:4,368.0,global,wavelet,ar_irls,HbR,4,20,-0.23999999999999902,0.005829993754187537,0.009695322205852716,0.0006238924290958475,0.027490755808647186,0.029849967955699767,0.002606152763601155,0.0007932587668066371,0.18070749260839336,0.030876783192970332,-0.9483423168202795,-0.40217111179987475
dct:0.02,368.0,short_maxcorr,wavelet,ar_irls,HbR,4,20,-0.23999999999999902,-0.01069550223903104,0.013490995543790615,0.0003597754795522034,0.02796783102590553,0.028842152070257997,0.7690172315181026,0.76789425239452,0.09557956902195215,0.19762855164849313,-0.9401345044611277,-0.4459819039481289
butter:0.01,368.0,global,wavelet,ar_irls,HbR,4,20,-0.23999999999999902,0.006696440383341537,0.009046905154379947,0.0006764207863188341,0.028050952753859104,0.03073998555456655,-0.990216936793866,-0.9914213040778562,0.17824047047987232,0.09759075609813289,-0.9711062632094161,-0.4229239877176031
bspline:8,368.0,short_maxcorr,wavelet,ar_irls,HbR,4,20,-0.23999999999999902,-0.004952367888220073,0.01048615064643306,0.00041615130661385466,0.028280794823291953,0.028665298037972076,0.575096245717903,0.5739367145509717,0.10946299674419213,-0.1278274735607484,-0.9394008728718569,-0.4401266155592175
bspline:5,368.0,short_maxcorr,wavelet,ar_irls,HbR,4,20,-0.23999999999999902,-0.007811797437789543,0.013558900428090354,0.0003929285674387828,0.028315519452342966,0.028620663437222964,0.5228116660817934,0.5219443137632508,0.11555402318753391,-0.09602855976209197,-0.9486906994117948,-0.4358962227410846
poly:4,368.0,short_maxcorr,wavelet,ar_irls,HbR,4,20,-0.23999999999999902,-0.008135900284009602,0.014029691087901378,0.0003979609299967674,0.028325594868346744,0.028788704790389703,0.5242981899635617,0.5234335395969398,0.11583684619700324,-0.07839821013381168,-0.948659767503285,-0.4361711515722574
legendre:5,368.0,short_maxcorr,wavelet,ar_irls,HbR,4,20,-0.23999999999999902,-0.006715943508062962,0.012625469481661572,0.00040259455453823514,0.02833988634670792,0.028413221526456006,0.5081048965380965,0.5070614826822684,0.10992255259863223,-0.147234287375494,-0.9456832342026908,-0.4354741435730337
poly:5,368.0,short_maxcorr,wavelet,ar_irls,HbR,4,20,-0.23999999999999902,-0.006715943508058465,0.012625469481656645,0.0004025945545381989,0.02833988634671153,0.028413221526456763,0.5081048965378216,0.5070614826819928,0.10992255259863229,-0.1472342873750254,-0.9456832342026879,-0.4354741435730378
dct:0.02,368.0,motion,tddr+wavelet,ar_irls,HbR,4,20,-0.23999999999999902,0.020345836262355393,0.020345836262355393,0.00011889082344362846,0.02835362917125308,0.027745980688407345,0.7653034422222402,0.7638035555170264,0.07267889994673085,0.26821034420692336,-0.9722326396733338,-0.4468309016357994
dct:0.01,368.0,short_avg,wavelet,ar_irls,HbR,4,20,-0.23999999999999902,0.004357604253701186,0.00822046177229252,0.0007942780350312738,0.02840024752684301,0.035053265033984524,0.45541407465249106,0.45392793962273736,0.14489960163068008,0.23268291021168983,-0.9540826569203108,-0.40790736278315876
dct:0.01,368.0,short_maxcorr,wavelet,ar_irls,HbR,4,20,-0.23999999999999902,-0.00778212013448442,0.013494235919469674,0.0003507286738678342,0.028488493362507524,0.02859656719611673,0.6527926210766445,0.6518451176168778,0.10674799491029702,0.08725309457195046,-0.9490318533571319,-0.432062534325792
butter:0.01,368.0,motion,wavelet,ar_irls,HbR,4,20,-0.23999999999999902,-0.014942573674905674,0.014942573674905674,0.00019573131990099842,0.02852332341030554,0.02922498454314037,0.22971514623477746,0.2280812086661846,0.1005988122339616,0.2653706172543049,-0.9516618828309631,-0.45820251817568464
dct:0.02,368.0,baseline,tddr+wavelet,ar_irls,HbR,4,20,-0.23999999999999902,0.012016072694350469,0.012016072694350469,0.00010483581804482384,0.02859955168455364,0.02612428622542202,0.7608966834880161,0.7598072090810659,0.07304112535463514,0.267848352769762,-0.9594438730498633,-0.46598388929427076
none,368.0,motion,wavelet,ar_irls,HbR,4,20,-0.23999999999999902,-0.0028375296158871383,0.008737461625900153,0.00048161035189891034,0.028896743965961827,0.03159410758480268,-0.12881536289861573,-0.1312098197290067,0.22133539374518585,0.0868942330659989,-0.9593244929903503,-0.4304985607299632
none,368.0,short_maxcorr,wavelet,ar_irls,HbR,4,20,-0.23999999999999902,-0.0034765582861151154,0.006897549976508849,0.0005830247151698343,0.0294862273869096,0.029971209534768246,0.2141342143106641,0.2136586525644073,0.19082433858010012,-0.06604395837328564,-0.9555568101078511,-0.42270050253521624
dct:0.005,368.0,baseline,wavelet,ar_irls,HbR,4,20,-0.23999999999999902,-0.011222841764614015,0.011222841764614015,0.00040485220841392916,0.02959222840284962,0.0297428422423672,0.5474080065774561,0.5468599084927785,0.12343904516490409,0.11236401320904714,-0.9568785007098302,-0.44546954260073957
butter:0.01,368.0,baseline,wavelet,ar_irls,HbR,4,20,-0.23999999999999902,-0.016042858950276156,0.016042858950276156,0.00027232071664542404,0.029596552948892574,0.029833046573704454,0.22427986476982098,0.22404522468051963,0.10088672847336834,0.22384287443309242,-0.9564653585941533,-0.4575900821557998
legendre:3,368.0,baseline,wavelet,ar_irls,HbR,4,20,-0.23999999999999902,-0.011950959001975868,0.011950959001975868,0.0004017959136727667,0.029696885791878017,0.029983506298159535,0.5358972470400984,0.5353352091921302,0.1274635404608149,0.16464027964569697,-0.9561862580762169,-0.44857765431154895
poly:3,368.0,baseline,wavelet,ar_irls,HbR,4,20,-0.23999999999999902,-0.011950959001976028,0.011950959001976028,0.0004017959136727629,0.029696885791878125,0.029983506298159313,0.5358972470400969,0.5353352091921284,0.12746354046081482,0.16464027964570468,-0.9561862580762188,-0.4485776543115453
poly:2,368.0,baseline,wavelet,ar_irls,HbR,4,20,-0.23999999999999902,-0.011666374697846843,0.011666374697846843,0.00042461063922314443,0.029812265825647034,0.030007284355317475,0.5337664085873226,0.5333430730018995,0.1284926185965285,0.12415675078575625,-0.9574559540396037,-0.45392523036252597
bspline:5,368.0,short_avg,wavelet,ar_irls,HbR,4,20,-0.23999999999999902,0.00577513803936467,0.008614585734299386,0.0008896619818417018,0.029854401828484325,0.03613641274070529,0.1356967671808456,0.13412578281340698,0.16613335317208497,0.005224239301489102,-0.9495081466297878,-0.3945746593099462
poly:4,368.0,short_avg,wavelet,ar_irls,HbR,4,20,-0.23999999999999902,0.005393880748546485,0.008647071100817132,0.0008860097153791555,0.02991856251212654,0.036081612104119226,0.0958992111404337,0.09425588950057995,0.16567094290810874,0.0027979244807852027,-0.9503362920137939,-0.395099179111486
butter:0.01,368.0,short_avg,wavelet,ar_irls,HbR,4,20,-0.23999999999999902,0.0035991508453929177,0.008440788815283512,0.0009035589163780258,0.030068130402279587,0.034983191385604864,-0.422438366008245,-0.42329914565484605,0.15470288286848788,0.23641139187551774,-0.9694481496753415,-0.4027019093576226
poly:2,368.0,short_avg,wavelet,ar_irls,HbR,4,20,-0.23999999999999902,0.005843739954790109,0.007384694247968858,0.000923008934970002,0.03044417198229115,0.03542690441399571,0.21643714972560651,0.2154882392196732,0.1605780167258883,0.09984010446441825,-0.9428778957478497,-0.39206700630830826
legendre:3,368.0,short_avg,wavelet,ar_irls,HbR,4,20,-0.23999999999999902,0.006404445890711888,0.007709247231455989,0.0009241786522562935,0.030469137823989835,0.03625336809284328,0.22341622850575354,0.22224029911221288,0.16531011829381498,0.07516338206900558,-0.9350927959014065,-0.3942109721253862
poly:3,368.0,short_avg,wavelet,ar_irls,HbR,4,20,-0.23999999999999902,0.006404445890711846,0.0077092472314554406,0.0009241786522563,0.03046913782398996,0.03625336809284318,0.22341622850633885,0.22224029911279908,0.16531011829381528,0.0751633820690831,-0.9350927959014016,-0.3942109721253879
poly:1,368.0,baseline,wavelet,ar_irls,HbR,4,20,-0.23999999999999902,-0.012655393846141033,0.012655393846141033,0.0004538214472749,0.03049183118386961,0.033388891940719256,0.4617158869584934,0.4613901477070311,0.12988550529742998,0.09326597638289555,-0.9410981481350428,-0.45697190855989095
legendre:1,368.0,baseline,wavelet,ar_irls,HbR,4,20,-0.23999999999999902,-0.012655393846140735,0.012655393846140735,0.00045382144727490307,0.03049183118386963,0.03338889194071925,0.46171588695849247,0.46139014770703013,0.12988550529742993,0.09326597638289096,-0.9410981481350432,-0.4569719085598868
dct:0.005,368.0,short_avg,wavelet,ar_irls,HbR,4,20,-0.23999999999999902,0.006297516624069813,0.008042139782923036,0.0009336807147613467,0.03064496407615725,0.036076649894443216,0.16714152907219304,0.1658803866268148,0.16418045692004865,-0.014647952297232189,-0.945403866457838,-0.3957991568061464
bspline:8,368.0,motion,tddr+wavelet,ar_irls,HbR,4,20,-0.23999999999999902,0.014599794221231768,0.014599794221231768,0.0002821244204468542,0.030979734959586332,0.030191072256233513,0.6701800577544489,0.6687778472499127,0.09000342951250778,-0.1295635356282925,-0.971575833360832,-0.4459888417799416
none,368.0,baseline,wavelet,ar_irls,HbR,4,20,-0.23999999999999902,-0.00678716472908264,0.007104280848283129,0.0005470933694928158,0.0310297337910014,0.03318002366842169,-0.2663782782136166,-0.26676133274423175,0.22309356144212633,0.10296721903489026,-0.9612196578821275,-0.4327993735939732
bspline:8,368.0,baseline,tddr+wavelet,ar_irls,HbR,4,20,-0.23999999999999902,0.012931259289533328,0.012931259289533328,0.0002509412672757463,0.03105154298359069,0.02918071783379625,0.6721144103533072,0.671319295252618,0.08961767100915231,0.24101309667568288,-0.9532200383816709,-0.4599199351308476
bspline:8,368.0,short_avg,wavelet,ar_irls,HbR,4,20,-0.23999999999999902,0.00637616907528947,0.008325993526017844,0.0009304634625929099,0.031193205701625232,0.035772646541105596,0.27000123824981853,0.26800912519470893,0.1576243311593691,-0.023519816896325575,-0.9448148722322274,-0.4025313869770453
poly:4,368.0,baseline,wavelet,ar_irls,HbR,4,20,-0.23999999999999902,-0.018508045222142673,0.018508045222142673,0.00037795442053623296,0.031610916520123176,0.03320467457268714,0.5667144312294266,0.5660583355771392,0.12404794106160358,0.06601531346987073,-0.9629115697950584,-0.458965821685705
poly:5,368.0,short_avg,wavelet,ar_irls,HbR,4,20,-0.23999999999999902,0.00687332208544135,0.009122715543854423,0.000941167256207327,0.03169475258128965,0.035817326690181034,0.2646232268778509,0.26306333675304633,0.1582161058643854,-0.023315480939390974,-0.9493453078192792,-0.38890185003236605
legendre:5,368.0,short_avg,wavelet,ar_irls,HbR,4,20,-0.23999999999999902,0.006873322085443098,0.009122715543853667,0.0009411672562075981,0.03169475258129742,0.03581732669018249,0.2646232268774803,0.263063336752675,0.15821610586438214,-0.023315480939675864,-0.9493453078192732,-0.3889018500323772
dct:0.02,368.0,motion,wavelet,ar_irls,HbR,4,20,-0.23999999999999902,-0.02506140726046536,0.02506140726046536,0.00025977910664334056,0.031711519726597096,0.03438372872967657,0.775217187724534,0.7737806572748125,0.08956171026634806,0.16513997452307222,-0.9555406947851154,-0.4803210287037202
bspline:5,368.0,baseline,wavelet,ar_irls,HbR,4,20,-0.23999999999999902,-0.019036421253317115,0.019036421253317115,0.0003778782627341813,0.031712992560860895,0.03308600178823006,0.5559666202885125,0.5552942499376472,0.12368548518635283,0.07145545717782044,-0.9623696236953849,-0.45826610644881927
bspline:8,368.0,motion,wavelet,ar_irls,HbR,4,20,-0.23999999999999902,-0.017291729755190832,0.017291729755190832,0.00021766329401287334,0.03179301633453114,0.032045253452474165,0.6849345880604466,0.6835951055924375,0.11627683142506481,-0.0471239635064308,-0.9587615734080219,-0.4543918964675607
poly:1,368.0,short_maxcorr,wavelet,ar_irls,HbR,4,20,-0.23999999999999902,-0.008529293281033648,0.01633380874464363,0.0004488149575633414,0.03182775482891142,0.031422919627330737,0.45489035577948667,0.4543954015020467,0.1348093265582614,-0.1031277746449835,-0.9166124184968775,-0.4332246440862507
legendre:1,368.0,short_maxcorr,wavelet,ar_irls,HbR,4,20,-0.23999999999999902,-0.008529293281033933,0.01633380874464367,0.0004488149575633378,0.031827754828911585,0.031422919627330764,0.45489035577948567,0.4543954015020457,0.1348093265582616,-0.10312777464497068,-0.9166124184968752,-0.43322464408625205
dct:0.01,368.0,baseline,wavelet,ar_irls,HbR,4,20,-0.23999999999999902,-0.02015912398955977,0.02015912398955977,0.0003351368595892178,0.03188255552069063,0.03300201730386303,0.6940691964469088,0.693327321203373,0.11058901698027307,0.17746066414689946,-0.9594527429832471,-0.45604843929959904
poly:4,368.0,motion,wavelet,ar_irls,HbR,4,20,-0.23999999999999902,-0.01737325691322262,0.01737325691322262,0.00022355556806179347,0.031889329811283805,0.0315860481152236,0.5957144662280156,0.5943652123228299,0.12102393149691251,0.04439990667551895,-0.9635903602945439,-0.4503981586346095
dct:0.01,368.0,motion,wavelet,ar_irls,HbR,4,20,-0.23999999999999902,-0.018242615639015608,0.018242615639015608,0.00020188222411261864,0.03193961761396721,0.031766106299548603,0.7090607582154321,0.7078238467714649,0.10812471518644909,0.18907225169529565,-0.9629624155856564,-0.4532349329580726
bspline:5,368.0,motion,wavelet,ar_irls,HbR,4,20,-0.23999999999999902,-0.017640054963283955,0.017640054963283955,0.0002233791052669535,0.03200057309493694,0.03177003365053588,0.5855052020112015,0.5841218759256805,0.12071268170215865,0.037866481151799525,-0.9644479068040896,-0.4549104644063471
poly:5,368.0,baseline,tddr+wavelet,ar_irls,HbR,4,20,-0.23999999999999902,0.01586106400643441,0.01586106400643441,0.00026617043065841755,0.03200551785305693,0.03129219731543546,0.6432656299512893,0.6426172184940666,0.09707908652280298,0.2316325073315788,-0.9569449759637199,-0.45372810150195586
legendre:5,368.0,baseline,tddr+wavelet,ar_irls,HbR,4,20,-0.23999999999999902,0.015861064006436706,0.015861064006436706,0.0002661704306565052,0.03200551785305701,0.03129219731542778,0.6432656299513406,0.642617218494118,0.0970790865228005,0.23163250733183902,-0.9569449759637287,-0.4537281015024346
poly:5,368.0,motion,wavelet,ar_irls,HbR,4,20,-0.23999999999999902,-0.017312297445169655,0.017312297445169655,0.00022084904482575515,0.032051300733744896,0.03172653430612161,0.6526118284725907,0.6513466818691525,0.12288206076186978,-0.02398340558848359,-0.9618853904225406,-0.4569966782355065
legendre:5,368.0,motion,wavelet,ar_irls,HbR,4,20,-0.23999999999999902,-0.017312297445184144,0.017312297445184144,0.00022084904482512025,0.03205130073376315,0.031726534306076845,0.6526118284723101,0.6513466818688709,0.1228820607618521,-0.023983405586201264,-0.9618853904231156,-0.45699667823584955
dct:0.01,368.0,baseline,tddr+wavelet,ar_irls,HbR,4,20,-0.23999999999999902,0.015696271971242154,0.015696271971242154,0.00021174484701717424,0.032175292911288414,0.0298977936777845,0.6768318947760718,0.6760482194678598,0.089289279365931,0.14515956439334474,-0.9670128634699843,-0.4464897241853576
dct:0.01,368.0,motion,tddr+wavelet,ar_irls,HbR,4,20,-0.23999999999999902,0.019032528538680905,0.019032528538680905,0.00022526332120574594,0.03221201309008001,0.03131849994751086,0.6869921455110121,0.6856614106300993,0.08886420004102938,0.12682345933135974,-0.9742254385423269,-0.42801313038572086
legendre:5,368.0,baseline,wavelet,ar_irls,HbR,4,20,-0.23999999999999902,-0.02025291601742464,0.02025291601742464,0.00036702591946512783,0.03240020010427553,0.03365020828173075,0.6520586774052439,0.6514262484638418,0.12520494159381085,0.042383030949465536,-0.9598458478851265,-0.46732705169280864
poly:5,368.0,baseline,wavelet,ar_irls,HbR,4,20,-0.23999999999999902,-0.020252916017424093,0.020252916017424093,0.0003670259194650962,0.03240020010427593,0.033650208281729835,0.6520586774053471,0.651426248463945,0.12520494159387435,0.04238303094932041,-0.9598458478851513,-0.46732705169276234
poly:5,368.0,motion,tddr+wavelet,ar_irls,HbR,4,20,-0.23999999999999902,0.019134217800384774,0.019134217800384774,0.00022755657672112264,0.03246346290517606,0.03182981869666786,0.6555247842169349,0.6542702462535369,0.09607697432631573,-0.07714789273422523,-0.9655374168510888,-0.43699324119722366
legendre:5,368.0,motion,tddr+wavelet,ar_irls,HbR,4,20,-0.23999999999999902,0.019134217800379,0.019134217800379,0.00022755657672143305,0.032463462905180256,0.03182981869666087,0.6555247842169327,0.6542702462535345,0.09607697432633253,-0.0771478927332408,-0.9655374168511662,-0.4369932411975511
butter:0.01,368.0,baseline,tddr+wavelet,ar_irls,HbR,4,20,-0.23999999999999902,0.015295717980826018,0.015295717980826018,0.00018733363394795536,0.032657079967389306,0.030918077772085557,0.17193294782203022,0.17168247381955654,0.08012496445219411,0.20983761582449179,-0.9569612438972105,-0.44325227092611696
bspline:8,368.0,short_maxcorr,tddr+wavelet,ar_irls,HbR,4,20,-0.23999999999999902,0.028906008515292236,0.028906008515292236,0.00024349417147209498,0.032683357509920546,0.03577290435454879,0.6732198732512799,0.6723281142637909,0.09570302877359885,0.10827599008134044,-0.9406315972934727,-0.4480701818823516
poly:1,368.0,short_avg,wavelet,ar_irls,HbR,4,20,-0.23999999999999902,0.0032677417055081703,0.008518591380367549,0.0009576942712540252,0.03269028453487428,0.03676598349719621,0.1635800789732738,0.1628206177859009,0.16744962036780098,-0.001986731053007421,-0.9740074673942137,-0.40431469689550636
legendre:1,368.0,short_avg,wavelet,ar_irls,HbR,4,20,-0.23999999999999902,0.003267741705507969,0.008518591380367112,0.0009576942712540269,0.03269028453487441,0.036765983497196085,0.16358007897328458,0.16282061778591167,0.16744962036780137,-0.001986731053024874,-0.9740074673942134,-0.4043146968955065
dct:0.02,368.0,short_maxcorr,tddr+wavelet,ar_irls,HbR,4,20,-0.23999999999999902,0.026878463458626184,0.026878463458626184,0.00019027348198487787,0.032831946024957655,0.033640419003588155,0.7551048844680224,0.7539142670725464,0.0760201421686443,0.18773692496639358,-0.9249278623961683,-0.4536034394561688
dct:0.01,368.0,short_maxcorr,tddr+wavelet,ar_irls,HbR,4,20,-0.23999999999999902,0.030612459706745948,0.030612459706745948,0.00023641063687953782,0.03290837067334265,0.03609835511502145,0.6815782600712705,0.6807093105080932,0.09536615114443031,0.10068607439948087,-0.9553204045030005,-0.4484523719464937
poly:4,368.0,baseline,tddr+wavelet,ar_irls,HbR,4,20,-0.23999999999999902,0.01513974327903532,0.01513974327903532,0.00027397442950914664,0.03310795188228442,0.030962343994818654,0.6216879825287945,0.6211151296858641,0.09901743163666914,0.22045390654142258,-0.9602094187863699,-0.4551588622396323
poly:4,368.0,short_maxcorr,tddr+wavelet,ar_irls,HbR,4,20,-0.23999999999999902,0.02850580688930368,0.02850580688930368,0.00032736004080497155,0.033236000240651306,0.037329060285228914,0.5607103450385376,0.5599118785345178,0.10916555414836171,0.05559452516443554,-0.9495848271409072,-0.4424874832690103
legendre:5,368.0,short_maxcorr,tddr+wavelet,ar_irls,HbR,4,20,-0.23999999999999902,0.02994542202851281,0.02994542202851281,0.0002906664175623382,0.03324502863300226,0.037696376649444516,0.6122367593365325,0.6114142312502766,0.1015437752402599,0.01262791336915601,-0.9501112259556099,-0.4394061940031607
poly:5,368.0,short_maxcorr,tddr+wavelet,ar_irls,HbR,4,20,-0.23999999999999902,0.029945422028514683,0.029945422028514683,0.00029066641756228886,0.03324502863300317,0.03769637664944379,0.6122367593365812,0.6114142312503256,0.10154377524025764,0.012627913368962435,-0.9501112259555988,-0.43940619400316994
dct:0.02,368.0,baseline,wavelet,ar_irls,HbR,4,20,-0.23999999999999902,-0.028113564879294117,0.028113564879294117,0.00016865456155575542,0.03358411930676901,0.0350688324548406,0.7657298993334678,0.7646624474774537,0.08941517817922934,0.17732584955794253,-0.9588452459979379,-0.4801949052754666
bspline:5,368.0,motion,tddr+wavelet,ar_irls,HbR,4,20,-0.23999999999999902,0.01877148338358823,0.01877148338358823,0.00028872834896578214,0.03373674231042578,0.03310076918765645,0.6161448543865007,0.614863784422378,0.09859332914876287,0.25339159133204736,-0.9691201319299788,-0.43267586257289137
poly:4,368.0,motion,tddr+wavelet,ar_irls,HbR,4,20,-0.23999999999999902,0.018404380850379216,0.018404380850379216,0.0002849188713565269,0.03383444694645171,0.03215607601437738,0.6364897349738333,0.6352765635796319,0.0976908762182652,0.2703199444063146,-0.9736545580294581,-0.43650524718770545
bspline:5,368.0,baseline,tddr+wavelet,ar_irls,HbR,4,20,-0.23999999999999902,0.015124999914256525,0.015124999914256525,0.0002727797651962228,0.03418547157793958,0.03163498669992205,0.6161493752807556,0.6155681356915381,0.10076137429776164,0.19123179783425784,-0.9600021268032921,-0.450563566466632
butter:0.01,368.0,motion,tddr+wavelet,ar_irls,HbR,4,20,-0.23999999999999902,0.02207496981436658,0.02207496981436658,0.00018690615040205743,0.03423036572127903,0.03206066925778071,0.16942641623457178,0.16766459348113,0.0803864866837669,0.2040442918494246,-0.9705075759775709,-0.42889944219926035
bspline:8,368.0,baseline,wavelet,ar_irls,HbR,4,20,-0.23999999999999902,-0.021425639659503365,0.021425639659503365,0.000357094802791701,0.034234366253969084,0.034164945309921514,0.6893283747307777,0.6885750031023589,0.11942350449603131,0.05176761429056851,-0.954754636762071,-0.46725812806555667
bspline:5,368.0,short_maxcorr,tddr+wavelet,ar_irls,HbR,4,20,-0.23999999999999902,0.02931850797347526,0.02931850797347526,0.00033621996405200914,0.034323221158008704,0.03827076023516359,0.5614523041533805,0.5606551862572643,0.11016109696757967,0.05661180768226447,-0.9502836524012201,-0.4355096333740299
butter:0.01,368.0,short_maxcorr,tddr+wavelet,ar_irls,HbR,4,20,-0.23999999999999902,0.02773682131869392,0.02773682131869392,0.00021469948596400433,0.03521758391429505,0.0368447574103027,-0.03203154171076472,-0.03265606911875918,0.10010862392837247,0.11779371479867932,-0.9421719292776839,-0.4448426479582264
none,368.0,short_avg,wavelet,ar_irls,HbR,4,20,-0.23999999999999902,0.007198571222567625,0.008192762623660158,0.0011586051087101794,0.03524587869321494,0.03888489856835252,-0.4678891906818785,-0.4687774746096738,0.25023092656964097,-0.03638125004768021,-0.9732124393956043,-0.3946607930956685
poly:1,368.0,motion,wavelet,ar_irls,HbR,4,20,-0.23999999999999902,-0.013853876596280484,0.013853876596280484,0.00033028063934642136,0.03546829795071271,0.03356762675043769,0.5130362694019263,0.5118553934259382,0.1276213641593451,0.08209767481611696,-0.9338630473712759,-0.44669312213077295
legendre:1,368.0,motion,wavelet,ar_irls,HbR,4,20,-0.23999999999999902,-0.013853876596279728,0.013853876596279728,0.0003302806393464159,0.03546829795071304,0.033567626750437785,0.5130362694019264,0.5118553934259382,0.1276213641593444,0.0820976748160976,-0.9338630473712737,-0.44669312213077134
poly:1,368.0,motion,tddr+wavelet,ar_irls,HbR,4,20,-0.23999999999999902,0.017352692720666522,0.021512472964959534,0.0003519306408692566,0.03560521029965184,0.034975594700667925,0.06289182327651588,0.06061935725233042,0.16432873835594358,0.32353851617654716,-0.9064952042717496,-0.43205784253597596
legendre:1,368.0,motion,tddr+wavelet,ar_irls,HbR,4,20,-0.23999999999999902,0.017352692720666314,0.02151247296495981,0.00035193064086925466,0.035605210299652065,0.03497559470066804,0.06289182327650467,0.06061935725231915,0.16432873835594375,0.323538516176552,-0.9064952042717505,-0.4320578425359739
legendre:1,368.0,baseline,tddr+wavelet,ar_irls,HbR,4,20,-0.23999999999999902,0.01877563956629707,0.02036222436425634,0.00035439366399129055,0.03808540518807503,0.036560548035920674,0.059801319005344356,0.05923236367645196,0.1685090193746085,0.3054306032123518,-0.8898706664267593,-0.4357077465079822
poly:1,368.0,baseline,tddr+wavelet,ar_irls,HbR,4,20,-0.23999999999999902,0.018775639566297166,0.020362224364256463,0.0003543936639912899,0.038085405188075114,0.036560548035920744,0.059801319005341136,0.05923236367644874,0.16850901937460727,0.3054306032123502,-0.8898706664267598,-0.43570774650798316
legendre:1,368.0,short_maxcorr,tddr+wavelet,ar_irls,HbR,4,20,-0.23999999999999902,0.027090506859489563,0.027090506859489563,0.00045398698716019904,0.03816725850845619,0.03833368232158872,0.0781004390013032,0.07726336312872573,0.1585779964715326,-0.01804904957918714,-0.9165658802130194,-0.4562007061233012
poly:1,368.0,short_maxcorr,tddr+wavelet,ar_irls,HbR,4,20,-0.23999999999999902,0.027090506859489626,0.027090506859489626,0.00045398698716019893,0.03816725850845629,0.038333682321588694,0.07810043900129698,0.07726336312871951,0.1585779964715321,-0.01804904957921522,-0.9165658802130199,-0.45620070612330266
none,368.0,motion,tddr+wavelet,ar_irls,HbR,4,20,-0.23999999999999902,0.020371080595345648,0.022049910667305633,0.00028625839968428633,0.03874797599179748,0.03603132307017373,-0.04820865719281975,-0.05043213010201664,0.17496259272704323,0.22256402474725445,-0.9234373912299172,-0.4202767893901168
dct:0.005,368.0,baseline,tddr+wavelet,ar_irls,HbR,4,20,-0.23999999999999902,0.022739498986653478,0.022739498986653478,0.000316041106891223,0.03970281414043367,0.03534725332073122,0.4406238441562873,0.4399464282848447,0.12215451062065681,0.2104900201879429,-0.9284523421942725,-0.42928249611905855
none,368.0,baseline,tddr+wavelet,ar_irls,HbR,4,20,-0.23999999999999902,0.02048298967332387,0.02048298967332387,0.00034789399279299506,0.039818629077169695,0.03723548218880596,-0.12113069384424135,-0.12146981383632971,0.17873120815458324,0.24569060040838608,-0.9128455790782966,-0.4246449420480375
none,368.0,short_maxcorr,tddr+wavelet,ar_irls,HbR,4,20,-0.23999999999999902,0.029589999428050975,0.029589999428050975,0.0004037793929545576,0.039873266341030174,0.03849777679370413,-0.06656069396189557,-0.06720611646958807,0.1705530451676059,-0.05226197859486594,-0.937244943974716,-0.46246517206386073
poly:2,368.0,baseline,tddr+wavelet,ar_irls,HbR,4,20,-0.23999999999999902,0.022102155140812166,0.022102155140812166,0.00032344695100289624,0.040201508138925944,0.03666760442034337,0.3682642597510275,0.36769064981738736,0.12746034503710646,0.16082662983626111,-0.9383811962950933,-0.42592668605132444
legendre:3,368.0,baseline,tddr+wavelet,ar_irls,HbR,4,20,-0.23999999999999902,0.027226234732569653,0.027226234732569653,0.00027814403753003813,0.040465868370401586,0.03711541570808364,0.5241576255678781,0.5235813708001735,0.1132237932335931,0.12104952900867424,-0.9334054868034966,-0.4191900200006994
poly:3,368.0,baseline,tddr+wavelet,ar_irls,HbR,4,20,-0.23999999999999902,0.027226234732569944,0.027226234732569944,0.00027814403753006274,0.04046586837040164,0.03711541570808376,0.524157625567875,0.5235813708001704,0.11322379323359316,0.12104952900867687,-0.9334054868034954,-0.4191900200007014
dct:0.005,368.0,motion,tddr+wavelet,ar_irls,HbR,4,20,-0.23999999999999902,0.029283371487835268,0.029283371487835268,0.00031878220706842814,0.040815677600332126,0.03568302286881842,0.474075252365228,0.4724800908619378,0.11664712652250443,0.17543164730052388,-0.9341253166305034,-0.42347674139485314
dct:0.005,368.0,short_maxcorr,tddr+wavelet,ar_irls,HbR,4,20,-0.23999999999999902,0.03173123604740758,0.03173123604740758,0.0004997193296411676,0.041497855233569345,0.039877924939790754,0.4288977808231913,0.42803299854097326,0.12533479181571264,0.05969938437379177,-0.9214531511619862,-0.4310630565504354
poly:2,368.0,motion,tddr+wavelet,ar_irls,HbR,4,20,-0.23999999999999902,0.028351509285337438,0.028351509285337438,0.0003468835333383718,0.04151804268546601,0.037731473286503656,0.42161983868936914,0.42004148166941896,0.12354627728179529,0.12038183650825549,-0.9372766108136834,-0.41158792031615543
legendre:3,368.0,motion,tddr+wavelet,ar_irls,HbR,4,20,-0.23999999999999902,0.030942998105581397,0.030942998105581397,0.00023883464270185034,0.041805216367432764,0.0379571259470776,0.5441970285731187,0.5428145506494703,0.107005740242475,0.12762249085678093,-0.9329521271155882,-0.40629563961217074
poly:3,368.0,motion,tddr+wavelet,ar_irls,HbR,4,20,-0.23999999999999902,0.03094299810558162,0.03094299810558162,0.00023883464270186118,0.04180521636743301,0.03795712594707789,0.5441970285731171,0.5428145506494687,0.10700574024247497,0.12762249085680707,-0.9329521271157089,-0.4062956396121574
poly:2,368.0,short_maxcorr,tddr+wavelet,ar_irls,HbR,4,20,-0.23999999999999902,0.031920237437304405,0.031920237437304405,0.00044939889148112383,0.04191839988369865,0.04139143813793391,0.35352634196698923,0.35274344925365836,0.1287151104678616,0.02446412325057051,-0.9357649887105617,-0.4299232600491107
legendre:3,368.0,short_maxcorr,tddr+wavelet,ar_irls,HbR,4,20,-0.23999999999999902,0.032087673384495745,0.032087673384495745,0.0003596011380701196,0.04209126314762573,0.0417873831452227,0.451497718463303,0.4506671577704855,0.11970136956958319,0.016193368140564754,-0.9361530160146811,-0.4234301044347756
poly:3,368.0,short_maxcorr,tddr+wavelet,ar_irls,HbR,4,20,-0.23999999999999902,0.03208767338449596,0.03208767338449596,0.0003596011380701191,0.042091263147625735,0.04178738314522268,0.45149771846330083,0.4506671577704833,0.11970136956958327,0.016193368140607105,-0.93615301601468,-0.42343010443477547
dct:0.01,368.0,global,tddr+wavelet,ar_irls,HbR,4,20,-0.23999999999999902,0.03405547736062997,0.03405547736062997,0.0002820037910742574,0.04359421074267234,0.04465869128458329,0.6182216114252573,0.6171797662168969,0.09384687290296786,0.038042927473295664,-0.9590279120383001,-0.40086272506675824
poly:4,368.0,global,tddr+wavelet,ar_irls,HbR,4,20,-0.23999999999999902,0.03478643087081441,0.03478643087081441,0.0002952147506854096,0.04469811577022027,0.04520348628195475,0.23104494532203101,0.22964726876096836,0.13828491377062863,0.11522270783265479,-0.9555212759515455,-0.39908834876865645
bspline:8,368.0,global,tddr+wavelet,ar_irls,HbR,4,20,-0.23999999999999902,0.036540805128741,0.036540805128741,0.00029570375625135963,0.04477325902020826,0.04538181030440079,0.3199344813597402,0.31807863246108575,0.12692255605218045,0.008726646776173129,-0.9546228426167447,-0.4001612600850428
dct:0.02,368.0,global,tddr+wavelet,ar_irls,HbR,4,20,-0.23999999999999902,0.0365157502032791,0.0365157502032791,0.000207287966888603,0.04495116667118297,0.04501903540793974,0.7591696412224693,0.7579987856343683,0.07429089542407688,0.014559759180309807,-0.933046364395276,-0.3833854342945521
legendre:5,368.0,global,tddr+wavelet,ar_irls,HbR,4,20,-0.23999999999999902,0.03632072444823029,0.03632072444823029,0.00029314065621524393,0.04497385626478019,0.04580979579766843,0.4202141287153206,0.41898427989744397,0.12397634458955542,0.0073800706451977475,-0.9553638229635878,-0.4005853649873606
poly:5,368.0,global,tddr+wavelet,ar_irls,HbR,4,20,-0.23999999999999902,0.03632072444823207,0.03632072444823207,0.0002931406562152979,0.044973856264782106,0.04580979579766861,0.42021412871408265,0.41898427989620346,0.12397634459003423,0.007380070647189185,-0.9553638229636007,-0.40058536498736363
bspline:5,368.0,global,tddr+wavelet,ar_irls,HbR,4,20,-0.23999999999999902,0.03489288789465054,0.03489288789465054,0.00029452711414555547,0.04498774452040793,0.045353949811283566,0.2603802474899482,0.2590358916841135,0.1345163986468334,0.08296855262604978,-0.9562919650363748,-0.3990510803223822
none,368.0,global,tddr+wavelet,ar_irls,HbR,4,20,-0.23999999999999902,0.03322616442124107,0.03322616442124107,0.00029865615587098274,0.04525915550884241,0.045249679249295474,0.19620157069875993,0.19571515712580906,0.1465215517286611,-0.13435190915852924,-0.9706527996201185,-0.40144719011693797
butter:0.01,368.0,global,tddr+wavelet,ar_irls,HbR,4,20,-0.23999999999999902,0.03483684003635307,0.03483684003635307,0.000303691374546028,0.04583780459307575,0.0455453663590817,-0.6430597531412723,-0.644054040435155,0.1278640097069669,-0.03737483815598855,-0.9621544546781257,-0.4259597961962462
legendre:3,368.0,global,tddr+wavelet,ar_irls,HbR,4,20,-0.23999999999999902,0.035384893110115195,0.035384893110115195,0.0002964343715266849,0.04605939505696184,0.04582415534923697,0.2832303022505499,0.28214494534905166,0.12414222989365498,-0.15267836073390528,-0.9618105828176043,-0.39735829760574937
poly:3,368.0,global,tddr+wavelet,ar_irls,HbR,4,20,-0.23999999999999902,0.03538489311011513,0.03538489311011513,0.00029643437152668446,0.04605939505696213,0.04582415534923702,0.28323030225043805,0.28214494534893964,0.12414222989365192,-0.15267836073407345,-0.9618105828176082,-0.3973582976057496
poly:2,368.0,global,tddr+wavelet,ar_irls,HbR,4,20,-0.23999999999999902,0.03553262862727493,0.03553262862727493,0.00029856280937445417,0.04611294365498378,0.045896984636179416,0.27472194685635315,0.2738436204220284,0.1323292562340473,-0.2054570426450139,-0.9606838404504346,-0.39714619773844717
legendre:1,368.0,global,tddr+wavelet,ar_irls,HbR,4,20,-0.23999999999999902,0.03386639308641688,0.03386639308641688,0.00029842164800014426,0.04611308851790333,0.04579937546350897,0.21237293212873143,0.21165777437945366,0.14534213305813162,-0.18269719268889917,-0.9663024478563922,-0.3966532664129531
poly:1,368.0,global,tddr+wavelet,ar_irls,HbR,4,20,-0.23999999999999902,0.033866393086416896,0.033866393086416896,0.00029842164800013575,0.04611308851790338,0.04579937546350893,0.21237293212874986,0.21165777437947209,0.1453421330581308,-0.18269719268894244,-0.9663024478563931,-0.39665326641295334
dct:0.005,368.0,global,tddr+wavelet,ar_irls,HbR,4,20,-0.23999999999999902,0.03572313768748894,0.03572313768748894,0.0002943231077702185,0.04625679978335284,0.045917467322661255,0.3535233136003367,0.35254439675236626,0.12489642523647385,-0.1639169238004328,-0.9653594076910273,-0.39700054936162227
butter:0.01,368.0,short_avg,tddr+wavelet,ar_irls,HbR,4,20,-0.23999999999999902,0.03577679318820724,0.03577679318820724,0.00040665838422012865,0.04750348169643592,0.04698047249719493,-0.7318765016741589,-0.7329245358657923,0.12795499953797784,0.09024176947425462,-0.9635702148470796,-0.38216985693812144
dct:0.02,368.0,short_avg,tddr+wavelet,ar_irls,HbR,4,20,-0.23999999999999902,0.03906472038369418,0.03906472038369418,0.00023841841054351802,0.04887478625380008,0.04639217041528919,0.7161518384354225,0.7147718412962449,0.08050037333153667,0.0848558777567059,-0.8742144787507464,-0.38167214460881893
none,368.0,short_avg,tddr+wavelet,ar_irls,HbR,4,20,-0.23999999999999902,0.035677813296916314,0.035677813296916314,0.0005167727295498804,0.049063708119981286,0.04799651678929351,-0.09938142283647922,-0.10004670660218962,0.17322435516477463,-0.11232441953995054,-0.9722678533765698,-0.3816275552274445
legendre:1,368.0,short_avg,tddr+wavelet,ar_irls,HbR,4,20,-0.23999999999999902,0.03733605303682949,0.03733605303682949,0.0004959371540896966,0.04916471757877032,0.04889620909692307,-0.20758561694042166,-0.20868209298485907,0.1807849758975788,0.04700651278059696,-0.9654178476465103,-0.3796314792908162
poly:1,368.0,short_avg,tddr+wavelet,ar_irls,HbR,4,20,-0.23999999999999902,0.03733605303682953,0.03733605303682953,0.0004959371540896983,0.04916471757877039,0.04889620909692305,-0.20758561694042676,-0.20868209298486418,0.18078497589757775,0.047006512780628555,-0.9654178476465115,-0.379631479290816
bspline:8,368.0,short_avg,tddr+wavelet,ar_irls,HbR,4,20,-0.23999999999999902,0.03822823830582009,0.03822823830582009,0.00033823707612024923,0.04966798698596396,0.04924482277505799,0.3890156158214254,0.3873482842696949,0.1262101632249273,-0.1438125400143423,-0.9216683943067804,-0.3744627218329346
poly:4,368.0,short_avg,tddr+wavelet,ar_irls,HbR,4,20,-0.23999999999999902,0.03855492849734812,0.03855492849734812,0.0004652190305239825,0.04977692089635707,0.05005390214034631,0.21533506890103055,0.2139088375812505,0.13883731194735194,0.17609424704684623,-0.9520101517749023,-0.37605976600553276
dct:0.01,368.0,short_avg,tddr+wavelet,ar_irls,HbR,4,20,-0.23999999999999902,0.03985182992475217,0.03985182992475217,0.0002880289087111186,0.04979338237629302,0.04822176123609244,0.5837189163988084,0.5825829158674528,0.1042446056161159,0.01630169965123839,-0.9414497158377247,-0.3785284763530413
dct:0.005,368.0,short_avg,tddr+wavelet,ar_irls,HbR,4,20,-0.23999999999999902,0.037969215019211314,0.037969215019211314,0.00042873300329542355,0.049889113619769485,0.04957297431284625,0.1061499629438471,0.10479646500766271,0.1510765120920905,-0.03389680239381513,-0.9588171072733566,-0.37379234094920755
bspline:5,368.0,short_avg,tddr+wavelet,ar_irls,HbR,4,20,-0.23999999999999902,0.03867325212123896,0.03867325212123896,0.00046423034326946346,0.050112375584229665,0.05030512285499905,0.20393790694595615,0.20249095979105636,0.13556969027553764,0.23747673272807351,-0.9518265895553125,-0.37489477279622585
poly:2,368.0,short_avg,tddr+wavelet,ar_irls,HbR,4,20,-0.23999999999999902,0.03842973069481764,0.03842973069481764,0.00042519430750330363,0.051226840357501996,0.0506183910447343,0.11721034197405517,0.11614126579115974,0.14446122315698015,-0.04295225082603423,-0.9462233427044123,-0.3687153729705658
poly:3,368.0,short_avg,tddr+wavelet,ar_irls,HbR,4,20,-0.23999999999999902,0.03912249225040928,0.03912249225040928,0.00041973891434128396,0.05125211619645112,0.05093657325225588,0.14038966514369366,0.13908801412180344,0.14282035941093035,-0.012946419197951137,-0.9433187676359255,-0.3675300690507039
legendre:3,368.0,short_avg,tddr+wavelet,ar_irls,HbR,4,20,-0.23999999999999902,0.03912249225040991,0.03912249225040991,0.000419738914341271,0.05125211619645115,0.05093657325225559,0.14038966514340795,0.13908801412151733,0.1428203594109298,-0.012946419197957533,-0.9433187676359269,-0.36753006905070396
poly:5,368.0,short_avg,tddr+wavelet,ar_irls,HbR,4,20,-0.23999999999999902,0.039538604993275266,0.039538604993275266,0.0003633867085344539,0.051286340930575526,0.051467245290034526,0.31768674133809316,0.3162394101833558,0.1369060335211598,0.15825154217896995,-0.9451582286127989,-0.36692761934959495
legendre:5,368.0,short_avg,tddr+wavelet,ar_irls,HbR,4,20,-0.23999999999999902,0.039538604993275814,0.039538604993275814,0.00036338670853459395,0.05128634093057556,0.0514672452900322,0.3176867413377284,0.31623941018299023,0.13690603352085834,0.15825154218002385,-0.9451582286128108,-0.3669276193495905
