family,window_s,constellation,motion,chromo,n_seeds,n_channels,beta_true_peak,bias_med,absbias_med,var_med,rmse_med,rmse_mean,hbo_hbr_corr,hbr_hbo_ratio_med
legendre:1,90.0,short_avg,wavelet,HbO,4,20,0.6,0.02800409012036245,0.04506234110404278,0.011761160580521512,0.11771726408152455,0.16893711151501575,0.5975575476166564,-0.39410070095193506
poly:1,90.0,short_avg,wavelet,HbO,4,20,0.6,0.02800409012036198,0.045062341104041254,0.011761160580521724,0.11771726408153005,0.1689371115150151,0.5975575476166571,-0.39410070095193517
butter:0.01,90.0,short_avg,wavelet,HbO,4,20,0.6,-0.006159723726125249,0.05313068697186149,0.00729225740378575,0.12052510436333547,0.1778167103130515,0.6137303262770888,-0.42570965894466867
dct:0.02,90.0,short_avg,tddr+wavelet,HbO,4,20,0.6,-0.04834060001883178,0.054546400090485836,0.00591531147564494,0.12338873378563037,0.16988308664342863,0.5198523809157879,-0.31205081553590774
poly:3,90.0,global,tddr+wavelet,HbO,4,20,0.6,-0.020136642487004086,0.05209278779473339,0.006499947630848198,0.12339666061887067,0.1480302447288477,-0.09151059061493375,-0.3029939771479335
legendre:3,90.0,global,tddr+wavelet,HbO,4,20,0.6,-0.02013664248687097,0.05209278779473289,0.0064999476308786695,0.12339666061887178,0.14803024472886378,-0.091510590614149,-0.3029939771479413
dct:0.01,90.0,short_avg,wavelet,HbO,4,20,0.6,0.03706226405423205,0.05204679690771544,0.00888034046261445,0.123744976367755,0.1707707858970577,0.6423073455042924,-0.3664524578509736
dct:0.005,90.0,short_avg,wavelet,HbO,4,20,0.6,0.037062264054338656,0.0520467969078319,0.008880340462641467,0.12374497636779727,0.170770785897105,0.6423073456865706,-0.3664524580777482
none,90.0,short_avg,wavelet,HbO,4,20,0.6,0.037062264054338656,0.0520467969078319,0.008880340462641467,0.12374497636779727,0.170770785897105,0.6423073456865706,-0.3664524580777482
dct:0.01,90.0,short_maxcorr,tddr+wavelet,HbO,4,20,0.6,-0.005486578896305883,0.037113681905646734,0.0065110953719454264,0.1239150251652982,0.13603243447307836,0.43544940024117523,-0.23099329027708748
dct:0.005,90.0,short_maxcorr,tddr+wavelet,HbO,4,20,0.6,-0.005486578896183425,0.03711368190587738,0.006511095372392319,0.12391502516555879,0.13603243447322663,0.4354494002475726,-0.23099329027779764
none,90.0,short_maxcorr,tddr+wavelet,HbO,4,20,0.6,-0.005486578896183425,0.03711368190587738,0.006511095372392319,0.12391502516555879,0.13603243447322663,0.4354494002475726,-0.23099329027779764
butter:0.01,90.0,short_maxcorr,wavelet,HbO,4,20,0.6,0.05082531789861369,0.05973743973224244,0.00953107584995496,0.12699904637674658,0.18212192830092416,0.3452780201597694,-0.29763634099802627
bspline:8,90.0,short_maxcorr,wavelet,HbO,4,20,0.6,-0.001468504514965191,0.03643825645671289,0.011370258869438248,0.12961185708746698,0.20770127194910085,-0.059217775033392664,-0.1466977731752272
poly:2,90.0,short_maxcorr,tddr+wavelet,HbO,4,20,0.6,-0.0020675831727875182,0.04574085784332596,0.004672471102675999,0.13068385131424626,0.14319082663777286,0.25698448014499725,-0.2719754431524691
poly:2,90.0,short_avg,tddr+wavelet,HbO,4,20,0.6,-0.04659168774385772,0.06293620218514151,0.006343757431589471,0.13127044543875388,0.1727047303349029,0.4233377442537107,-0.3080968670618688
poly:4,90.0,global,tddr+wavelet,HbO,4,20,0.6,-0.015012773492922599,0.04278652883869058,0.009638112133726123,0.13264956603598585,0.16313165405780533,-0.0868930201986442,-0.281429921793462
poly:2,90.0,global,wavelet,HbO,4,20,0.6,-0.03338451240312856,0.08267800052546254,0.015582107103411527,0.13320044805891823,0.1965323934680535,0.29516986837670867,-0.4027656432532864
poly:1,90.0,short_maxcorr,tddr+wavelet,HbO,4,20,0.6,-0.018287214120807443,0.03820929771931414,0.010454643834375742,0.13402999657958437,0.14276684350681926,0.28513886326873666,-0.24266212057917746
legendre:1,90.0,short_maxcorr,tddr+wavelet,HbO,4,20,0.6,-0.018287214120807305,0.03820929771931694,0.010454643834375454,0.1340299965795853,0.14276684350681895,0.2851388632687399,-0.24266212057917935
dct:0.02,90.0,short_maxcorr,tddr+wavelet,HbO,4,20,0.6,-0.00477591324695778,0.03350545612205416,0.004189702903740403,0.13403236120326406,0.14722115674751757,0.33187569685817053,-0.27312046621159536
dct:0.02,90.0,global,tddr+wavelet,HbO,4,20,0.6,-0.03146299449806075,0.03226519095971636,0.00892239080061849,0.13649749240442438,0.1599121417478298,-0.041551345415325125,-0.32200200859774675
bspline:5,90.0,global,tddr+wavelet,HbO,4,20,0.6,-0.004531034078367913,0.044966378525171796,0.008748082854094674,0.1365797418653488,0.15989188250332528,-0.0711835105171094,-0.29508419839603217
bspline:5,90.0,short_maxcorr,tddr+wavelet,HbO,4,20,0.6,0.019804164375747196,0.05010911085859279,0.00489445594352386,0.13966071896002294,0.1629617222805136,0.25041497949969554,-0.29701480814802617
dct:0.02,90.0,global,wavelet,HbO,4,20,0.6,-0.031650897535029865,0.05837159982053483,0.016529015682681773,0.14063582607595715,0.1950603678589708,0.36435798734211766,-0.36397353491112305
poly:3,90.0,short_maxcorr,tddr+wavelet,HbO,4,20,0.6,0.007108502443316511,0.04203557776157718,0.005332809115309473,0.14087664453834042,0.15253095971617103,0.3303083096179057,-0.2772081732292676
legendre:3,90.0,short_maxcorr,tddr+wavelet,HbO,4,20,0.6,0.007108502443296971,0.04203557776155731,0.00533280911530952,0.14087664453834273,0.15253095971616668,0.3303083096178512,-0.27720817322929003
poly:3,90.0,short_avg,tddr+wavelet,HbO,4,20,0.6,-0.005591160609344115,0.06121054825312075,0.007611667588680899,0.14255861997564645,0.16741536523163186,0.48713705312763345,-0.2877970751853577
legendre:3,90.0,short_avg,tddr+wavelet,HbO,4,20,0.6,-0.005591160609377088,0.061210548253095326,0.007611667588681124,0.14255861997564803,0.1674153652316377,0.48713705312756417,-0.287797075185369
legendre:3,90.0,global,wavelet,HbO,4,20,0.6,0.01890221502272299,0.04610870188502811,0.016366896763545163,0.14306621794700505,0.19111282288147735,0.04165268763680286,-0.30348536702916995
poly:3,90.0,global,wavelet,HbO,4,20,0.6,0.018902215022730817,0.04610870188503069,0.016366896763543727,0.14306621794700813,0.19111282288147846,0.04165268763636203,-0.3034853670291676
butter:0.01,90.0,short_maxcorr,tddr+wavelet,HbO,4,20,0.6,-0.0376135813719542,0.0625356144087883,0.004452217913449415,0.14330723217325145,0.1515575593761022,0.24982135914185052,-0.31826519528359076
poly:4,90.0,short_maxcorr,tddr+wavelet,HbO,4,20,0.6,0.015209795655571401,0.05746674028471599,0.005282608118949367,0.14340468075665844,0.16922681265951256,0.2363334691760135,-0.2998891357123479
poly:3,90.0,short_avg,wavelet,HbO,4,20,0.6,0.032492325963540014,0.09073975005880977,0.01181545713649635,0.14344318596228528,0.1807851281688677,0.6641656749454409,-0.35347582644574815
legendre:3,90.0,short_avg,wavelet,HbO,4,20,0.6,0.03249232596353219,0.09073975005880186,0.011815457136496128,0.1434431859622855,0.18078512816886705,0.6641656749454429,-0.35347582644578956
butter:0.01,90.0,global,wavelet,HbO,4,20,0.6,-0.044485073836610295,0.061807051831775206,0.01723437423052991,0.14714205113247103,0.2128526602639375,0.4719756221318452,-0.4334992883229419
dct:0.01,90.0,global,tddr+wavelet,HbO,4,20,0.6,-0.022648393391244415,0.07417575192488524,0.008304129642982739,0.14935439726992067,0.1607060924395844,0.04368577623132765,-0.3169536414527251
dct:0.005,90.0,global,tddr+wavelet,HbO,4,20,0.6,-0.022648393380668597,0.0741757519245553,0.008304129642799545,0.1493543972701574,0.16070609243544118,0.04368577620755874,-0.31695364146798527
none,90.0,global,tddr+wavelet,HbO,4,20,0.6,-0.022648393380668597,0.0741757519245553,0.008304129642799545,0.1493543972701574,0.16070609243544118,0.04368577620755874,-0.31695364146798527
poly:3,90.0,short_maxcorr,wavelet,HbO,4,20,0.6,0.0937679183298834,0.0937679183298834,0.008231609123117312,0.14942238733558066,0.18523647578980135,0.3854936070472535,-0.2797184501339516
legendre:3,90.0,short_maxcorr,wavelet,HbO,4,20,0.6,0.09376791832988246,0.09376791832988246,0.00823160912311727,0.14942238733558116,0.18523647578979527,0.38549360704728053,-0.2797184501339515
poly:2,90.0,global,tddr+wavelet,HbO,4,20,0.6,-0.023801350803251686,0.02872860038778907,0.00830039147854867,0.15006792785887618,0.15422282611871774,0.04997474477465038,-0.3250763104002481
poly:4,90.0,short_avg,tddr+wavelet,HbO,4,20,0.6,-0.007368779149920568,0.06895176793825805,0.012010788314930607,0.1510734796939897,0.18332032537592607,0.4572462512146069,-0.27385393793672685
poly:5,90.0,short_maxcorr,tddr+wavelet,HbO,4,20,0.6,-0.029756955744658087,0.06992498343820927,0.005470296890199766,0.15118517655474767,0.17122045809156097,0.003361702148787501,-0.29533279204863394
legendre:5,90.0,short_maxcorr,tddr+wavelet,HbO,4,20,0.6,-0.0297569557438582,0.06992498343821354,0.0054702968901973945,0.15118517655478525,0.17122045809167424,0.003361702152538947,-0.2953327920482609
bspline:5,90.0,short_avg,tddr+wavelet,HbO,4,20,0.6,0.00538901210116749,0.06628073218554748,0.013235458068425302,0.1537756339521622,0.18098131644834234,0.4809182627876097,-0.2992922676465999
poly:2,90.0,short_maxcorr,wavelet,HbO,4,20,0.6,0.1053730595534337,0.1053730595534337,0.009003594768471622,0.15491702680357383,0.19603247939100202,0.3586119128476989,-0.27043088989273184
butter:0.01,90.0,short_avg,tddr+wavelet,HbO,4,20,0.6,-0.0588625402813234,0.07897324034653722,0.007599851358032817,0.15775732129504882,0.18496772773843878,0.49361160770493473,-0.3895058535435441
poly:4,90.0,short_avg,wavelet,HbO,4,20,0.6,0.028770061260243174,0.09477450052908021,0.018673045944633385,0.15880969003610873,0.19889438056874104,0.6372878222868142,-0.3574472967473421
bspline:5,90.0,short_avg,wavelet,HbO,4,20,0.6,0.04141838760063826,0.09098770401256046,0.0204891833556778,0.16208890835624706,0.2011633446530645,0.6728141712511713,-0.35771705193021924
poly:5,90.0,global,tddr+wavelet,HbO,4,20,0.6,-0.06396403141723289,0.06958657717421973,0.016194804474139273,0.16301886622356887,0.1943112746945053,-0.5904795758287139,-0.3184484400859257
legendre:5,90.0,global,tddr+wavelet,HbO,4,20,0.6,-0.06396403141752387,0.06958657717420738,0.016194804474124865,0.16301886622359923,0.1943113391165419,-0.5904791759882404,-0.3184484400865209
legendre:1,90.0,global,wavelet,HbO,4,20,0.6,-0.028788905782011848,0.0776531020278585,0.017043983131758145,0.16389442687292644,0.21088315310135552,0.02887897688928915,-0.3352394079329072
poly:1,90.0,global,wavelet,HbO,4,20,0.6,-0.028788905782011348,0.07765310202785827,0.017043983131759137,0.16389442687292655,0.21088315310135405,0.028878976889256502,-0.3352394079328983
poly:2,90.0,short_avg,wavelet,HbO,4,20,0.6,0.034307887573163054,0.06629246517983814,0.013877637400376609,0.16421401730172006,0.1870117171840538,0.4606307161068952,-0.38502679486893077
poly:1,90.0,global,tddr+wavelet,HbO,4,20,0.6,-0.03707070363865392,0.06586803800372698,0.010326013206319883,0.16541588731764584,0.16058438692974542,-0.015827403364318492,-0.32043010127447735
legendre:1,90.0,global,tddr+wavelet,HbO,4,20,0.6,-0.03707070363865636,0.06586803800372701,0.010326013206319937,0.16541588731764598,0.1605843869297446,-0.015827403364348822,-0.3204301012744763
butter:0.01,90.0,global,tddr+wavelet,HbO,4,20,0.6,-0.08552099702100469,0.08552099702100469,0.009342175333186374,0.1656099371187329,0.17325791785692596,0.004157304310132967,-0.37386168368657613
dct:0.02,90.0,short_avg,wavelet,HbO,4,20,0.6,0.01419637600097115,0.05803672760256873,0.010589075815062656,0.16780099334498122,0.18278216449373547,0.5379951801440198,-0.38919033452181984
dct:0.01,90.0,short_avg,tddr+wavelet,HbO,4,20,0.6,-0.023533711358779713,0.04052702225649943,0.009993870187484225,0.16871799234192975,0.17717359065210864,0.4756100080200117,-0.31270262784376074
dct:0.005,90.0,short_avg,tddr+wavelet,HbO,4,20,0.6,-0.023533711359189996,0.04052702225646512,0.009993870187496545,0.16871799234197202,0.17717359065212754,0.475610006216711,-0.3127026278433801
none,90.0,short_avg,tddr+wavelet,HbO,4,20,0.6,-0.023533711359189996,0.04052702225646512,0.009993870187496545,0.16871799234197202,0.17717359065212754,0.475610006216711,-0.3127026278433801
dct:0.02,90.0,short_maxcorr,wavelet,HbO,4,20,0.6,0.11863946416679771,0.11863946416679771,0.010432673255917822,0.1711152220577004,0.20612149615174266,0.33866004830193935,-0.2591777028532818
dct:0.01,90.0,global,wavelet,HbO,4,20,0.6,-0.03211651598448384,0.058535955352628816,0.018639045419654547,0.17219240346214437,0.2181458154336525,0.46107307237593315,-0.3894311867827539
dct:0.005,90.0,global,wavelet,HbO,4,20,0.6,-0.032116515984481536,0.0585359553526503,0.01863904541965171,0.17219240346498105,0.21814581543622533,0.46107307237229855,-0.3894311867578618
none,90.0,global,wavelet,HbO,4,20,0.6,-0.032116515984481536,0.0585359553526503,0.01863904541965171,0.17219240346498105,0.21814581543622533,0.46107307237229855,-0.3894311867578618
bspline:8,90.0,short_maxcorr,tddr+wavelet,HbO,4,20,0.6,-0.15033845829016562,0.15033845829016562,0.006727141812432679,0.1745805614383874,0.21864147803854223,0.08692049385272127,-0.13394801721136734
poly:1,90.0,short_maxcorr,wavelet,HbO,4,20,0.6,0.09519849287392262,0.09519849287392262,0.007936493163028434,0.1764264100869345,0.20021500361121247,0.27960828836451207,-0.24255970214143827
legendre:1,90.0,short_maxcorr,wavelet,HbO,4,20,0.6,0.09519849287392423,0.09519849287392423,0.007936493163028194,0.1764264100869346,0.20021500361121106,0.2796082883645336,-0.2425597021414463
poly:4,90.0,global,wavelet,HbO,4,20,0.6,0.03505984322410266,0.07289125756233769,0.012656707062117032,0.17709957255723782,0.21792101092340369,0.35286632893029596,-0.2782681312560775
legendre:5,90.0,short_maxcorr,wavelet,HbO,4,20,0.6,0.08435804897349042,0.08435804897349042,0.013408660686392326,0.1847958131605888,0.19923507541896274,0.2733817921158854,-0.2743201914552177
poly:5,90.0,short_maxcorr,wavelet,HbO,4,20,0.6,0.0843580489740067,0.0843580489740067,0.013408660686397829,0.18479581316059407,0.19923507541907096,0.27338179211353614,-0.27432019145360165
poly:5,90.0,short_avg,tddr+wavelet,HbO,4,20,0.6,-0.04456876603996035,0.09089073299765746,0.02016795745456672,0.19047984901956816,0.21724674652895426,0.15748008900672256,-0.3175438446412939
legendre:5,90.0,short_avg,tddr+wavelet,HbO,4,20,0.6,-0.04456876604029905,0.09089073299750813,0.020167957454885452,0.19047984901956883,0.2172467465244631,0.15748008900742858,-0.3175438446396662
legendre:1,90.0,motion,tddr+wavelet,HbO,4,20,0.6,0.01427924680436879,0.04335282604981566,0.03561190467541611,0.19065899356183907,0.24234197662635654,0.16428522875190518,-0.2625370628505822
poly:1,90.0,motion,tddr+wavelet,HbO,4,20,0.6,0.014279246804367207,0.04335282604981483,0.03561190467541808,0.19065899356184365,0.24234197662635823,0.16428522875190277,-0.2625370628505825
bspline:5,90.0,global,wavelet,HbO,4,20,0.6,0.03962660836840812,0.08061688426303279,0.01860162268495983,0.19247876184410428,0.2118727131617349,0.17692189788847065,-0.2832971678951543
poly:4,90.0,short_maxcorr,wavelet,HbO,4,20,0.6,0.12386546714605065,0.12386546714605065,0.011027844560836554,0.19306766514682566,0.2148696518738425,0.4637175557219958,-0.2378366832260546
legendre:5,90.0,global,wavelet,HbO,4,20,0.6,0.003033610237857115,0.0981962775465368,0.015348507953083106,0.193597436639457,0.23200417717728744,-0.47225638018690563,-0.3683285563271519
poly:5,90.0,global,wavelet,HbO,4,20,0.6,0.0030336102378477614,0.09819627754589692,0.015348507953073416,0.19359743663945972,0.23200417717719152,-0.47225638018688104,-0.3683285563271716
butter:0.01,90.0,motion,tddr+wavelet,HbO,4,20,0.6,0.0023824585642190643,0.038571575259285645,0.03808153400281101,0.19633711740136572,0.2410628552759289,0.2474105895042725,-0.23208304116771283
bspline:5,90.0,short_maxcorr,wavelet,HbO,4,20,0.6,0.12795152107558855,0.12795152107558855,0.009917028865886978,0.1971079124267508,0.21098733642198259,0.44392770389816943,-0.2370794410791577
dct:0.005,90.0,short_maxcorr,wavelet,HbO,4,20,0.6,0.106421479203167,0.1279221153563461,0.010200035156386622,0.19962573675983752,0.21435456597056324,0.3810286663781824,-0.2830692768776002
none,90.0,short_maxcorr,wavelet,HbO,4,20,0.6,0.106421479203167,0.1279221153563461,0.010200035156386622,0.19962573675983752,0.21435456597056324,0.3810286663781824,-0.2830692768776002
dct:0.01,90.0,short_maxcorr,wavelet,HbO,4,20,0.6,0.10642147920315209,0.12792211535631426,0.010200035156233678,0.19962573679080553,0.21435456597449246,0.38102866638808885,-0.2830692768775195
legendre:1,90.0,short_avg,tddr+wavelet,HbO,4,20,0.6,-0.0216896340712672,0.06390602407574461,0.011530760492808849,0.2010002667757964,0.18853632350057845,0.4301506662938805,-0.30027181789832175
poly:1,90.0,short_avg,tddr+wavelet,HbO,4,20,0.6,-0.021689634071273278,0.06390602407574977,0.011530760492808328,0.20100026677580032,0.18853632350057964,0.4301506662938698,-0.30027181789832086
dct:0.02,90.0,motion,tddr+wavelet,HbO,4,20,0.6,0.016158039807862012,0.041166172320735106,0.04046862957982779,0.20195173741789146,0.25045216755170746,0.17926856910118066,-0.2292634282235061
bspline:8,90.0,global,wavelet,HbO,4,20,0.6,-0.14445842859663413,0.14445842859663413,0.017449097301747693,0.2023919572476242,0.2769146278591261,0.10701173563324098,-0.2985175124930575
poly:3,90.0,motion,tddr+wavelet,HbO,4,20,0.6,0.01834958489298419,0.04000346376142799,0.04169917504817494,0.2043632945553565,0.2499922757487671,0.3651481203660032,-0.2377471713956258
legendre:3,90.0,motion,tddr+wavelet,HbO,4,20,0.6,0.018349584892950965,0.04000346376139688,0.041699175048188444,0.20436329455538704,0.24999227574876937,0.365148120366121,-0.2377471713956304
poly:5,90.0,short_avg,wavelet,HbO,4,20,0.6,-0.010260220848211349,0.11183086731278036,0.020278112912122486,0.2171154206996059,0.2158626340351907,0.5467290928369946,-0.4032659612238524
legendre:5,90.0,short_avg,wavelet,HbO,4,20,0.6,-0.010260220848574947,0.11183086731276673,0.020278112912114486,0.2171154206996133,0.21586263403519865,0.5467290928338615,-0.40326596122322467
poly:2,90.0,motion,tddr+wavelet,HbO,4,20,0.6,0.02001841854693917,0.044545892085188055,0.047360310659664964,0.2185991990464078,0.25016771871931864,0.1777899848659454,-0.2377292587440093
bspline:8,90.0,short_avg,wavelet,HbO,4,20,0.6,-0.07062403513844753,0.07062403513844753,0.043858635551510594,0.21903681979578649,0.22910752926705027,0.03674703808329552,-0.23366985162559595
dct:0.01,90.0,motion,tddr+wavelet,HbO,4,20,0.6,0.040994683311235985,0.05150146205088224,0.04759396282947535,0.22534840614161136,0.24700130437906279,0.20596803310513467,-0.19723295616587727
dct:0.005,90.0,motion,tddr+wavelet,HbO,4,20,0.6,0.04099468331123482,0.05150146205088382,0.04759396284654278,0.2253484061416149,0.24700130438312828,0.20596803267449545,-0.1972329561658759
none,90.0,motion,tddr+wavelet,HbO,4,20,0.6,0.04099468331123482,0.05150146205088382,0.04759396284654278,0.2253484061416149,0.24700130438312828,0.20596803267449545,-0.1972329561658759
bspline:8,90.0,short_avg,tddr+wavelet,HbO,4,20,0.6,-0.1742235015719529,0.1742235015719529,0.014430724462053486,0.23845141596986863,0.24519254214466663,0.36722566432529347,-0.16051508910369564
legendre:5,90.0,motion,tddr+wavelet,HbO,4,20,0.6,0.007305878692224044,0.03938506164202116,0.05683491880113116,0.2408996809763419,0.28571993084161934,-0.26549262794889217,-0.25818141571774744
poly:5,90.0,motion,tddr+wavelet,HbO,4,20,0.6,0.007305878689535472,0.0393850616423814,0.05683491880141796,0.24089968097771175,0.2857199308424728,-0.2654926279620518,-0.25818141572373327
dct:0.01,90.0,baseline,tddr+wavelet,HbO,4,20,0.6,0.012647696491622645,0.04655268886990774,0.05923369504738672,0.2542187147595515,0.2560928897672777,0.12130853045415325,-0.2082976919496798
dct:0.005,90.0,baseline,tddr+wavelet,HbO,4,20,0.6,0.012647696490812904,0.04655268886945721,0.05923369504751193,0.2542187147597073,0.256092889766962,0.12130853040111564,-0.20829769194991016
none,90.0,baseline,tddr+wavelet,HbO,4,20,0.6,0.012647696490812904,0.04655268886945721,0.05923369504751193,0.2542187147597073,0.256092889766962,0.12130853040111564,-0.20829769194991016
butter:0.01,90.0,baseline,tddr+wavelet,HbO,4,20,0.6,-0.002118414150401815,0.037586384142946655,0.06303871094558383,0.25729769380390716,0.2595017773505843,0.21085014181932904,-0.21404743323485348
poly:4,90.0,motion,tddr+wavelet,HbO,4,20,0.6,0.03969673042833119,0.05812448543338433,0.05229870116518025,0.2620077910773077,0.28337382243339865,0.5072438327023762,-0.21795900945798885
legendre:1,90.0,baseline,tddr+wavelet,HbO,4,20,0.6,0.001973243122480678,0.038299108813957455,0.06419174318264831,0.2620253510823626,0.2658434212532784,0.08826068521415978,-0.22246791718503672
poly:1,90.0,baseline,tddr+wavelet,HbO,4,20,0.6,0.0019732431224783464,0.038299108813955346,0.06419174318264834,0.26202535108236313,0.2658434212532799,0.08826068521416451,-0.22246791718503497
bspline:5,90.0,motion,tddr+wavelet,HbO,4,20,0.6,0.0567670115191129,0.06495976218626962,0.07121110608968396,0.2664617172792468,0.28958959415323143,0.4931038989022314,-0.21376227211775317
bspline:8,90.0,global,tddr+wavelet,HbO,4,20,0.6,-0.2331349667918259,0.2331349667918259,0.011997334129162145,0.2673485877151137,0.30275741015129165,0.051987213832246686,-0.291908133865972
dct:0.02,90.0,baseline,tddr+wavelet,HbO,4,20,0.6,0.012384178500495863,0.04196496096711738,0.06922157704178887,0.2718293292149398,0.2743950382219014,0.18895560273716572,-0.23827571784869903
poly:2,90.0,baseline,tddr+wavelet,HbO,4,20,0.6,0.020581043738622296,0.04159625957573326,0.07363581214215835,0.2755972300237652,0.273689424331682,0.13041172408608157,-0.226873369486428
legendre:3,90.0,baseline,tddr+wavelet,HbO,4,20,0.6,0.03563163986215526,0.054412677696414474,0.07832670388419234,0.2867361590067007,0.2770993917739936,0.29515723170012054,-0.25423978497403027
poly:3,90.0,baseline,tddr+wavelet,HbO,4,20,0.6,0.035631639862183206,0.054412677696402234,0.07832670388418751,0.28673615900671967,0.2770993917739924,0.2951572317000004,-0.25423978497403077
bspline:5,90.0,baseline,tddr+wavelet,HbO,4,20,0.6,0.07087765783913766,0.07087765783913766,0.09657507039786654,0.3128992227892406,0.3223316271497086,0.38513193552638275,-0.18506878580175096
poly:5,90.0,baseline,tddr+wavelet,HbO,4,20,0.6,0.01588731484998665,0.04809132615484757,0.09814265308974418,0.31605793246502123,0.3192395136684554,-0.14203690798970944,-0.2600650133143878
legendre:5,90.0,baseline,tddr+wavelet,HbO,4,20,0.6,0.01588731484969791,0.04809132615513259,0.0981426530898539,0.31605793246516034,0.3192395136682987,-0.14203690817722422,-0.2600650133134835
poly:4,90.0,baseline,tddr+wavelet,HbO,4,20,0.6,0.05605943241530845,0.05942027147526016,0.08709579327240999,0.318000347866977,0.31616527628629715,0.4134745591710488,-0.1954697763285994
butter:0.01,90.0,motion,wavelet,HbO,4,20,0.6,0.11884625427074874,0.11884625427074874,0.1918720055319474,0.4642491551996822,0.4633656992430959,0.362515486301218,-0.23458028570415168
bspline:8,90.0,motion,tddr+wavelet,HbO,4,20,0.6,-0.26266394950967453,0.26266394950967453,0.13083660420918644,0.47099135133894177,0.4810480297600826,-0.015296952065261347,-0.29612209924806676
dct:0.005,90.0,motion,wavelet,HbO,4,20,0.6,0.15381180351483786,0.15381180351483786,0.1968828304514445,0.4729672446308275,0.4950034549460294,0.3972564674175785,-0.21910844503670956
none,90.0,motion,wavelet,HbO,4,20,0.6,0.15381180351483786,0.15381180351483786,0.1968828304514445,0.4729672446308275,0.4950034549460294,0.3972564674175785,-0.21910844503670956
dct:0.01,90.0,motion,wavelet,HbO,4,20,0.6,0.15381180351483006,0.15381180351483006,0.196882830451467,0.4729672446308298,0.495003454945953,0.39725646741010257,-0.21910844502757193
butter:0.01,90.0,baseline,wavelet,HbO,4,20,0.6,0.11070625774187112,0.11070625774187112,0.2017469284552378,0.47459520720391035,0.49047802220031606,0.3575250814918212,-0.2367267307065907
bspline:8,90.0,baseline,tddr+wavelet,HbO,4,20,0.6,-0.2680842356103753,0.2680842356103753,0.15407520453543122,0.4765875776380901,0.4854965160595234,-0.2948216180884208,-0.35810062100146056
poly:2,90.0,motion,wavelet,HbO,4,20,0.6,0.13306601050265393,0.13306601050265393,0.19044002046003117,0.4801671505986912,0.48575988960225336,0.32110063179509757,-0.23454572708617058
dct:0.02,90.0,motion,wavelet,HbO,4,20,0.6,0.12015480188390829,0.12015480188390829,0.19890759004453268,0.48253290837808094,0.48304427167755665,0.30455761711970014,-0.23321391445174333
poly:1,90.0,motion,wavelet,HbO,4,20,0.6,0.1349393889390989,0.1349393889390989,0.18811156501162063,0.4834407376103679,0.483155800149643,0.29560304455973485,-0.22835313585651007
legendre:1,90.0,motion,wavelet,HbO,4,20,0.6,0.13493938893911922,0.13493938893911922,0.18811156501162557,0.4834407376103703,0.48315580014964754,0.2956030445597464,-0.22835313585650552
poly:2,90.0,baseline,wavelet,HbO,4,20,0.6,0.12205298203703929,0.12205298203703929,0.20760042920227378,0.48985173326522125,0.5178281577199833,0.34605940747282493,-0.23936939116058187
dct:0.01,90.0,baseline,wavelet,HbO,4,20,0.6,0.14186135035954073,0.14186135035954073,0.19908306221743197,0.4932516704837938,0.5224130870388498,0.406368296994102,-0.22608595835917322
dct:0.005,90.0,baseline,wavelet,HbO,4,20,0.6,0.14186135034500164,0.14186135034500164,0.19908306221751762,0.4932516704843417,0.5224130870386012,0.40636829796851126,-0.22608595836094356
none,90.0,baseline,wavelet,HbO,4,20,0.6,0.14186135034500164,0.14186135034500164,0.19908306221751762,0.4932516704843417,0.5224130870386012,0.40636829796851126,-0.22608595836094356
poly:1,90.0,baseline,wavelet,HbO,4,20,0.6,0.1193087023857621,0.1193087023857621,0.22086012916413053,0.4943037575732975,0.5159520427647161,0.29731540849680316,-0.22844408731318222
legendre:1,90.0,baseline,wavelet,HbO,4,20,0.6,0.11930870238576505,0.11930870238576505,0.22086012916413247,0.4943037575733018,0.51595204276472,0.2973154084968196,-0.2284440873131801
legendre:3,90.0,motion,wavelet,HbO,4,20,0.6,0.13297931115796038,0.13297931115796038,0.2071178338569224,0.4944057594394259,0.48897726166145683,0.34609165722802504,-0.2483038190795045
poly:3,90.0,motion,wavelet,HbO,4,20,0.6,0.1329793111579411,0.1329793111579411,0.20711783385686344,0.4944057594394341,0.48897726166145283,0.346091657229114,-0.24830381907947086
dct:0.02,90.0,baseline,wavelet,HbO,4,20,0.6,0.11684944281939072,0.11684944281939072,0.21512213365717145,0.4957786246678627,0.5179795693207253,0.3316241593023726,-0.23768757992695344
bspline:5,90.0,motion,wavelet,HbO,4,20,0.6,0.145974705938332,0.145974705938332,0.22384903020064906,0.49737972698948407,0.4999986337484934,0.32726601169936137,-0.23841306841434023
poly:4,90.0,motion,wavelet,HbO,4,20,0.6,0.12992739557167324,0.12992739557167324,0.2241531121893125,0.5003349759400115,0.49613498894842606,0.35457436393442954,-0.2372282162935025
legendre:3,90.0,baseline,wavelet,HbO,4,20,0.6,0.1270392127204732,0.1270392127204732,0.2154015924885906,0.5063322338915006,0.5233506917498181,0.41874694566855497,-0.24712186171017297
poly:3,90.0,baseline,wavelet,HbO,4,20,0.6,0.12703921272048208,0.12703921272048208,0.21540159248857,0.5063322338915097,0.5233506917498187,0.41874694566850074,-0.24712186171017075
legendre:5,90.0,motion,wavelet,HbO,4,20,0.6,0.11551918083280835,0.11551918083280835,0.24239634948133754,0.5122651717859905,0.5088691397107433,-0.2363250595506942,-0.26985351260850987
poly:5,90.0,motion,wavelet,HbO,4,20,0.6,0.11551918083244661,0.11551918083244661,0.24239634948272665,0.5122651717870712,0.5088691397135146,-0.23632505953055338,-0.2698535126085673
poly:4,90.0,baseline,wavelet,HbO,4,20,0.6,0.12398606450415034,0.12398606450415034,0.2363339428854466,0.5147143734115244,0.5233207720882519,0.34914690556875977,-0.2372098949811165
bspline:5,90.0,baseline,wavelet,HbO,4,20,0.6,0.1400607282032466,0.1400607282032466,0.23149433211773426,0.518025012566475,0.528455152613386,0.34257452399220156,-0.23050925597034624
legendre:5,90.0,baseline,wavelet,HbO,4,20,0.6,0.10609435070177614,0.10609435070177614,0.24805813896776407,0.5183578615704725,0.5361660873566596,-0.31211442788849525,-0.25655731197958187
poly:5,90.0,baseline,wavelet,HbO,4,20,0.6,0.10609435070128959,0.10609435070128959,0.24805813898654577,0.5183578615708466,0.5361660873583706,-0.31211442790543786,-0.2565573119793126
bspline:8,90.0,baseline,wavelet,HbO,4,20,0.6,-0.14411840475996612,0.14411840475996612,0.35439849083377245,0.6187351148299269,0.6570301490608234,0.36074884551544695,-0.3934640227163576
bspline:8,90.0,motion,wavelet,HbO,4,20,0.6,-0.1973545100696088,0.1973545100696088,0.3818817260722711,0.6324507361157202,0.6670264026740138,0.1650262218736993,-0.3035255288664441
butter:0.01,180.0,short_avg,tddr+wavelet,HbO,4,20,0.6,-0.0377048230347837,0.05496669832126683,0.0032245205578842347,0.08638083677003525,0.10157407891778343,0.23580806644043242,-0.26230278725000733
poly:5,180.0,global,tddr+wavelet,HbO,4,20,0.6,-0.048128242422986245,0.04922731661358526,0.003166865183771849,0.08869177527645995,0.08570488589157065,-0.14774240405206251,-0.2717138083171492
legendre:5,180.0,global,tddr+wavelet,HbO,4,20,0.6,-0.048128242422989825,0.04922731661357296,0.003166865183775619,0.08869177527646571,0.08570488589157818,-0.14774240404804695,-0.2717138083172411
poly:4,180.0,global,tddr+wavelet,HbO,4,20,0.6,-0.04945359804628072,0.05133600872963093,0.003272527253394111,0.08942051072463085,0.08709760816820666,-0.15137474966413644,-0.27823141230531867
bspline:5,180.0,global,tddr+wavelet,HbO,4,20,0.6,-0.049610079592598916,0.051412209486561916,0.0032744912045471353,0.0896864708683465,0.08683639696610648,-0.1452835675373061,-0.2804191605321925
dct:0.02,180.0,short_avg,tddr+wavelet,HbO,4,20,0.6,-0.043812454087245656,0.05737767032258195,0.002597966731554186,0.09010363536085231,0.09429737330289231,0.203267484277508,-0.25058233465296637
dct:0.02,180.0,global,tddr+wavelet,HbO,4,20,0.6,-0.05451437164042819,0.055854179924417824,0.0029477316898451713,0.09041682081511404,0.0891352293043561,-0.13331548170455298,-0.26446778179584407
legendre:5,180.0,short_avg,tddr+wavelet,HbO,4,20,0.6,-0.04647907418448233,0.06582380134900503,0.002965523785035109,0.09128772591792583,0.09868249613348287,0.21336917174334516,-0.24529845636776573
poly:5,180.0,short_avg,tddr+wavelet,HbO,4,20,0.6,-0.046479074184491764,0.06582380134905119,0.002965523785033837,0.09128772591793399,0.09868249613349203,0.21336917174197859,-0.2452984563677605
poly:1,180.0,short_maxcorr,wavelet,HbO,4,20,0.6,0.044927926997833795,0.07341627184153382,0.00504977486422538,0.09177516725844431,0.12671010240360667,0.3144385290940667,-0.29337909520403627
legendre:1,180.0,short_maxcorr,wavelet,HbO,4,20,0.6,0.04492792699783377,0.07341627184153329,0.005049774864225301,0.09177516725844476,0.1267101024036073,0.3144385290940655,-0.2933790952040358
legendre:3,180.0,global,tddr+wavelet,HbO,4,20,0.6,-0.048430521713036356,0.05064365873346757,0.003219465038178938,0.09334472333614373,0.08986944533578188,-0.12227399761916331,-0.27281979240351406
poly:3,180.0,global,tddr+wavelet,HbO,4,20,0.6,-0.04843052171303633,0.050643658733467795,0.0032194650381788667,0.09334472333614381,0.08986944533576405,-0.12227399761553721,-0.2728197924035156
dct:0.01,180.0,global,tddr+wavelet,HbO,4,20,0.6,-0.05329145369287852,0.0549637323607956,0.0032190200208353018,0.09387019293859097,0.09235208453135753,-0.08930588596696895,-0.2729584643272377
bspline:8,180.0,global,tddr+wavelet,HbO,4,20,0.6,-0.048810751713997236,0.05051262242740351,0.0038320336158946663,0.0948262850403019,0.08987157027205149,-0.1691952876355625,-0.2562360773207887
bspline:8,180.0,short_avg,tddr+wavelet,HbO,4,20,0.6,-0.052339492264625226,0.0576050503094688,0.002705109033904573,0.09504667398166852,0.09523688903505093,0.16791365929357568,-0.2532775058089269
dct:0.01,180.0,short_avg,tddr+wavelet,HbO,4,20,0.6,-0.05575066302673004,0.06177639972919649,0.004096826328495216,0.09552679460812441,0.10473514566160409,0.2547756457028206,-0.2718762940135966
dct:0.02,180.0,short_maxcorr,tddr+wavelet,HbO,4,20,0.6,-0.04852864813283475,0.0605939511395152,0.002161813320359556,0.0963128584465687,0.10549062238998859,0.2802318389322857,-0.29037973739965584
bspline:8,180.0,short_maxcorr,tddr+wavelet,HbO,4,20,0.6,-0.06101403267630176,0.07514199348099933,0.0023378194645527293,0.09707429714417903,0.10700636426569968,0.2114788417995391,-0.2862018711268194
poly:2,180.0,global,tddr+wavelet,HbO,4,20,0.6,-0.05115857454403355,0.055059375528616755,0.003889007589028613,0.09713252543997616,0.09459818465090068,-0.10149699913888756,-0.2701172793730551
legendre:3,180.0,short_avg,tddr+wavelet,HbO,4,20,0.6,-0.03858111840511885,0.06375890698924677,0.002882041273298481,0.09719796881490704,0.10156618164948408,0.2081336855014045,-0.25203830991626613
poly:3,180.0,short_avg,tddr+wavelet,HbO,4,20,0.6,-0.038581118405120435,0.06375890698924547,0.002882041273298582,0.09719796881490947,0.10156618164948716,0.20813368550146194,-0.25203830991626247
legendre:5,180.0,short_maxcorr,tddr+wavelet,HbO,4,20,0.6,-0.05371808357248731,0.06402463229871949,0.0024495472979384003,0.09726129746598733,0.10568692972517726,0.394632981645652,-0.28988690727508976
poly:5,180.0,short_maxcorr,tddr+wavelet,HbO,4,20,0.6,-0.05371808357251992,0.06402463229873,0.0024495472979384723,0.09726129746600809,0.10568692972518232,0.3946329816442296,-0.28988690727509125
poly:4,180.0,short_avg,tddr+wavelet,HbO,4,20,0.6,-0.05128934362921117,0.06401611154212408,0.0028072255664381156,0.09825821443405665,0.10092701671372284,0.2805825952225123,-0.2528436974667055
bspline:5,180.0,short_avg,tddr+wavelet,HbO,4,20,0.6,-0.0518530416819912,0.06415026159223608,0.0028017395059652026,0.09969104529062547,0.10052283062812976,0.24458863736874356,-0.25030347787912377
poly:2,180.0,short_avg,tddr+wavelet,HbO,4,20,0.6,-0.060999860832790354,0.06352399016341051,0.003229958468189253,0.09978629614082649,0.10205582743412178,0.16557223499158008,-0.26801680870096944
dct:0.005,180.0,short_avg,tddr+wavelet,HbO,4,20,0.6,-0.0623068291635184,0.06697023865030197,0.0032616690224025746,0.10056017646459073,0.10839306400505058,0.09011223771602137,-0.2690285245595384
none,180.0,short_avg,tddr+wavelet,HbO,4,20,0.6,-0.06230682916307734,0.06697023865030197,0.0032616690224017333,0.1005601764646094,0.1083930640063963,0.09011223772248511,-0.269028524559588
poly:4,180.0,short_maxcorr,tddr+wavelet,HbO,4,20,0.6,-0.058471201420679575,0.06715313045653132,0.0032127329478218915,0.10113590412653614,0.10742508254116408,0.3683521024921306,-0.2880760848763668
legendre:3,180.0,short_maxcorr,tddr+wavelet,HbO,4,20,0.6,-0.05817720189209569,0.06668406047139308,0.002604067647554541,0.10163196618041861,0.10701982672217125,0.4151239342772143,-0.30132499570317905
poly:3,180.0,short_maxcorr,tddr+wavelet,HbO,4,20,0.6,-0.05817720189209577,0.0666840604713934,0.0026040676475546035,0.1016319661804188,0.10701982673468405,0.4151239342588497,-0.30132499570317817
bspline:5,180.0,short_maxcorr,tddr+wavelet,HbO,4,20,0.6,-0.059439897932363886,0.06948271029267276,0.003114805010125834,0.10311304913761186,0.10751747636408977,0.34150000155501603,-0.28529189549239065
butter:0.01,180.0,global,tddr+wavelet,HbO,4,20,0.6,-0.0452091361410549,0.0595568055418387,0.005405047431260972,0.10340007931391718,0.10353933759324867,-0.0036308907653984164,-0.2613130528703316
butter:0.01,180.0,short_maxcorr,tddr+wavelet,HbO,4,20,0.6,-0.041786838951746536,0.050478916466789536,0.0033447199601142623,0.10344405019438511,0.10431603726397534,0.42823279121535684,-0.24142897279325004
poly:1,180.0,short_avg,tddr+wavelet,HbO,4,20,0.6,-0.06473937770838448,0.0692989231343151,0.0033175041760461752,0.10348353008960187,0.1071244158593555,-0.16217531217514722,-0.27589464449269613
legendre:1,180.0,short_avg,tddr+wavelet,HbO,4,20,0.6,-0.06473937770838448,0.06929892313431521,0.003317504176046087,0.10348353008960232,0.10712441585935524,-0.16217531217515685,-0.2758946444926951
dct:0.005,180.0,global,tddr+wavelet,HbO,4,20,0.6,-0.07882303552334116,0.07882303552334116,0.0032186176150142878,0.10544809861052812,0.10664664061681459,0.09093781771955649,-0.2828008251077193
none,180.0,global,tddr+wavelet,HbO,4,20,0.6,-0.0788230355228473,0.0788230355228473,0.003218617615003439,0.10544809861052822,0.10664664061564737,0.09093781765077752,-0.28280082490328196
dct:0.01,180.0,short_maxcorr,tddr+wavelet,HbO,4,20,0.6,-0.05788525681875434,0.07146328843267877,0.003014050648117032,0.10672606479115676,0.10738618209081004,0.4126103088016899,-0.2914102495076544
legendre:3,180.0,short_maxcorr,wavelet,HbO,4,20,0.6,0.06242257558509934,0.06242257558509934,0.005973182135787902,0.10719283433598367,0.1317957299545773,0.46886402702466873,-0.3006141340408649
poly:3,180.0,short_maxcorr,wavelet,HbO,4,20,0.6,0.06242257558509648,0.06242257558509648,0.00597318213578805,0.10719283433598369,0.1317957299545845,0.46886402702473834,-0.300614134040866
poly:1,180.0,global,tddr+wavelet,HbO,4,20,0.6,-0.07703595202266628,0.07703595202266628,0.0031606169648885343,0.10923401415485279,0.10905803193860475,0.013907787905416491,-0.29733081295589947
legendre:1,180.0,global,tddr+wavelet,HbO,4,20,0.6,-0.07703595202266678,0.07703595202266678,0.0031606169648886857,0.1092340141548534,0.10905803193860508,0.013907787905423992,-0.29733081295590236
bspline:5,180.0,short_maxcorr,wavelet,HbO,4,20,0.6,0.061920229426410234,0.061920229426410234,0.00470847206093028,0.11025305814647329,0.130177264939215,0.44585738102215183,-0.2887600110116066
legendre:1,180.0,global,wavelet,HbO,4,20,0.6,0.025497093929271575,0.04099935557952439,0.00817119657688593,0.11035506373419614,0.1328894459094126,0.10284217249572335,-0.31658307905346444
poly:1,180.0,global,wavelet,HbO,4,20,0.6,0.025497093929271936,0.04099935557952433,0.008171196576885878,0.11035506373419615,0.1328894459094125,0.10284217249573926,-0.3165830790534644
poly:2,180.0,short_maxcorr,tddr+wavelet,HbO,4,20,0.6,-0.06209691164197256,0.07922075984568097,0.0025827481102889786,0.11043395030242582,0.11020113348650037,0.40782440173210643,-0.27221500988031117
poly:2,180.0,short_maxcorr,wavelet,HbO,4,20,0.6,0.05602256924322477,0.061072941515615986,0.006447454711551096,0.11123615993705319,0.13259450258624075,0.46601650903181224,-0.29160707847902034
poly:1,180.0,short_maxcorr,tddr+wavelet,HbO,4,20,0.6,-0.06794518843944113,0.07913065168648399,0.0037104591492139374,0.11157912238819524,0.11319427694436579,0.08238998545067264,-0.27028243420027276
legendre:1,180.0,short_maxcorr,tddr+wavelet,HbO,4,20,0.6,-0.06794518843944092,0.07913065168648412,0.003710459149213959,0.11157912238819684,0.11319427694436571,0.08238998545065657,-0.2702824342002721
poly:4,180.0,short_maxcorr,wavelet,HbO,4,20,0.6,0.06538039694511061,0.06538039694511061,0.006500902789016193,0.1118082983539663,0.13407353902930674,0.4625138706770955,-0.28966130961946335
dct:0.005,180.0,global,wavelet,HbO,4,20,0.6,0.03978104426307452,0.050377634594283044,0.01001264603701307,0.11327489074217259,0.14002182412403658,0.1277914523115776,-0.30399725611354067
none,180.0,global,wavelet,HbO,4,20,0.6,0.03978104426307341,0.05037763459428246,0.010012646037013101,0.11327489074217284,0.1400218241239906,0.12779145231524325,-0.30399725611339434
legendre:5,180.0,short_maxcorr,wavelet,HbO,4,20,0.6,0.06695145093778213,0.06695145093778213,0.006543946859339693,0.11348184419158144,0.13554466487004488,0.49812379176855154,-0.29583429960117136
poly:5,180.0,short_maxcorr,wavelet,HbO,4,20,0.6,0.06695145093775196,0.06695145093775196,0.006543946859341139,0.11348184419158264,0.1355446648701739,0.49812379177431754,-0.2958342996011812
dct:0.005,180.0,short_maxcorr,tddr+wavelet,HbO,4,20,0.6,-0.06823398565167753,0.08165360340109358,0.00435095767558163,0.11360810712229635,0.11524184159429648,0.09195268773000502,-0.26909072402903106
none,180.0,short_maxcorr,tddr+wavelet,HbO,4,20,0.6,-0.06823398565175043,0.08165360340116684,0.004350957675581332,0.11360810712243014,0.11524184159436121,0.09195268770467029,-0.2690907240290834
dct:0.005,180.0,short_maxcorr,wavelet,HbO,4,20,0.6,0.05641335716802398,0.0702371309035151,0.008328035844585293,0.11369844499212084,0.13683844090033,0.336152421706258,-0.293536278913049
none,180.0,short_maxcorr,wavelet,HbO,4,20,0.6,0.05641335716802551,0.07023713090321274,0.008328035844497497,0.1136984449921315,0.13683844090020164,0.3361524217233112,-0.2935362789137498
dct:0.02,180.0,global,wavelet,HbO,4,20,0.6,0.07861362475673622,0.07861362475673622,0.007262743238278699,0.11574953134368451,0.13919608281952467,0.0842467195519662,-0.29601027450008033
dct:0.02,180.0,short_maxcorr,wavelet,HbO,4,20,0.6,0.07471348542412032,0.07471348542412032,0.005355857599527462,0.11642129307143326,0.1324327338974143,0.5479019216105373,-0.2957853907244134
bspline:8,180.0,short_maxcorr,wavelet,HbO,4,20,0.6,0.06665406414866495,0.06665406414866495,0.006470914811566056,0.11657011087195537,0.12878028848313408,0.47423935263843753,-0.2928662177668968
bspline:8,180.0,global,wavelet,HbO,4,20,0.6,0.0780007140680557,0.0780007140680557,0.005951968461924276,0.11915739946518236,0.13458873889821815,0.011231417194108239,-0.29905035253113077
poly:2,180.0,global,wavelet,HbO,4,20,0.6,0.06736561268794608,0.06736561268794608,0.008989791689245855,0.12011622084809748,0.14349015816400124,0.06508510865657471,-0.31179780240524546
dct:0.01,180.0,global,wavelet,HbO,4,20,0.6,0.06787707572277898,0.06787707572277898,0.008690359864433925,0.12217490605575855,0.1420133087369484,0.06616509357047712,-0.3156009987464976
butter:0.01,180.0,global,wavelet,HbO,4,20,0.6,0.05945725291386819,0.06125262948570631,0.009511871388235314,0.12224366472690217,0.14952472394743618,0.24901571271081954,-0.314887481278857
dct:0.01,180.0,short_maxcorr,wavelet,HbO,4,20,0.6,0.06734226781159333,0.06734226781159333,0.006421394192543782,0.12236916915287706,0.13666864038156787,0.46819292097796256,-0.29912519256497305
poly:3,180.0,global,wavelet,HbO,4,20,0.6,0.06691882669408108,0.06691882669408108,0.006778091785161644,0.12259403520798721,0.13981761938616424,0.11129575346046043,-0.3076551614664991
legendre:3,180.0,global,wavelet,HbO,4,20,0.6,0.06691882669372379,0.06691882669372379,0.006778091785161587,0.12259403520798724,0.13981761938603454,0.11129575345961905,-0.30765516146650196
bspline:5,180.0,global,wavelet,HbO,4,20,0.6,0.07275308365663918,0.07275308365663918,0.0070052243245509755,0.12350413493258673,0.1393758074535929,0.06924498375284288,-0.3041580413336432
legendre:1,180.0,short_avg,wavelet,HbO,4,20,0.6,0.07010208490893544,0.07010208490893544,0.006349202154907686,0.12402602907683016,0.14338572670172817,0.559811849732269,-0.35600924191033617
poly:1,180.0,short_avg,wavelet,HbO,4,20,0.6,0.07010208490893527,0.07010208490893527,0.006349202154907495,0.12402602907683186,0.14338572670172745,0.5598118497322665,-0.35600924191033767
poly:4,180.0,global,wavelet,HbO,4,20,0.6,0.077206730368654,0.077206730368654,0.007019779817385984,0.12511467992716302,0.14000839700393947,0.07026169376570093,-0.30464787853266884
poly:2,180.0,short_avg,wavelet,HbO,4,20,0.6,0.07554398097999751,0.07554398097999751,0.005906326295330284,0.12739652844304727,0.14904844423684085,0.6014510673031979,-0.31898343525027106
dct:0.01,180.0,short_avg,wavelet,HbO,4,20,0.6,0.07631228730852152,0.07631228730852152,0.006026223751858788,0.1275016824378145,0.15017169051248755,0.6011511695798339,-0.3402880634270452
legendre:5,180.0,global,wavelet,HbO,4,20,0.6,0.08108280433737408,0.08108280433737408,0.0077054220566893815,0.1290898612204623,0.1450050236444862,0.11160719179284002,-0.2988747363652984
poly:5,180.0,global,wavelet,HbO,4,20,0.6,0.0810828043373952,0.0810828043373952,0.007705422056684265,0.12908986122046484,0.14500502364450638,0.11160719179434204,-0.29887473636533624
butter:0.01,180.0,motion,tddr+wavelet,HbO,4,20,0.6,0.021446478423705118,0.03007266590402835,0.016628067257708934,0.13095831938225566,0.156228140161114,0.14887800992754108,-0.203614046727556
none,180.0,short_avg,wavelet,HbO,4,20,0.6,0.07857565866051389,0.07857565866051389,0.006376337095816174,0.13147486676774728,0.1473076315385231,0.5785389827385861,-0.3210902085937825
dct:0.005,180.0,short_avg,wavelet,HbO,4,20,0.6,0.07857565866053992,0.07857565866053992,0.006376337095816675,0.13147486676778272,0.14730763153852547,0.5785389827361095,-0.32109020859386833
butter:0.01,180.0,short_avg,wavelet,HbO,4,20,0.6,0.08323546860413875,0.08323546860413875,0.006531629020612736,0.13416316438792697,0.1581911591067318,0.6342498629476191,-0.3291968570230345
dct:0.01,180.0,motion,tddr+wavelet,HbO,4,20,0.6,0.024916830830882947,0.02872668555977853,0.017972116929435997,0.13457180829416815,0.15444060150423577,0.09521478756419696,-0.21178958984110408
poly:4,180.0,motion,tddr+wavelet,HbO,4,20,0.6,0.02617313982808378,0.032116541968920664,0.01790074364065397,0.13482127166099322,0.1586361940910364,0.11143302863824305,-0.2191946535949001
legendre:3,180.0,motion,tddr+wavelet,HbO,4,20,0.6,0.022902157889659047,0.029623337533100536,0.017940654865856134,0.13494450479842607,0.1532298927006242,0.10594486066985125,-0.21721329761835834
poly:3,180.0,motion,tddr+wavelet,HbO,4,20,0.6,0.02290215788966274,0.029623337533102256,0.017940654865858087,0.13494450479843534,0.15322989270063037,0.10594486067188286,-0.21721329761835678
bspline:5,180.0,motion,tddr+wavelet,HbO,4,20,0.6,0.024283569179278097,0.030770913335442157,0.017990415533980807,0.1351120719239604,0.15843373429600577,0.09340208596614615,-0.2173120940290782
poly:2,180.0,motion,tddr+wavelet,HbO,4,20,0.6,0.015981845457128385,0.021361793093234077,0.01834052442775605,0.13558979159517784,0.1539523793521577,0.10795593945404502,-0.20944741754849627
bspline:8,180.0,motion,tddr+wavelet,HbO,4,20,0.6,0.01580604150323006,0.02169207811764065,0.018110953811622893,0.1358303186904299,0.15369006959122825,0.024181090796917735,-0.21479882316964732
poly:5,180.0,motion,tddr+wavelet,HbO,4,20,0.6,0.03109346128437593,0.03449295254459467,0.017729483884872273,0.13701906228246855,0.15885577456300579,0.1864838679879435,-0.2145286161391175
legendre:5,180.0,motion,tddr+wavelet,HbO,4,20,0.6,0.0310934612843137,0.03449295254481671,0.01772948388487198,0.1370190622827874,0.1588557745630387,0.1864838679830888,-0.2145286161389491
bspline:8,180.0,short_avg,wavelet,HbO,4,20,0.6,0.08633823011824834,0.08633823011824834,0.004153779466557978,0.13705539220598295,0.15062013771703958,0.5348815325685671,-0.2977158599480898
legendre:3,180.0,short_avg,wavelet,HbO,4,20,0.6,0.07557679842041196,0.07557679842041196,0.004939952656017649,0.1376005081201116,0.1498222391199234,0.6165355649184758,-0.326418556711924
poly:3,180.0,short_avg,wavelet,HbO,4,20,0.6,0.07557679842041273,0.07557679842041273,0.004939952656017524,0.1376005081201126,0.14982223911992387,0.6165355649185766,-0.32641855671192277
dct:0.02,180.0,motion,tddr+wavelet,HbO,4,20,0.6,0.024271683286360257,0.02640810147080408,0.018562637459785144,0.1381168866289217,0.15305837383077778,0.05110667917886494,-0.21212699020201942
bspline:5,180.0,baseline,tddr+wavelet,HbO,4,20,0.6,0.023007038855158396,0.033683809744439075,0.016994247595194203,0.13857677194199758,0.15707258057931467,0.14732960967793568,-0.21760481395464362
poly:1,180.0,motion,tddr+wavelet,HbO,4,20,0.6,0.012334621777708693,0.02239920170904211,0.01972286668497067,0.14050762065287456,0.15617283629931866,-0.08980512969863033,-0.2030814627770129
legendre:1,180.0,motion,tddr+wavelet,HbO,4,20,0.6,0.012334621777708554,0.02239920170904211,0.019722866684970992,0.14050762065287575,0.15617283629931983,-0.08980512969860362,-0.2030814627770163
dct:0.005,180.0,motion,tddr+wavelet,HbO,4,20,0.6,0.006662828859604036,0.022375497897359653,0.019851596772829147,0.14090648357373337,0.15747919097816668,-0.11718355098284333,-0.1924042097338957
none,180.0,motion,tddr+wavelet,HbO,4,20,0.6,0.0066628288596056184,0.022375497897359514,0.01985159677282935,0.14090648357373414,0.15747919097788213,-0.11718355097987812,-0.19240420973389533
poly:2,180.0,baseline,tddr+wavelet,HbO,4,20,0.6,0.017180132819843374,0.028129183351136733,0.018227477941995356,0.14090863578709228,0.1579879087460101,0.18295597278981587,-0.21541468538824962
dct:0.02,180.0,short_avg,wavelet,HbO,4,20,0.6,0.07988955452383381,0.07988955452383381,0.003959507579943147,0.14102427575681278,0.15512289603821866,0.6412139339741989,-0.3060326396804668
dct:0.01,180.0,baseline,tddr+wavelet,HbO,4,20,0.6,0.02308439052876446,0.03229006749896768,0.01840770826120349,0.14105758426126463,0.15791268128037478,0.1980246431631175,-0.21442286274100567
butter:0.01,180.0,baseline,tddr+wavelet,HbO,4,20,0.6,0.019951006340170357,0.028919880930490582,0.016695917784629494,0.14189494611493858,0.156040539033612,0.21735052150182468,-0.20309380088760412
bspline:8,180.0,baseline,tddr+wavelet,HbO,4,20,0.6,0.019398439758275154,0.032183762429155494,0.01879151090804543,0.14252955740971224,0.15870248141967977,0.09755551425513205,-0.2160734802461703
poly:5,180.0,baseline,tddr+wavelet,HbO,4,20,0.6,0.029876525678435656,0.03546854233384733,0.01925016417877784,0.14272085963835934,0.1586955499915249,0.24208705962018215,-0.21924154419907704
legendre:5,180.0,baseline,tddr+wavelet,HbO,4,20,0.6,0.029876525678397575,0.03546854233369748,0.019250164178781604,0.1427208596383886,0.15869554999152283,0.24208705961986166,-0.21924154419910286
poly:3,180.0,baseline,tddr+wavelet,HbO,4,20,0.6,0.02500723762062715,0.03449339827339695,0.01929305378218732,0.1429783111064567,0.15817846743692707,0.1664789727915321,-0.21677286203618612
legendre:3,180.0,baseline,tddr+wavelet,HbO,4,20,0.6,0.02500723762042703,0.03449339827339609,0.01929305378218796,0.14297831110645762,0.15817846743694838,0.16647897279122653,-0.2167728620361876
poly:4,180.0,baseline,tddr+wavelet,HbO,4,20,0.6,0.02381501446982648,0.03486641881758398,0.019362907453365552,0.1432253657347959,0.15867684868378173,0.17469287836147118,-0.21897308820868697
bspline:5,180.0,short_avg,wavelet,HbO,4,20,0.6,0.0778405394653672,0.0778405394653672,0.004249071487212992,0.14632549121987415,0.15564062723417732,0.552207909759081,-0.3020864177887077
dct:0.02,180.0,baseline,tddr+wavelet,HbO,4,20,0.6,0.029492184241897423,0.03343436679022779,0.018927913629990287,0.14711682197693068,0.1596278825465412,0.160397018428029,-0.2132023828687432
legendre:1,180.0,baseline,tddr+wavelet,HbO,4,20,0.6,0.015576472908118727,0.02741909288060798,0.019593724390399997,0.1476040811489274,0.1611314789783854,0.04770835247235844,-0.2055305076849368
poly:1,180.0,baseline,tddr+wavelet,HbO,4,20,0.6,0.015576472908117922,0.027419092880608953,0.019593724390400497,0.14760408114892792,0.16113147897838595,0.04770835247234835,-0.2055305076849368
dct:0.005,180.0,baseline,tddr+wavelet,HbO,4,20,0.6,0.009182053351499325,0.027228533035376784,0.01952059155107829,0.14774478433564892,0.1626860148652834,0.024766295190426803,-0.19344363837033116
none,180.0,baseline,tddr+wavelet,HbO,4,20,0.6,0.00918205335129979,0.027228533035475955,0.019520591551088092,0.14774478433566662,0.1626860148652421,0.02476629492356098,-0.19344363837140605
poly:4,180.0,short_avg,wavelet,HbO,4,20,0.6,0.07877874463621601,0.07877874463621601,0.004798793273182488,0.14801954411176152,0.15648484681712477,0.5548356602837327,-0.3046008226849032
poly:5,180.0,short_avg,wavelet,HbO,4,20,0.6,0.08296982148849572,0.08296982148849572,0.00458637461858692,0.14865030783939978,0.1613438122241375,0.6035264062282832,-0.30818550928900923
legendre:5,180.0,short_avg,wavelet,HbO,4,20,0.6,0.08296982148849097,0.08296982148849097,0.004586374618588885,0.14865030783940236,0.1613438122241287,0.6035264062289807,-0.3081855092889941
butter:0.01,180.0,short_maxcorr,wavelet,HbO,4,20,0.6,0.08018945976511399,0.08018945976511399,0.00962361539500678,0.15396002380863183,0.1557495595546561,0.4974650104983362,-0.26986922717823014
poly:1,180.0,baseline,wavelet,HbO,4,20,0.6,0.16126274890792666,0.16126274890792666,0.07367201811946031,0.31884099442146,0.30425095674720287,0.14985948877565045,-0.23552060625113624
legendre:1,180.0,baseline,wavelet,HbO,4,20,0.6,0.161262748907928,0.161262748907928,0.07367201811945981,0.31884099442146013,0.3042509567472021,0.14985948877565872,-0.2355206062511364
none,180.0,baseline,wavelet,HbO,4,20,0.6,0.1483958117630116,0.1483958117630116,0.07505730472210735,0.3203551770214415,0.30659041825819494,0.2115225543938444,-0.24047339251288405
dct:0.005,180.0,baseline,wavelet,HbO,4,20,0.6,0.1483958117635813,0.1483958117635813,0.07505730472205857,0.32035517702223815,0.3065904182569238,0.2115225544103154,-0.24047339233528306
bspline:8,180.0,motion,wavelet,HbO,4,20,0.6,0.16854047543705594,0.16854047543705594,0.06774987050785014,0.32372136977773824,0.29362807358342585,0.21746991541018698,-0.2428117469096927
dct:0.005,180.0,motion,wavelet,HbO,4,20,0.6,0.15447506822253337,0.15447506822253337,0.06464207245766808,0.326629250109179,0.2878847082676167,0.1392846135338392,-0.24168284152517144
none,180.0,motion,wavelet,HbO,4,20,0.6,0.1544750682225297,0.1544750682225297,0.06464207245766826,0.3266292501091794,0.287884708267618,0.13928461353386395,-0.24168284152517436
legendre:1,180.0,motion,wavelet,HbO,4,20,0.6,0.16083274431039943,0.16083274431039943,0.06309699652836412,0.3267775363342761,0.2851298053081496,0.06015588563010715,-0.2290450403307073
poly:1,180.0,motion,wavelet,HbO,4,20,0.6,0.16083274431039865,0.16083274431039865,0.06309699652836226,0.32677753633428697,0.285129805308152,0.06015588563014073,-0.22904504033070772
poly:2,180.0,motion,wavelet,HbO,4,20,0.6,0.17041569789629082,0.17041569789629082,0.06057934102739958,0.32686555602088274,0.291557568215604,0.21608588588595834,-0.24217273453990928
dct:0.02,180.0,motion,wavelet,HbO,4,20,0.6,0.17924270625760516,0.17924270625760516,0.06371709150588803,0.3270936837905257,0.29619548740381607,0.2163915389259349,-0.24013688783229697
legendre:3,180.0,motion,wavelet,HbO,4,20,0.6,0.17963758668786559,0.17963758668786559,0.060918841573126145,0.3277073834294085,0.29346168074184154,0.20950104743569695,-0.23743025204731122
poly:3,180.0,motion,wavelet,HbO,4,20,0.6,0.17963758668833393,0.17963758668833393,0.060918841573142174,0.32770738342941197,0.29346168074190176,0.20950104743476272,-0.23743025204712542
bspline:5,180.0,motion,wavelet,HbO,4,20,0.6,0.17632566849936618,0.17632566849936618,0.06199992530773758,0.3285409268093358,0.2940474002523884,0.21128606539783185,-0.23722310365391142
dct:0.01,180.0,motion,wavelet,HbO,4,20,0.6,0.18287468281461863,0.18287468281461863,0.06019234196114465,0.3286564800813164,0.295185304099498,0.20122442756155723,-0.23768113524675732
poly:4,180.0,motion,wavelet,HbO,4,20,0.6,0.17955479620141476,0.17955479620141476,0.06509273995107182,0.3287179506933594,0.298815865185808,0.24399956155128982,-0.23821637790750438
butter:0.01,180.0,motion,wavelet,HbO,4,20,0.6,0.16784880168102298,0.16784880168102298,0.06009963607364185,0.32981480498467597,0.29050694914150005,0.1658961539542285,-0.2316957803482295
legendre:5,180.0,motion,wavelet,HbO,4,20,0.6,0.1834283455169162,0.1834283455169162,0.06480223308025923,0.33011610710909123,0.30225727864070834,0.30854220519409087,-0.23664672079364252
poly:5,180.0,motion,wavelet,HbO,4,20,0.6,0.18342834551705692,0.18342834551705692,0.06480223308025528,0.3301161071091373,0.30225727864089824,0.30854220521808196,-0.2366467207936538
dct:0.02,180.0,baseline,wavelet,HbO,4,20,0.6,0.1735751453006041,0.1735751453006041,0.07249559073000911,0.33223554037839254,0.31626119408330744,0.36183592825526817,-0.23958076694090513
bspline:8,180.0,baseline,wavelet,HbO,4,20,0.6,0.17294174614812743,0.17294174614812743,0.07388499631410012,0.33901838148769115,0.31312946937461217,0.33988841985024804,-0.24011202582266325
poly:2,180.0,baseline,wavelet,HbO,4,20,0.6,0.1745982053302444,0.1745982053302444,0.0731817553874926,0.3429818187145499,0.3140210304924823,0.3311002445123213,-0.231573090152643
butter:0.01,180.0,baseline,wavelet,HbO,4,20,0.6,0.18000189841357866,0.18000189841357866,0.07075723080965263,0.34326082050106244,0.31318921154833956,0.28715476749160085,-0.22594049157648152
poly:5,180.0,baseline,wavelet,HbO,4,20,0.6,0.1838682471101732,0.1838682471101732,0.06997063148722385,0.3433013046970109,0.32045079827737566,0.39573096851842826,-0.2333784707270219
legendre:5,180.0,baseline,wavelet,HbO,4,20,0.6,0.18386824711008043,0.18386824711008043,0.0699706314871967,0.34330130469703823,0.32045079827730394,0.39573096851934003,-0.23337847072707188
legendre:3,180.0,baseline,wavelet,HbO,4,20,0.6,0.18167791995347682,0.18167791995347682,0.06982984034145956,0.3445825285060206,0.31270790631756973,0.3284373098401625,-0.2350703659265929
poly:3,180.0,baseline,wavelet,HbO,4,20,0.6,0.18167791995348154,0.18167791995348154,0.06982984034145989,0.34458252850602367,0.3127079063175762,0.328437309840178,-0.23507036592659108
dct:0.01,180.0,baseline,wavelet,HbO,4,20,0.6,0.18134537683759466,0.18134537683759466,0.0717321180821351,0.3446143355970792,0.31617263825086095,0.3245570693105739,-0.23677304420935086
poly:4,180.0,baseline,wavelet,HbO,4,20,0.6,0.18142676547703157,0.18142676547703157,0.0718187113559517,0.34464360097635105,0.3178110653351154,0.3378418678929449,-0.2323375152949073
bspline:5,180.0,baseline,wavelet,HbO,4,20,0.6,0.18013031130971296,0.18013031130971296,0.07223261743153263,0.34519802361178187,0.31639103249917533,0.3277009332188607,-0.23117630234073472
dct:0.01,368.0,global,wavelet,HbO,4,20,0.6,0.021811433890649407,0.03370467350144507,0.0025474850180795183,0.053192658541123095,0.07639694039429648,-0.6480773705673231,-0.3399569103469596
dct:0.005,368.0,global,wavelet,HbO,4,20,0.6,0.014569739646266788,0.0331492904821801,0.0025634509900314796,0.055278696093311305,0.07706178116015086,-0.6349014557327646,-0.3455337694420828
dct:0.01,368.0,short_maxcorr,wavelet,HbO,4,20,0.6,0.03381206621688573,0.03381206621688573,0.0020302965455911435,0.056678176945069894,0.07294481016373482,-0.00393180257736958,-0.3497399478472297
poly:4,368.0,short_maxcorr,wavelet,HbO,4,20,0.6,0.03218178934565932,0.03218178934565932,0.0020335699990716963,0.05728971225730687,0.07270824097274693,0.04301722507450443,-0.3517215969637356
legendre:5,368.0,short_maxcorr,wavelet,HbO,4,20,0.6,0.031623520457064486,0.031623520457064486,0.0020529439633000177,0.0576216767757025,0.07299699304735567,0.03542558910954314,-0.35254837588582727
poly:5,368.0,short_maxcorr,wavelet,HbO,4,20,0.6,0.03162352045704961,0.03162352045704961,0.0020529439633006005,0.0576216767757045,0.07299699304746686,0.03542558910950258,-0.3525483758858323
bspline:5,368.0,short_maxcorr,wavelet,HbO,4,20,0.6,0.03278232527568126,0.03278232527568126,0.002039657945324087,0.058160452042106986,0.07320350334335243,0.03738104786022127,-0.3518862283706524
poly:2,368.0,global,wavelet,HbO,4,20,0.6,0.017269962344828804,0.03465021816932906,0.002539028656172953,0.05835677362179606,0.0785846825960024,-0.6399940557295601,-0.3434891924429287
poly:5,368.0,global,wavelet,HbO,4,20,0.6,0.021739977737343846,0.036404530807384955,0.0024934637986159442,0.059441952803623466,0.08220251770308076,-0.6164211469109223,-0.3407166941415444
legendre:5,368.0,global,wavelet,HbO,4,20,0.6,0.02173997773737757,0.036404530807409685,0.00249346379861562,0.05944195280362474,0.08220251770308352,-0.616421146911513,-0.3407166941415563
legendre:3,368.0,global,wavelet,HbO,4,20,0.6,0.020678977351256622,0.03479209278290413,0.002744873020768362,0.06176722037529116,0.07941580275561974,-0.6424306772371722,-0.34227209346276255
poly:3,368.0,global,wavelet,HbO,4,20,0.6,0.02067897735125604,0.03479209278290357,0.0027448730207682978,0.061767220375296875,0.07941580275562055,-0.6424306772371783,-0.34227209346275966
dct:0.005,368.0,short_maxcorr,wavelet,HbO,4,20,0.6,0.03335085694711612,0.0408080353522188,0.0020429058518988343,0.06281954959354435,0.07390111230380088,-0.042175742192686834,-0.35364368189931467
poly:4,368.0,global,wavelet,HbO,4,20,0.6,0.022225363786338548,0.034569762351251115,0.0026939784550026984,0.06294795298088919,0.08157290715377419,-0.6025429559541224,-0.339162775743066
bspline:5,368.0,global,wavelet,HbO,4,20,0.6,0.022348016988632646,0.03477371956083952,0.002736140249226597,0.06297890171321435,0.08190362754045315,-0.5998181235432098,-0.33882083266256513
poly:2,368.0,short_maxcorr,wavelet,HbO,4,20,0.6,0.034570474771100146,0.04130286052626214,0.002061885099473794,0.06303410584044397,0.0737980000653364,-0.054147164152353086,-0.3560317519758323
poly:3,368.0,short_maxcorr,wavelet,HbO,4,20,0.6,0.03485160472888829,0.041210388464763575,0.002069267465025315,0.06308797103339087,0.07422829591722538,-0.06388780658535018,-0.3552946381281734
legendre:3,368.0,short_maxcorr,wavelet,HbO,4,20,0.6,0.03485160472888818,0.0412103884647636,0.0020692674650252957,0.06308797103339214,0.0742282959172253,-0.06388780658535585,-0.35529463812817336
poly:1,368.0,short_maxcorr,wavelet,HbO,4,20,0.6,0.03089712381495252,0.03179011661944217,0.0020544997698369485,0.06321615403490116,0.07563328605160871,0.020565212671426397,-0.3510681822922443
legendre:1,368.0,short_maxcorr,wavelet,HbO,4,20,0.6,0.030897123814953187,0.031790116619442504,0.0020544997698369594,0.06321615403490134,0.07563328605160867,0.020565212671421324,-0.3510681822922445
none,368.0,short_maxcorr,wavelet,HbO,4,20,0.6,0.03353917099695286,0.03353917099695286,0.002192963077897053,0.06402295787100358,0.0763889170360615,-0.013732849385965392,-0.3490276835008649
poly:1,368.0,global,wavelet,HbO,4,20,0.6,0.0022646459032262534,0.034267002950946285,0.002909030771520029,0.06435533685761383,0.0863852053392333,-0.6003936945296394,-0.3568886615692445
legendre:1,368.0,global,wavelet,HbO,4,20,0.6,0.0022646459032264477,0.03426700295094606,0.002909030771520232,0.06435533685761623,0.08638520533923423,-0.6003936945296258,-0.35688866156924304
bspline:8,368.0,short_maxcorr,wavelet,HbO,4,20,0.6,0.03227916575439957,0.03507442679986025,0.0019601725156272137,0.06490273882472405,0.07089106614219333,-0.018808975188231932,-0.34842588822939413
dct:0.02,368.0,short_maxcorr,wavelet,HbO,4,20,0.6,0.03670908892963981,0.0404741764563582,0.0015293158421561585,0.06616562869537337,0.07675618858583069,0.10010415930333688,-0.352601112245152
bspline:8,368.0,global,wavelet,HbO,4,20,0.6,0.030571602577541657,0.044239456413932315,0.002459798247196749,0.06618201741755973,0.0811995968424342,-0.6545521736777858,-0.33115409497420223
butter:0.01,368.0,short_maxcorr,wavelet,HbO,4,20,0.6,0.02833108267044057,0.029482417486411228,0.00265830260467361,0.06779009908627841,0.0780595707724728,0.022005498062526024,-0.3704940066972048
none,368.0,global,wavelet,HbO,4,20,0.6,0.013701366312223767,0.037429613396405714,0.003350839370516742,0.0693256289169442,0.08499236808861017,-0.559260535171954,-0.3516027797498652
dct:0.02,368.0,short_avg,tddr+wavelet,HbO,4,20,0.6,-0.055060140393729945,0.05750816919527238,0.0011933534524982401,0.07212420788799973,0.06840411288469292,-0.5892109676252657,-0.3075591122036256
dct:0.01,368.0,short_avg,tddr+wavelet,HbO,4,20,0.6,-0.06813958202948897,0.06813958202948897,0.001220329379376824,0.07476193769450293,0.0772298642016665,-0.6745874214223482,-0.34525378425254705
poly:4,368.0,short_avg,tddr+wavelet,HbO,4,20,0.6,-0.06751275014346667,0.06751275014346667,0.0012413389715715181,0.07527053558232907,0.07714388386463071,-0.6624422755580034,-0.33834889948381497
poly:2,368.0,short_avg,tddr+wavelet,HbO,4,20,0.6,-0.06764085715619628,0.06764085715619628,0.0012614358704101506,0.0753766812297952,0.07837593384939695,-0.6660920896139169,-0.33966946364731954
bspline:5,368.0,short_avg,tddr+wavelet,HbO,4,20,0.6,-0.06776645376605378,0.06776645376605378,0.0012574177438623366,0.07542411386737438,0.07731307489062214,-0.6642624629281247,-0.33777690118857673
bspline:8,368.0,short_avg,tddr+wavelet,HbO,4,20,0.6,-0.06817667101312905,0.06817667101312905,0.0011770541639601509,0.07613719254851921,0.07756838815375441,-0.6636853211195113,-0.3417711903629833
none,368.0,short_avg,tddr+wavelet,HbO,4,20,0.6,-0.06671499585476276,0.06671499585476276,0.0012115190099639128,0.07632964152803379,0.07766662687613016,-0.6407372581342924,-0.3377124213833841
dct:0.02,368.0,short_maxcorr,tddr+wavelet,HbO,4,20,0.6,-0.06852911019840385,0.06852911019840385,0.0008138679915795935,0.07651290661961041,0.08890392439529178,-0.2531385354171695,-0.3367768691048815
poly:5,368.0,short_avg,tddr+wavelet,HbO,4,20,0.6,-0.0682206012777948,0.0682206012777948,0.0012299836952569933,0.07677451250481376,0.07784172136669287,-0.6592836026199715,-0.3379522584311131
legendre:5,368.0,short_avg,tddr+wavelet,HbO,4,20,0.6,-0.06822060127780333,0.06822060127780333,0.0012299836952582937,0.07677451250482481,0.07784172136669738,-0.6592836026199553,-0.33795225843112514
legendre:3,368.0,short_avg,tddr+wavelet,HbO,4,20,0.6,-0.06830797422725968,0.06830797422725968,0.0012703318881958567,0.07683815391443206,0.07863773635623748,-0.673511018461926,-0.3402254930890665
poly:3,368.0,short_avg,tddr+wavelet,HbO,4,20,0.6,-0.0683079742272612,0.0683079742272612,0.0012703318881958766,0.07683815391443247,0.07863773635623779,-0.6735110184619241,-0.3402254930890696
poly:1,368.0,short_avg,tddr+wavelet,HbO,4,20,0.6,-0.06935349017322484,0.06935349017322484,0.0012392784446818676,0.07713699320004927,0.07929546090480585,-0.6435540487674343,-0.34231553308473744
legendre:1,368.0,short_avg,tddr+wavelet,HbO,4,20,0.6,-0.06935349017322484,0.06935349017322484,0.0012392784446818815,0.07713699320004942,0.07929546090480605,-0.643554048767439,-0.34231553308473817
dct:0.005,368.0,short_avg,tddr+wavelet,HbO,4,20,0.6,-0.06793795453301163,0.06793795453301163,0.0012487476829846247,0.07715718110632436,0.07895512202884784,-0.6551878838455303,-0.34705874815586074
butter:0.01,368.0,short_avg,tddr+wavelet,HbO,4,20,0.6,-0.06891849866526883,0.06891849866526883,0.0011794542862699283,0.0797982502846155,0.08166137794840259,-0.6632668498901877,-0.3517764003618814
butter:0.01,368.0,global,wavelet,HbO,4,20,0.6,0.01207394466157935,0.034881728061107065,0.0037256430498798865,0.08108082520767512,0.08403195509832356,-0.6246170063120401,-0.3546479135749174
dct:0.02,368.0,global,wavelet,HbO,4,20,0.6,0.05184540194982831,0.05932085530553205,0.002322038440973238,0.08129327398370859,0.09086424878811326,-0.6512799174187349,-0.32042296730537717
dct:0.01,368.0,short_maxcorr,tddr+wavelet,HbO,4,20,0.6,-0.0707015738452755,0.0707015738452755,0.00119603115390706,0.08160078002293614,0.08939293866066135,-0.22051371386920313,-0.34988865471095876
poly:1,368.0,short_avg,wavelet,HbO,4,20,0.6,0.06790358356048934,0.06790358356048934,0.0024134384728898652,0.08301461175539901,0.08984533196761772,-0.4167671571324023,-0.32136912364285325
legendre:1,368.0,short_avg,wavelet,HbO,4,20,0.6,0.06790358356049411,0.06790358356049411,0.00241343847288987,0.08301461175539934,0.08984533196761793,-0.4167671571324067,-0.32136912364285536
butter:0.01,368.0,short_avg,wavelet,HbO,4,20,0.6,0.06737524860134478,0.06737524860134478,0.0037427222795651145,0.08380666942890636,0.09178826181156617,-0.42160041547480753,-0.3104052768279887
poly:4,368.0,short_maxcorr,tddr+wavelet,HbO,4,20,0.6,-0.07214393314281245,0.07214393314281245,0.0008831796901360691,0.08382530429215504,0.08934870336265266,-0.23339028473254078,-0.34185197352861585
bspline:5,368.0,short_maxcorr,tddr+wavelet,HbO,4,20,0.6,-0.07267105787830978,0.07267105787830978,0.001251521630233086,0.08383839378413088,0.08964969486959147,-0.23404775498161265,-0.34139491475573025
legendre:5,368.0,short_maxcorr,tddr+wavelet,HbO,4,20,0.6,-0.07325180440817773,0.07325180440817773,0.0012555669836466581,0.08445272808814103,0.0898843997712618,-0.1810264724023534,-0.3432963540600589
poly:5,368.0,short_maxcorr,tddr+wavelet,HbO,4,20,0.6,-0.07325180440818423,0.07325180440818423,0.0012555669836466583,0.08445272808814555,0.08988439977128382,-0.18102647240258882,-0.34329635406009973
legendre:1,368.0,short_maxcorr,tddr+wavelet,HbO,4,20,0.6,-0.07354923187010937,0.07354923187010937,0.0012060383389004424,0.08448528248218173,0.09096341076558409,-0.1936544956792702,-0.34435204005749587
poly:1,368.0,short_maxcorr,tddr+wavelet,HbO,4,20,0.6,-0.07354923187010948,0.07354923187010948,0.001206038338900489,0.0844852824821821,0.09096341076558394,-0.1936544956792369,-0.34435204005749764
dct:0.005,368.0,short_maxcorr,tddr+wavelet,HbO,4,20,0.6,-0.0737948916105218,0.0737948916105218,0.0012484418411937855,0.08465143425154067,0.09138627579256539,-0.24209144106028163,-0.3429650506529691
none,368.0,short_maxcorr,tddr+wavelet,HbO,4,20,0.6,-0.07488759428114036,0.07488759428114036,0.0014877534818651089,0.08513262373715606,0.09034116092460866,-0.2550540595392662,-0.341780731151738
legendre:3,368.0,short_maxcorr,tddr+wavelet,HbO,4,20,0.6,-0.07377509645344621,0.07377509645344621,0.0012600908910011053,0.0853201501420843,0.09257695343949994,-0.25605605361347866,-0.342452616913739
poly:3,368.0,short_maxcorr,tddr+wavelet,HbO,4,20,0.6,-0.0737750964534464,0.0737750964534464,0.0012600908910010802,0.08532015014208441,0.09257695343950008,-0.2560560536134689,-0.3424526169137392
bspline:8,368.0,short_maxcorr,tddr+wavelet,HbO,4,20,0.6,-0.07261146531408985,0.07261146531408985,0.001266201497178205,0.08545930734431768,0.09107099552397499,-0.17357510394300651,-0.34276830553302334
none,368.0,short_avg,wavelet,HbO,4,20,0.6,0.06866390878976644,0.06866390878976644,0.0024820532127625768,0.08547343487466441,0.09146932694880179,-0.36614599135484127,-0.31295097777553643
poly:2,368.0,short_maxcorr,tddr+wavelet,HbO,4,20,0.6,-0.07407404525230152,0.07407404525230152,0.001246890621444854,0.08557815504465408,0.09261106719944859,-0.22272049690241022,-0.34235486727761366
dct:0.005,368.0,short_avg,wavelet,HbO,4,20,0.6,0.06956617321867684,0.06956617321867684,0.0023541568558858115,0.08610121361979253,0.09028623686636915,-0.38862619365515905,-0.31087104550501665
poly:5,368.0,short_avg,wavelet,HbO,4,20,0.6,0.07065411744182751,0.07065411744182751,0.0023112446792877715,0.08685082791224394,0.09099195670366886,-0.36314260034102913,-0.31439220169837634
legendre:5,368.0,short_avg,wavelet,HbO,4,20,0.6,0.07065411744184119,0.07065411744184119,0.0023112446792883127,0.08685082791224447,0.09099195670367738,-0.36314260034145673,-0.3143922016983735
dct:0.01,368.0,short_avg,wavelet,HbO,4,20,0.6,0.06785375852868397,0.06785375852868397,0.002364452278348795,0.08694999114573013,0.08844434741866061,-0.388874579288209,-0.32161460284983023
legendre:3,368.0,short_avg,wavelet,HbO,4,20,0.6,0.07117067307738884,0.07117067307738884,0.0023875805157178975,0.08739138150974018,0.09190575522929492,-0.3929495242231177,-0.31218147234647653
poly:3,368.0,short_avg,wavelet,HbO,4,20,0.6,0.07117067307738908,0.07117067307738908,0.0023875805157178845,0.08739138150974038,0.09190575522929507,-0.3929495242230943,-0.31218147234647753
poly:2,368.0,short_avg,wavelet,HbO,4,20,0.6,0.0707015508365427,0.0707015508365427,0.002374581218972411,0.08742770513679249,0.09133297540023118,-0.4021068053520334,-0.3150065784439111
poly:4,368.0,short_avg,wavelet,HbO,4,20,0.6,0.07096435006463503,0.07096435006463503,0.002320848040070239,0.0874753967962468,0.09208800716926113,-0.3782533178213233,-0.3102714198974382
bspline:8,368.0,short_avg,wavelet,HbO,4,20,0.6,0.07518899718176694,0.07518899718176694,0.0022310211135856605,0.08752195662545377,0.0911880103755988,-0.3898648160762349,-0.3076479791501324
bspline:5,368.0,short_avg,wavelet,HbO,4,20,0.6,0.07111446612844108,0.07111446612844108,0.0023535801251013755,0.08768130157293616,0.0928895469526732,-0.37880300025241803,-0.30989794651186503
butter:0.01,368.0,short_maxcorr,tddr+wavelet,HbO,4,20,0.6,-0.08235109006501694,0.08235109006501694,0.0017237860980205372,0.08871842225856726,0.09952613786213833,-0.2627095295662719,-0.34752519540995075
dct:0.02,368.0,global,tddr+wavelet,HbO,4,20,0.6,-0.07701754748608605,0.07701754748608605,0.0015114271169555003,0.08993090606841553,0.0885021840566195,-0.7685511712875018,-0.32358638309052723
dct:0.02,368.0,motion,tddr+wavelet,HbO,4,20,0.6,-0.06970595866590282,0.06970595866590282,0.004327357399265781,0.09699867620786448,0.09802773570518372,-0.252080822569037,-0.33465826459687764
butter:0.01,368.0,motion,tddr+wavelet,HbO,4,20,0.6,-0.06839348192983782,0.06839348192983782,0.004066680158983326,0.09712776490883379,0.09887406878297912,-0.2689759734321958,-0.3289396023390364
dct:0.01,368.0,motion,tddr+wavelet,HbO,4,20,0.6,-0.06637267097752589,0.06637267097752589,0.004481188327129829,0.09743104801011415,0.09885721274886058,-0.24871544929944828,-0.3395418256313164
legendre:5,368.0,global,tddr+wavelet,HbO,4,20,0.6,-0.0883744601701903,0.0883744601701903,0.0013584219342480494,0.09852058613524514,0.10058265102164932,-0.7555917367891108,-0.35989569258118204
poly:5,368.0,global,tddr+wavelet,HbO,4,20,0.6,-0.08837446017020562,0.08837446017020562,0.0013584219342476938,0.09852058613526771,0.10058265102164907,-0.7555917367894622,-0.3598956925811813
bspline:8,368.0,global,tddr+wavelet,HbO,4,20,0.6,-0.08798299202386746,0.08798299202386746,0.0013435127940497208,0.09866269676761874,0.1004108438899449,-0.7580577825242139,-0.3502170287398123
bspline:8,368.0,motion,tddr+wavelet,HbO,4,20,0.6,-0.06695556003776992,0.06695556003776992,0.004457226030795024,0.09938420812140221,0.09977777896060877,-0.24108228854448333,-0.328485865271667
none,368.0,motion,tddr+wavelet,HbO,4,20,0.6,-0.06309671935286154,0.06309671935286154,0.004728975944387292,0.09963328085864093,0.10038983504205479,-0.3082683462523816,-0.332330996201179
poly:4,368.0,motion,tddr+wavelet,HbO,4,20,0.6,-0.06638617021527868,0.06638617021527868,0.004572496897812928,0.09972219318184106,0.0997359209508821,-0.20792253098120098,-0.32759319401527315
dct:0.01,368.0,baseline,tddr+wavelet,HbO,4,20,0.6,-0.07018083903296687,0.07018083903296687,0.004843723904206287,0.09991691603427266,0.10057378440090477,-0.21601760057881417,-0.3390574903372812
poly:5,368.0,motion,tddr+wavelet,HbO,4,20,0.6,-0.06706931294636151,0.06706931294636151,0.004639588793998925,0.10040325279064871,0.10033210887734492,-0.19825844378961682,-0.328441505650611
legendre:5,368.0,motion,tddr+wavelet,HbO,4,20,0.6,-0.06706931294636193,0.06706931294636193,0.00463958879400018,0.1004032527907095,0.10033210887729667,-0.19825844377658325,-0.32844150565050423
bspline:5,368.0,motion,tddr+wavelet,HbO,4,20,0.6,-0.0663520255005847,0.0663520255005847,0.004675161493786129,0.10050515419884434,0.10033266930688715,-0.20595732823941418,-0.32652189453741615
poly:2,368.0,global,tddr+wavelet,HbO,4,20,0.6,-0.09403672649392256,0.09403672649392256,0.0014448840516384125,0.10213757514157148,0.10828560969240977,-0.7561158740278013,-0.36194445572173906
dct:0.01,368.0,global,tddr+wavelet,HbO,4,20,0.6,-0.08820985745399973,0.08820985745399973,0.0014471893149570823,0.10225212180035556,0.10309425150538823,-0.7814285324080109,-0.3652059318737899
bspline:5,368.0,global,tddr+wavelet,HbO,4,20,0.6,-0.08893844681637125,0.08893844681637125,0.0013631267456237002,0.1023941979067506,0.10347906165869576,-0.7589591662755368,-0.357693506369986
poly:4,368.0,global,tddr+wavelet,HbO,4,20,0.6,-0.08865707007532639,0.08865707007532639,0.0013614805945388342,0.10243185290953907,0.10317788838911182,-0.7630187662284831,-0.35944266541010694
poly:3,368.0,global,tddr+wavelet,HbO,4,20,0.6,-0.09395105252415406,0.09395105252415406,0.0014263767002874934,0.10254000059832591,0.10743615330693819,-0.7725110335747811,-0.3602113154637083
legendre:3,368.0,global,tddr+wavelet,HbO,4,20,0.6,-0.09395105252415634,0.09395105252415634,0.0014263767002875194,0.10254000059832641,0.1074361533069371,-0.7725110335747885,-0.3602113154637121
legendre:5,368.0,baseline,tddr+wavelet,HbO,4,20,0.6,-0.0707961957557752,0.0707961957557752,0.0049256697622443385,0.10302578217972783,0.10316773757162903,-0.16470016381206465,-0.33414979711458853
poly:5,368.0,baseline,tddr+wavelet,HbO,4,20,0.6,-0.07079619575573681,0.07079619575573681,0.004925669762242943,0.10302578217974717,0.10316773757161243,-0.1647001638121902,-0.3341497971145738
legendre:1,368.0,motion,tddr+wavelet,HbO,4,20,0.6,-0.06730970562580585,0.06730970562580585,0.00494928838523708,0.10341850125579993,0.10361155607161007,-0.21353282887705965,-0.33930575723358913
poly:1,368.0,motion,tddr+wavelet,HbO,4,20,0.6,-0.0673097056258059,0.0673097056258059,0.004949288385237631,0.10341850125580032,0.10361155607161106,-0.21353282887702799,-0.339305757233589
butter:0.01,368.0,baseline,tddr+wavelet,HbO,4,20,0.6,-0.0742268057750779,0.0742268057750779,0.004622752294622142,0.1034603681534747,0.10401228044601755,-0.22006793607610334,-0.32517029595722585
none,368.0,global,tddr+wavelet,HbO,4,20,0.6,-0.09403301158124955,0.09403301158124955,0.0018730084692917528,0.10346038199486973,0.11111677298317568,-0.7247670052775147,-0.3809726174941846
dct:0.005,368.0,motion,tddr+wavelet,HbO,4,20,0.6,-0.06856880069234655,0.06856880069234655,0.004870108510396437,0.10346328668815397,0.10390429385719469,-0.24342093840851403,-0.3343415041368605
dct:0.02,368.0,baseline,tddr+wavelet,HbO,4,20,0.6,-0.07640045248099933,0.07640045248099933,0.00488546239750224,0.10349021344607726,0.10363696990082798,-0.20280993663501365,-0.3498721079495585
legendre:1,368.0,global,tddr+wavelet,HbO,4,20,0.6,-0.09600139631337173,0.09600139631337173,0.0018240539502056927,0.1037666379435056,0.11179653871051864,-0.6995230503439956,-0.3768435897079516
poly:1,368.0,global,tddr+wavelet,HbO,4,20,0.6,-0.09600139631337029,0.09600139631337029,0.0018240539502057448,0.10376663794350569,0.11179653871051884,-0.699523050343993,-0.37684358970795023
dct:0.005,368.0,global,tddr+wavelet,HbO,4,20,0.6,-0.09879063786253003,0.09879063786253003,0.0017158602202504928,0.10382672884587475,0.11284685468852376,-0.7210703579689729,-0.3740191229781917
dct:0.02,368.0,short_avg,wavelet,HbO,4,20,0.6,0.09249486276889582,0.09249486276889582,0.0017119798620519337,0.10465989438926501,0.1029740479723676,-0.33772073742840547,-0.294965281526316
poly:3,368.0,motion,tddr+wavelet,HbO,4,20,0.6,-0.06816431044465465,0.06816431044465465,0.0049484384550618,0.10466003202558062,0.10453616245573301,-0.2745576969574819,-0.32432138145847583
legendre:3,368.0,motion,tddr+wavelet,HbO,4,20,0.6,-0.06816431044465837,0.06816431044465837,0.00494843845506144,0.1046600320255825,0.10453616245575956,-0.2745576969571458,-0.32432138145849077
poly:2,368.0,motion,tddr+wavelet,HbO,4,20,0.6,-0.0688962173590959,0.0688962173590959,0.004896140095771107,0.1047700837001779,0.10466683189410372,-0.26868142275214024,-0.32862698996349093
bspline:8,368.0,baseline,tddr+wavelet,HbO,4,20,0.6,-0.07475020335889868,0.07475020335889868,0.004892758690556529,0.10489893128407893,0.10417968689345278,-0.1967577343314976,-0.3351981003113127
dct:0.005,368.0,baseline,tddr+wavelet,HbO,4,20,0.6,-0.072282378056342,0.072282378056342,0.004978698260766867,0.10610271815278918,0.10673330930145482,-0.15652636064916992,-0.34026959494979775
poly:4,368.0,baseline,tddr+wavelet,HbO,4,20,0.6,-0.07370974640887762,0.07370974640887762,0.005028873360078611,0.10653367522975551,0.10360232248390203,-0.17914333285676223,-0.3326173264700477
none,368.0,baseline,tddr+wavelet,HbO,4,20,0.6,-0.06858448611835596,0.06858448611835596,0.00501279330312328,0.1067950771684885,0.10455917515706407,-0.26221913283434095,-0.3343112931463767
bspline:5,368.0,baseline,tddr+wavelet,HbO,4,20,0.6,-0.07396596636258504,0.07396596636258504,0.00507260271530773,0.10683507502429956,0.10409747463447039,-0.1818689091158291,-0.33089061869113195
poly:2,368.0,baseline,tddr+wavelet,HbO,4,20,0.6,-0.07245602934221135,0.07245602934221135,0.005083021163925125,0.10787447431730858,0.1091022280212492,-0.20347254932086084,-0.3313871905800507
poly:3,368.0,baseline,tddr+wavelet,HbO,4,20,0.6,-0.07441232746953377,0.07441232746953377,0.005135957020238902,0.10852428143746447,0.11033521101026127,-0.2062887699771619,-0.3269873913044908
legendre:3,368.0,baseline,tddr+wavelet,HbO,4,20,0.6,-0.0744123274695287,0.0744123274695287,0.00513595702023869,0.10852428143746465,0.1103352110102602,-0.20628876997715165,-0.3269873913044964
legendre:1,368.0,baseline,tddr+wavelet,HbO,4,20,0.6,-0.07057964048791618,0.07057964048791618,0.005110917428975303,0.1088771206367559,0.1079202224441562,-0.17958320919058524,-0.34833443606822734
poly:1,368.0,baseline,tddr+wavelet,HbO,4,20,0.6,-0.07057964048791598,0.07057964048791598,0.005110917428975547,0.10887712063675606,0.10792022244415608,-0.17958320919058876,-0.34833443606822556
butter:0.01,368.0,motion,wavelet,HbO,4,20,0.6,0.03691992977454228,0.04305932859028305,0.006628598245122932,0.11710351380200387,0.1130099044928091,0.01570970347670345,-0.3454378362211993
dct:0.01,368.0,motion,wavelet,HbO,4,20,0.6,0.03356393233766067,0.03944023291573845,0.0075732016492298755,0.11787274030184357,0.11334170034971255,0.03822166533211796,-0.35462516047967185
dct:0.005,368.0,motion,wavelet,HbO,4,20,0.6,0.028281223105388165,0.0417559768708442,0.008749869373075772,0.11861305974871794,0.11732966745346943,0.0036988779200377727,-0.3605901334901299
dct:0.01,368.0,baseline,wavelet,HbO,4,20,0.6,0.031594561028035956,0.03955205005841156,0.008389156101610121,0.11920123989655984,0.11561904315474533,0.07491159618866747,-0.35182300723624316
bspline:8,368.0,motion,wavelet,HbO,4,20,0.6,0.03329833970334972,0.03967745516893517,0.007940605508462848,0.1192957240828948,0.11846274855907299,0.025804519823789156,-0.34891731531778236
butter:0.01,368.0,baseline,wavelet,HbO,4,20,0.6,0.03591379204188941,0.05669003453359464,0.0077109464292041754,0.11934060708196509,0.11273425217829694,0.06572937598096813,-0.34512718935083453
legendre:5,368.0,motion,wavelet,HbO,4,20,0.6,0.03169981227945587,0.03749137393694943,0.008820088815502147,0.11942974315446436,0.11718915917229918,0.05155032750119468,-0.3502583084845286
poly:5,368.0,motion,wavelet,HbO,4,20,0.6,0.031699812279436856,0.037491373936976435,0.008820088815530213,0.1194297431544811,0.11718915917229297,0.05155032750297394,-0.35025830848456985
poly:4,368.0,motion,wavelet,HbO,4,20,0.6,0.03198940637525166,0.03770216948905314,0.00873449792039975,0.11949235349908632,0.11776978305920535,0.051313772963145585,-0.3523315480981145
dct:0.005,368.0,baseline,wavelet,HbO,4,20,0.6,0.02705652317925336,0.060561290498902964,0.008606360401037846,0.11971444265612165,0.11875577652842292,0.07404712767335707,-0.3547156095392604
bspline:5,368.0,motion,wavelet,HbO,4,20,0.6,0.03188406476618741,0.038324416902071445,0.008758854647567576,0.11983361826889477,0.11822688919761297,0.054134818912589214,-0.3519876650150777
dct:0.02,368.0,motion,wavelet,HbO,4,20,0.6,0.04132973159574568,0.04649056400526186,0.00792233988186663,0.11995035851068755,0.12251374797311716,0.12181763137452167,-0.3499337176897671
dct:0.02,368.0,baseline,wavelet,HbO,4,20,0.6,0.03820134918247747,0.054587182945684404,0.008363337827773473,0.12063497308818755,0.12295600659984604,0.18429006622175725,-0.3523511600439314
bspline:8,368.0,baseline,wavelet,HbO,4,20,0.6,0.03333791958843693,0.05011534797377887,0.00802622725762854,0.12153292078030178,0.11813408048912703,0.07641264227329193,-0.3438840527567001
butter:0.01,368.0,global,tddr+wavelet,HbO,4,20,0.6,-0.10969509316127304,0.10969509316127304,0.002755015916813383,0.12265827333203466,0.1238929229390872,-0.736850660346425,-0.37729607218176553
poly:5,368.0,baseline,wavelet,HbO,4,20,0.6,0.030661266231041734,0.040654025850666936,0.00855461991573252,0.1229638204208585,0.11913822217862675,0.08749620267655749,-0.344451206195413
legendre:5,368.0,baseline,wavelet,HbO,4,20,0.6,0.030661266231094997,0.0406540258506925,0.00855461991572442,0.12296382042086118,0.11913822217863304,0.08749620267603998,-0.34445120619540776
poly:2,368.0,motion,wavelet,HbO,4,20,0.6,0.029484759183768056,0.047602673309267596,0.00891912521014094,0.12302348595470883,0.11761991417001098,0.03324907277789361,-0.35444223473286096
poly:4,368.0,baseline,wavelet,HbO,4,20,0.6,0.031224059121288783,0.042294022039812335,0.008743510460608835,0.12307880824001813,0.119757993812183,0.0894440209944433,-0.3460236808171755
poly:3,368.0,motion,wavelet,HbO,4,20,0.6,0.02945542401357687,0.045482478668634196,0.00900752531283035,0.12330092297063777,0.12032708959707758,0.026895070652945798,-0.3544615509356604
legendre:3,368.0,motion,wavelet,HbO,4,20,0.6,0.029455424013581033,0.04548247866862806,0.00900752531283188,0.1233009229706422,0.1203270895970799,0.02689507065296896,-0.35446155093566234
bspline:5,368.0,baseline,wavelet,HbO,4,20,0.6,0.031068594003238303,0.0448339494158608,0.008833236784386338,0.12340151789026774,0.12032521020895018,0.09369285684821604,-0.34561990504790047
poly:2,368.0,baseline,wavelet,HbO,4,20,0.6,0.028008319767977685,0.06452552341404641,0.00893270028298758,0.12398363187244522,0.12068828779910701,0.07183282397541889,-0.34968054314831876
poly:1,368.0,motion,wavelet,HbO,4,20,0.6,0.03197398195451856,0.03197398195451856,0.009012115545455127,0.12406410996498107,0.12421813153845813,0.030001958010707687,-0.35889643176591046
legendre:1,368.0,motion,wavelet,HbO,4,20,0.6,0.03197398195451884,0.03197398195451884,0.009012115545454821,0.12406410996498116,0.12421813153845802,0.030001958010711833,-0.35889643176591124
poly:3,368.0,baseline,wavelet,HbO,4,20,0.6,0.029494957032736135,0.06463708197494505,0.009166492605147413,0.12421597861332953,0.1214214810855562,0.05420923154514823,-0.34958861111603645
legendre:3,368.0,baseline,wavelet,HbO,4,20,0.6,0.02949495703273844,0.0646370819749435,0.009166492605146981,0.12421597861332953,0.12142148108555537,0.054209231545181584,-0.34958861111603645
legendre:1,368.0,baseline,wavelet,HbO,4,20,0.6,0.029924817570898626,0.029924817570898626,0.00959221635384933,0.12423682791392712,0.12279173505847293,0.08472720276695052,-0.3544062863411931
poly:1,368.0,baseline,wavelet,HbO,4,20,0.6,0.02992481757089757,0.02992481757089757,0.009592216353848687,0.12423682791392744,0.12279173505847367,0.08472720276696424,-0.3544062863411922
none,368.0,baseline,wavelet,HbO,4,20,0.6,0.03380239968431481,0.041073481829201286,0.009731057927143488,0.12462874977331456,0.12688343496359603,0.0063658455076700884,-0.34145981327677605
none,368.0,motion,wavelet,HbO,4,20,0.6,0.03530090908346101,0.036871328459085584,0.00896139570110977,0.12492062607743737,0.12622704068380414,-0.0066009507596793675,-0.34513338559532963
legendre:3,90.0,short_avg,tddr+wavelet,HbR,4,20,-0.24,0.04868616348894037,0.04868616348894037,0.0014125722054614434,0.07060215540409126,0.10289166400610303,0.48713705312756417,-0.287797075185369
poly:3,90.0,short_avg,tddr+wavelet,HbR,4,20,-0.24,0.04868616348894225,0.04868616348894225,0.0014125722054614343,0.07060215540409143,0.10289166400610075,0.48713705312763345,-0.2877970751853577
legendre:3,90.0,motion,tddr+wavelet,HbR,4,20,-0.24,0.05730912436074086,0.05730912436074086,0.001610439959106906,0.0706624704482573,0.10718188827066413,0.365148120366121,-0.2377471713956304
poly:3,90.0,motion,tddr+wavelet,HbR,4,20,-0.24,0.05730912436074229,0.05730912436074229,0.0016104399591068753,0.07066247044825816,0.10718188827066304,0.3651481203660032,-0.2377471713956258
legendre:3,90.0,baseline,tddr+wavelet,HbR,4,20,-0.24,0.058886522506836486,0.058886522506836486,0.0016028272013376742,0.07255103854632136,0.10781147390450392,0.29515723170012054,-0.25423978497403027
poly:3,90.0,baseline,tddr+wavelet,HbR,4,20,-0.24,0.05888652250684015,0.05888652250684015,0.0016028272013377497,0.07255103854632239,0.10781147390450403,0.2951572317000004,-0.25423978497403077
poly:3,90.0,short_maxcorr,tddr+wavelet,HbR,4,20,-0.24,0.060669853799684294,0.060669853799684294,0.002461447022713918,0.07387602948988364,0.1089199646925472,0.3303083096179057,-0.2772081732292676
legendre:3,90.0,short_maxcorr,tddr+wavelet,HbR,4,20,-0.24,0.06066985379968672,0.06066985379968672,0.0024614470227129863,0.07387602948988592,0.10891996469254543,0.3303083096178512,-0.27720817322929003
poly:2,90.0,motion,tddr+wavelet,HbR,4,20,-0.24,0.057418388218617625,0.057418388218617625,0.0011550408711406344,0.0741401222468042,0.1064664980167043,0.1777899848659454,-0.2377292587440093
bspline:5,90.0,short_maxcorr,tddr+wavelet,HbR,4,20,-0.24,0.05628848101479968,0.05628848101479968,0.0019450008269783772,0.07426546610985171,0.10566588490052276,0.25041497949969554,-0.29701480814802617
poly:4,90.0,short_maxcorr,tddr+wavelet,HbR,4,20,-0.24,0.0550137469076821,0.0550137469076821,0.002027960473251432,0.07566120227733045,0.1060478973188608,0.2363334691760135,-0.2998891357123479
poly:5,90.0,short_avg,tddr+wavelet,HbR,4,20,-0.24,0.05433597130312054,0.05433597130312054,0.002350710740462312,0.0763823802957139,0.09687633953728361,0.15748008900672256,-0.3175438446412939
legendre:5,90.0,short_avg,tddr+wavelet,HbR,4,20,-0.24,0.054335971302554055,0.054335971302554055,0.0023507107404784518,0.07638238029580446,0.09687633953716482,0.15748008900742858,-0.3175438446396662
dct:0.02,90.0,short_avg,tddr+wavelet,HbR,4,20,-0.24,0.053763163541334744,0.053763163541334744,0.0012781859121798029,0.0767500934222439,0.10290232729158992,0.5198523809157879,-0.31205081553590774
butter:0.01,90.0,short_avg,tddr+wavelet,HbR,4,20,-0.24,0.046789121553671716,0.046789121553671716,0.001571690805484017,0.0767899286075279,0.1038315916868833,0.49361160770493473,-0.3895058535435441
poly:2,90.0,short_avg,tddr+wavelet,HbR,4,20,-0.24,0.051936545799278755,0.051936545799278755,0.001305707582880886,0.07691102111958985,0.10329842083699983,0.4233377442537107,-0.3080968670618688
dct:0.02,90.0,baseline,tddr+wavelet,HbR,4,20,-0.24,0.05428336326834793,0.05428336326834793,0.001214522547245988,0.07716700679308972,0.10817637031936697,0.18895560273716572,-0.23827571784869903
legendre:5,90.0,short_maxcorr,tddr+wavelet,HbR,4,20,-0.24,0.06373999581123241,0.06373999581123241,0.0020636191383007693,0.07749699473317867,0.10279360911439157,0.003361702152538947,-0.2953327920482609
poly:5,90.0,short_maxcorr,tddr+wavelet,HbR,4,20,-0.24,0.06373999581122694,0.06373999581122694,0.002063619138259773,0.07749699473321814,0.10279360911430795,0.003361702148787501,-0.29533279204863394
poly:2,90.0,baseline,tddr+wavelet,HbR,4,20,-0.24,0.05590904466380942,0.05590904466380942,0.0012062485791100009,0.07858684665264144,0.10847361765736482,0.13041172408608157,-0.226873369486428
legendre:5,90.0,baseline,tddr+wavelet,HbR,4,20,-0.24,0.060296290620529235,0.060296290620529235,0.0018112211874167622,0.07873967132503484,0.1072120708026189,-0.14203690817722422,-0.2600650133134835
poly:5,90.0,baseline,tddr+wavelet,HbR,4,20,-0.24,0.06029629062058008,0.06029629062058008,0.0018112211874125453,0.07873967132503504,0.10721207079736095,-0.14203690798970944,-0.2600650133143878
dct:0.02,90.0,motion,tddr+wavelet,HbR,4,20,-0.24,0.05512797842768313,0.05512797842768313,0.0011596511426358916,0.07919179970384366,0.10720416229351912,0.17926856910118066,-0.2292634282235061
poly:4,90.0,short_avg,tddr+wavelet,HbR,4,20,-0.24,0.05086128602469885,0.05086128602469885,0.0014021299294372691,0.0799298559948561,0.10263002650771251,0.4572462512146069,-0.27385393793672685
bspline:5,90.0,short_avg,tddr+wavelet,HbR,4,20,-0.24,0.04818669126991881,0.04818669126991881,0.0014344009561857328,0.08030107834654254,0.10218700172753437,0.4809182627876097,-0.2992922676465999
poly:5,90.0,motion,tddr+wavelet,HbR,4,20,-0.24,0.06014943626659322,0.06014943626659322,0.0018089844578246766,0.08033470946848761,0.10592038503339145,-0.2654926279620518,-0.25818141572373327
legendre:5,90.0,motion,tddr+wavelet,HbR,4,20,-0.24,0.06014943626627382,0.06014943626627382,0.0018089844578095034,0.0803347094684902,0.10592038503330603,-0.26549262794889217,-0.25818141571774744
poly:2,90.0,short_maxcorr,tddr+wavelet,HbR,4,20,-0.24,0.0632478842524976,0.0632478842524976,0.0012408655792773417,0.08073586926527374,0.11086091561821373,0.25698448014499725,-0.2719754431524691
poly:4,90.0,baseline,tddr+wavelet,HbR,4,20,-0.24,0.057361237281397644,0.057361237281397644,0.0013078131455319534,0.08093785186189381,0.10931234247410829,0.4134745591710488,-0.1954697763285994
poly:4,90.0,motion,tddr+wavelet,HbR,4,20,-0.24,0.058062307129701306,0.058062307129701306,0.001312411638723536,0.08132424020938808,0.10878644284457975,0.5072438327023762,-0.21795900945798885
poly:2,90.0,global,tddr+wavelet,HbR,4,20,-0.24,0.036804701923215784,0.036804701923215784,0.0020040995000551744,0.08172071215960638,0.10037212272349416,0.04997474477465038,-0.3250763104002481
legendre:3,90.0,global,tddr+wavelet,HbR,4,20,-0.24,0.0461801446805686,0.0461801446805686,0.002099741593251334,0.08228897622238582,0.10618046220635599,-0.091510590614149,-0.3029939771479413
poly:3,90.0,global,tddr+wavelet,HbR,4,20,-0.24,0.04618014468056774,0.04618014468056774,0.002099741593251287,0.08228897622238654,0.10618046220633107,-0.09151059061493375,-0.3029939771479335
dct:0.02,90.0,short_maxcorr,tddr+wavelet,HbR,4,20,-0.24,0.059710057780211594,0.059710057780211594,0.0012002951378360526,0.08299541458050397,0.10910201581831165,0.33187569685817053,-0.27312046621159536
bspline:5,90.0,baseline,tddr+wavelet,HbR,4,20,-0.24,0.057268502922346545,0.057268502922346545,0.0012112651494267561,0.08432710034162717,0.11299290200071946,0.38513193552638275,-0.18506878580175096
butter:0.01,90.0,global,tddr+wavelet,HbR,4,20,-0.24,0.027384778277086866,0.027384778277086866,0.002040543391062763,0.08493249299343816,0.10473972331710332,0.004157304310132967,-0.37386168368657613
bspline:5,90.0,motion,tddr+wavelet,HbR,4,20,-0.24,0.05625349432802106,0.05625349432802106,0.0012637050579776988,0.08530230121599644,0.11173839253327955,0.4931038989022314,-0.21376227211775317
poly:4,90.0,global,tddr+wavelet,HbR,4,20,-0.24,0.048029104556379786,0.048029104556379786,0.0019520745358358764,0.08555838338335209,0.10530650084772808,-0.0868930201986442,-0.281429921793462
dct:0.02,90.0,global,tddr+wavelet,HbR,4,20,-0.24,0.0477416325349972,0.0477416325349972,0.0020126626600753066,0.08575536698872316,0.10254578750932183,-0.041551345415325125,-0.32200200859774675
poly:1,90.0,baseline,tddr+wavelet,HbR,4,20,-0.24,0.05538269399773535,0.05538269399773535,0.0014087259369997113,0.08610260771267629,0.1166805029366578,0.08826068521416451,-0.22246791718503497
legendre:1,90.0,baseline,tddr+wavelet,HbR,4,20,-0.24,0.05538269399773535,0.05538269399773535,0.0014087259369997128,0.08610260771267653,0.11668050293665747,0.08826068521415978,-0.22246791718503672
poly:1,90.0,short_maxcorr,tddr+wavelet,HbR,4,20,-0.24,0.06101250347965839,0.06101250347965839,0.00142011935319546,0.08610984260278251,0.11453175849800609,0.28513886326873666,-0.24266212057917746
legendre:1,90.0,short_maxcorr,tddr+wavelet,HbR,4,20,-0.24,0.06101250347965868,0.06101250347965868,0.0014201193531955061,0.08610984260278276,0.11453175849800472,0.2851388632687399,-0.24266212057917935
butter:0.01,90.0,short_maxcorr,tddr+wavelet,HbR,4,20,-0.24,0.06175188336505578,0.06175188336505578,0.0015511833951630612,0.08642939120710727,0.11101905159691176,0.24982135914185052,-0.31826519528359076
dct:0.01,90.0,short_maxcorr,tddr+wavelet,HbR,4,20,-0.24,0.07136469218801922,0.07136469218801922,0.0012569658278054224,0.08685183587167607,0.11960525906617761,0.43544940024117523,-0.23099329027708748
dct:0.005,90.0,short_maxcorr,tddr+wavelet,HbR,4,20,-0.24,0.07136469218763213,0.07136469218763213,0.001256965827831855,0.08685183587299547,0.11960525906578738,0.4354494002475726,-0.23099329027779764
none,90.0,short_maxcorr,tddr+wavelet,HbR,4,20,-0.24,0.07136469218763213,0.07136469218763213,0.001256965827831855,0.08685183587299547,0.11960525906578738,0.4354494002475726,-0.23099329027779764
legendre:5,90.0,global,tddr+wavelet,HbR,4,20,-0.24,0.056624463361938326,0.056624463361938326,0.0023262730974285845,0.08693282870388089,0.10589644491269265,-0.5904791759882404,-0.3184484400865209
poly:5,90.0,global,tddr+wavelet,HbR,4,20,-0.24,0.056624463362155444,0.056624463362155444,0.002326273096493044,0.08693282870611524,0.10589644491294539,-0.5904795758287139,-0.3184484400859257
legendre:1,90.0,motion,tddr+wavelet,HbR,4,20,-0.24,0.0587624793072254,0.0587624793072254,0.0013693362079893767,0.08747615223416991,0.11424321301601388,0.16428522875190518,-0.2625370628505822
poly:1,90.0,motion,tddr+wavelet,HbR,4,20,-0.24,0.05876247930722526,0.05876247930722526,0.0013693362079893541,0.08747615223417177,0.11424321301601355,0.16428522875190277,-0.2625370628505825
bspline:5,90.0,global,tddr+wavelet,HbR,4,20,-0.24,0.047775272088802015,0.047775272088802015,0.001969401602641014,0.08750218844016808,0.10647863034726415,-0.0711835105171094,-0.29508419839603217
legendre:1,90.0,short_avg,tddr+wavelet,HbR,4,20,-0.24,0.04862686174018066,0.04862686174018066,0.0013083734819775348,0.08974074005549855,0.10383613319971526,0.4301506662938805,-0.30027181789832175
poly:1,90.0,short_avg,tddr+wavelet,HbR,4,20,-0.24,0.048626861740179994,0.048626861740179994,0.0013083734819775588,0.08974074005549994,0.10383613319971577,0.4301506662938698,-0.30027181789832086
butter:0.01,90.0,baseline,tddr+wavelet,HbR,4,20,-0.24,0.061995868811503554,0.061995868811503554,0.0011636044141281618,0.09072256369381305,0.11486468765410844,0.21085014181932904,-0.21404743323485348
dct:0.02,90.0,baseline,wavelet,HbR,4,20,-0.24,0.023132846713836273,0.026523468868582853,0.007150749490640694,0.09111607971761795,0.12264990480590465,0.3316241593023726,-0.23768757992695344
poly:2,90.0,baseline,wavelet,HbR,4,20,-0.24,0.02733519817522867,0.031022913342693283,0.006920663405096543,0.09126360863468382,0.12324976537536414,0.34605940747282493,-0.23936939116058187
dct:0.01,90.0,short_avg,tddr+wavelet,HbR,4,20,-0.24,0.048046688276958946,0.048046688276958946,0.0013470581113686183,0.09220502494506984,0.10857902067032058,0.4756100080200117,-0.31270262784376074
dct:0.005,90.0,short_avg,tddr+wavelet,HbR,4,20,-0.24,0.04804668827731767,0.04804668827731767,0.001347058111367018,0.09220502494578754,0.10857902062539608,0.475610006216711,-0.3127026278433801
none,90.0,short_avg,tddr+wavelet,HbR,4,20,-0.24,0.04804668827731767,0.04804668827731767,0.001347058111367018,0.09220502494578754,0.10857902062539608,0.475610006216711,-0.3127026278433801
dct:0.005,90.0,baseline,tddr+wavelet,HbR,4,20,-0.24,0.06850320011346933,0.06850320011346933,0.001211313142098424,0.09222138340374605,0.120529235576822,0.12130853040111564,-0.20829769194991016
none,90.0,baseline,tddr+wavelet,HbR,4,20,-0.24,0.06850320011346933,0.06850320011346933,0.001211313142098424,0.09222138340374605,0.120529235576822,0.12130853040111564,-0.20829769194991016
dct:0.01,90.0,baseline,tddr+wavelet,HbR,4,20,-0.24,0.06850320011298666,0.06850320011298666,0.0012113131421106855,0.09222138340379962,0.12052923557580111,0.12130853045415325,-0.2082976919496798
butter:0.01,90.0,motion,tddr+wavelet,HbR,4,20,-0.24,0.06418787759923515,0.06418787759923515,0.001146054256756417,0.09273372764153406,0.11355434433871112,0.2474105895042725,-0.23208304116771283
dct:0.005,90.0,motion,tddr+wavelet,HbR,4,20,-0.24,0.06639577766509852,0.06639577766509852,0.0011680283923206638,0.09327280390913822,0.11926496032830033,0.20596803267449545,-0.1972329561658759
none,90.0,motion,tddr+wavelet,HbR,4,20,-0.24,0.06639577766509852,0.06639577766509852,0.0011680283923206638,0.09327280390913822,0.11926496032830033,0.20596803267449545,-0.1972329561658759
dct:0.01,90.0,motion,tddr+wavelet,HbR,4,20,-0.24,0.06639577783212046,0.06639577783212046,0.0011680283923205122,0.09327280390913911,0.11926496034219565,0.20596803310513467,-0.19723295616587727
legendre:1,90.0,global,tddr+wavelet,HbR,4,20,-0.24,0.036228974468376,0.036228974468376,0.0022554612954011856,0.09366722554966447,0.10536995296433409,-0.015827403364348822,-0.3204301012744763
poly:1,90.0,global,tddr+wavelet,HbR,4,20,-0.24,0.03622897446837531,0.03622897446837531,0.0022554612954011205,0.09366722554966453,0.10536995296433338,-0.015827403364318492,-0.32043010127447735
dct:0.005,90.0,global,tddr+wavelet,HbR,4,20,-0.24,0.02319110388063661,0.02319110388063661,0.0020267764526917713,0.09397572275594049,0.1065554143008105,0.04368577620755874,-0.31695364146798527
none,90.0,global,tddr+wavelet,HbR,4,20,-0.24,0.02319110388063661,0.02319110388063661,0.0020267764526917713,0.09397572275594049,0.1065554143008105,0.04368577620755874,-0.31695364146798527
dct:0.01,90.0,global,tddr+wavelet,HbR,4,20,-0.24,0.0231911038804248,0.0231911038804248,0.0020267764526926747,0.09397572275928243,0.10655541430183732,0.04368577623132765,-0.3169536414527251
butter:0.01,90.0,short_maxcorr,wavelet,HbR,4,20,-0.24,0.029386520958751224,0.029386520958751224,0.006639143392726853,0.09440367348014582,0.12221609788608798,0.3452780201597694,-0.29763634099802627
poly:2,90.0,motion,wavelet,HbR,4,20,-0.24,0.028549951644184397,0.03088713357254126,0.007051635846397973,0.0971403150937458,0.123201989379885,0.32110063179509757,-0.23454572708617058
dct:0.02,90.0,motion,wavelet,HbR,4,20,-0.24,0.023581493693469652,0.02740810631211428,0.007349890621762391,0.09808141739763433,0.12268411828697896,0.30455761711970014,-0.23321391445174333
poly:4,90.0,baseline,wavelet,HbR,4,20,-0.24,0.03235013073242514,0.03235013073242514,0.007243982895082159,0.09866926804862906,0.1231655838462967,0.34914690556875977,-0.2372098949811165
bspline:5,90.0,baseline,wavelet,HbR,4,20,-0.24,0.033775871587945365,0.033775871587945365,0.007544590886238394,0.09964609260331156,0.1279451233191669,0.34257452399220156,-0.23050925597034624
poly:3,90.0,baseline,wavelet,HbR,4,20,-0.24,0.021730131756992066,0.03181953742722826,0.007886482162938298,0.10073069960096229,0.12611459455122837,0.41874694566850074,-0.24712186171017075
legendre:3,90.0,baseline,wavelet,HbR,4,20,-0.24,0.021730131756991983,0.031819537427230975,0.007886482162937764,0.1007306996009662,0.1261145945512298,0.41874694566855497,-0.24712186171017297
poly:1,90.0,short_maxcorr,wavelet,HbR,4,20,-0.24,0.036788880754260525,0.03914854762908737,0.003865609802538318,0.10083062248124344,0.12812512012980332,0.27960828836451207,-0.24255970214143827
legendre:1,90.0,short_maxcorr,wavelet,HbR,4,20,-0.24,0.036788880754255134,0.039148547629083465,0.0038656098025379973,0.10083062248125105,0.12812512012980343,0.2796082883645336,-0.2425597021414463
poly:5,90.0,motion,wavelet,HbR,4,20,-0.24,0.02505294575384131,0.028991906625008203,0.007992219962642327,0.10181416921735521,0.1178830682087513,-0.23632505953055338,-0.2698535126085673
legendre:5,90.0,motion,wavelet,HbR,4,20,-0.24,0.025052945753924166,0.02899190662515022,0.007992219962994492,0.10181416922109057,0.11788306820873314,-0.2363250595506942,-0.26985351260850987
butter:0.01,90.0,baseline,wavelet,HbR,4,20,-0.24,0.039047006061013766,0.039047006061013766,0.007640951554591476,0.10191757767989394,0.1259444552720473,0.3575250814918212,-0.2367267307065907
poly:4,90.0,motion,wavelet,HbR,4,20,-0.24,0.03198987839704072,0.03198987839704072,0.00759359041203363,0.10193022638192215,0.12328711381223775,0.35457436393442954,-0.2372282162935025
poly:4,90.0,short_maxcorr,wavelet,HbR,4,20,-0.24,0.0337071448996038,0.034891967416229075,0.005035605865630962,0.10204910208491165,0.11953650064852783,0.4637175557219958,-0.2378366832260546
legendre:1,90.0,global,wavelet,HbR,4,20,-0.24,0.01903303809955391,0.034166915339573195,0.009095699695908779,0.10238360466534199,0.1298344734381722,0.02887897688928915,-0.3352394079329072
poly:1,90.0,global,wavelet,HbR,4,20,-0.24,0.019033038099556768,0.034166915339572945,0.009095699695909431,0.10238360466534624,0.12983447343817173,0.028878976889256502,-0.3352394079328983
bspline:5,90.0,motion,wavelet,HbR,4,20,-0.24,0.03187160014453402,0.03187160014453402,0.007656419360587221,0.1023994075707593,0.127376659343656,0.32726601169936137,-0.23841306841434023
poly:2,90.0,short_maxcorr,wavelet,HbR,4,20,-0.24,0.028080579907068755,0.030794721949269035,0.004342529940013496,0.10285813726405585,0.12160524362350585,0.3586119128476989,-0.27043088989273184
legendre:3,90.0,motion,wavelet,HbR,4,20,-0.24,0.022469708405844648,0.03247295994052835,0.007790891747089785,0.1030837942296897,0.1261605463578883,0.34609165722802504,-0.2483038190795045
poly:3,90.0,motion,wavelet,HbR,4,20,-0.24,0.022469708405843752,0.03247295994052939,0.0077908917470893,0.10308379422969549,0.12616054635792545,0.346091657229114,-0.24830381907947086
bspline:5,90.0,short_maxcorr,wavelet,HbR,4,20,-0.24,0.033991350717350655,0.03431137039422827,0.005009576043099389,0.1031574936147994,0.12102770744653524,0.44392770389816943,-0.2370794410791577
dct:0.02,90.0,short_maxcorr,wavelet,HbR,4,20,-0.24,0.02553278972817373,0.02883136088396905,0.004627761300565655,0.10336882315769187,0.12030490954038722,0.33866004830193935,-0.2591777028532818
poly:3,90.0,short_maxcorr,wavelet,HbR,4,20,-0.24,0.021490398327252552,0.03179710721229893,0.005576466235353313,0.1037220398318737,0.12335203018846201,0.3854936070472535,-0.2797184501339516
legendre:3,90.0,short_maxcorr,wavelet,HbR,4,20,-0.24,0.021490398327252774,0.031797107212299044,0.00557646623535374,0.10372203983187772,0.12335203018846315,0.38549360704728053,-0.2797184501339515
butter:0.01,90.0,global,wavelet,HbR,4,20,-0.24,0.004702622904721204,0.028787233813783425,0.008875894021133594,0.10375323202067532,0.1320529628842878,0.4719756221318452,-0.4334992883229419
poly:4,90.0,short_avg,wavelet,HbR,4,20,-0.24,-0.003881067322338269,0.041199589560937326,0.006313597885296149,0.10409422158743406,0.13084387223042204,0.6372878222868142,-0.3574472967473421
butter:0.01,90.0,motion,wavelet,HbR,4,20,-0.24,0.04018766766904467,0.04018766766904467,0.00774871820889713,0.10490663855959353,0.1261902169709696,0.362515486301218,-0.23458028570415168
bspline:5,90.0,short_avg,wavelet,HbR,4,20,-0.24,-0.005640383471173668,0.042659763918900716,0.006638088546036267,0.10524153258509976,0.13237143434538345,0.6728141712511713,-0.35771705193021924
dct:0.01,90.0,short_maxcorr,wavelet,HbR,4,20,-0.24,0.029634439663133012,0.04686894156011859,0.005850664836267651,0.105847376025053,0.13068746672967207,0.38102866638808885,-0.2830692768775195
dct:0.005,90.0,short_maxcorr,wavelet,HbR,4,20,-0.24,0.029634439663316456,0.04686894156105302,0.005850664836270061,0.10584737602517993,0.13068746672984108,0.3810286663781824,-0.2830692768776002
none,90.0,short_maxcorr,wavelet,HbR,4,20,-0.24,0.029634439663316456,0.04686894156105302,0.005850664836270061,0.10584737602517993,0.13068746672984108,0.3810286663781824,-0.2830692768776002
dct:0.02,90.0,global,wavelet,HbR,4,20,-0.24,0.0235368982357205,0.029309715847093562,0.008261395120673209,0.10585217517445986,0.12677906239167036,0.36435798734211766,-0.36397353491112305
poly:3,90.0,global,wavelet,HbR,4,20,-0.24,0.021688390670613886,0.03103393640386236,0.008524164997977215,0.10589180411577881,0.12294809635264654,0.04165268763636203,-0.3034853670291676
legendre:3,90.0,global,wavelet,HbR,4,20,-0.24,0.021688390670607086,0.031033936403858417,0.008524164997977975,0.10589180411577909,0.12294809635265495,0.04165268763680286,-0.30348536702916995
poly:1,90.0,baseline,wavelet,HbR,4,20,-0.24,0.04466404059550374,0.049176003709104556,0.006785311221098673,0.106808380661221,0.13134057345582018,0.29731540849680316,-0.22844408731318222
legendre:1,90.0,baseline,wavelet,HbR,4,20,-0.24,0.044664040595496744,0.04917600370910341,0.006785311221098404,0.10680838066122202,0.1313405734558193,0.2973154084968196,-0.2284440873131801
poly:1,90.0,motion,wavelet,HbR,4,20,-0.24,0.045395927322447675,0.048665375158341365,0.006923215385767194,0.10724234961200793,0.1313311651638994,0.29560304455973485,-0.22835313585651007
legendre:1,90.0,motion,wavelet,HbR,4,20,-0.24,0.045395927322445594,0.0486653751583401,0.006923215385767204,0.1072423496120086,0.13133116516389967,0.2956030445597464,-0.22835313585650552
poly:4,90.0,global,wavelet,HbR,4,20,-0.24,0.025637699289712518,0.02982813522332292,0.009023763043298341,0.10747062381321826,0.11988123748284785,0.35286632893029596,-0.2782681312560775
poly:2,90.0,global,wavelet,HbR,4,20,-0.24,0.015661846809185476,0.033191873531043664,0.0084017628123392,0.10761989568389912,0.12713781465097107,0.29516986837670867,-0.4027656432532864
legendre:5,90.0,baseline,wavelet,HbR,4,20,-0.24,0.023307825685760203,0.030281337231806482,0.008252264394219357,0.10776037705569294,0.12138685684372066,-0.31211442788849525,-0.25655731197958187
poly:5,90.0,baseline,wavelet,HbR,4,20,-0.24,0.02330782568579532,0.030281337231807162,0.00825226439419673,0.10776037705570704,0.12138685684368164,-0.31211442790543786,-0.2565573119793126
legendre:5,90.0,short_maxcorr,wavelet,HbR,4,20,-0.24,0.029959141253336596,0.03392277617440838,0.007147235719901508,0.10776976962509213,0.11257254078218723,0.2733817921158854,-0.2743201914552177
poly:5,90.0,short_maxcorr,wavelet,HbR,4,20,-0.24,0.02995914125336796,0.0339227761744187,0.00714723571989845,0.10776976962517107,0.11257254078227755,0.27338179211353614,-0.27432019145360165
poly:2,90.0,short_avg,wavelet,HbR,4,20,-0.24,0.010079040820743734,0.03985721773376119,0.005965111107329062,0.10782794722096195,0.12162472914195636,0.4606307161068952,-0.38502679486893077
butter:0.01,90.0,short_avg,wavelet,HbR,4,20,-0.24,0.0038434349442806326,0.0378030388237149,0.006373987543289246,0.10804662213736119,0.12331504291751585,0.6137303262770888,-0.42570965894466867
dct:0.005,90.0,baseline,wavelet,HbR,4,20,-0.24,0.041213958368989355,0.048224229234543774,0.008331909638090095,0.10846364256833421,0.13478908609696807,0.40636829796851126,-0.22608595836094356
none,90.0,baseline,wavelet,HbR,4,20,-0.24,0.041213958368989355,0.048224229234543774,0.008331909638090095,0.10846364256833421,0.13478908609696807,0.40636829796851126,-0.22608595836094356
dct:0.01,90.0,baseline,wavelet,HbR,4,20,-0.24,0.04121395836995533,0.04822422923528415,0.008331909638213212,0.10846364257023774,0.13478908597896294,0.406368296994102,-0.22608595835917322
poly:5,90.0,short_avg,wavelet,HbR,4,20,-0.24,-0.011431037748822787,0.04138501787536336,0.006355838071840601,0.10935368589378343,0.12150022627708776,0.5467290928369946,-0.4032659612238524
legendre:5,90.0,short_avg,wavelet,HbR,4,20,-0.24,-0.01143103774862457,0.04138501787516226,0.0063558380718403,0.10935368589381048,0.12150022627685284,0.5467290928338615,-0.40326596122322467
bspline:5,90.0,global,wavelet,HbR,4,20,-0.24,0.02106769244789357,0.025190651157530802,0.009688599542285846,0.1103796507015033,0.12324723484098796,0.17692189788847065,-0.2832971678951543
poly:3,90.0,short_avg,wavelet,HbR,4,20,-0.24,-0.003981409142366971,0.03976837890685013,0.007331103201745207,0.11215646774025209,0.1330525751183391,0.6641656749454409,-0.35347582644574815
legendre:3,90.0,short_avg,wavelet,HbR,4,20,-0.24,-0.003981409142367873,0.039768378906856805,0.007331103201745614,0.11215646774025377,0.1330525751183391,0.6641656749454429,-0.35347582644578956
dct:0.02,90.0,short_avg,wavelet,HbR,4,20,-0.24,0.005026149397054355,0.03481420961686815,0.006380049310223538,0.1124080244565618,0.12216744116427322,0.5379951801440198,-0.38919033452181984
poly:5,90.0,global,wavelet,HbR,4,20,-0.24,0.01566133330959954,0.021489588520006334,0.010292045436308577,0.11260053952209809,0.11157473716981595,-0.47225638018688104,-0.3683285563271716
legendre:5,90.0,global,wavelet,HbR,4,20,-0.24,0.015661333309596945,0.021489588520519423,0.010292045436309818,0.1126005395221004,0.111574737169858,-0.47225638018690563,-0.3683285563271519
dct:0.005,90.0,motion,wavelet,HbR,4,20,-0.24,0.04210985921312918,0.04815352449784677,0.00848272935951736,0.11350569328254898,0.13470402596499828,0.3972564674175785,-0.21910844503670956
none,90.0,motion,wavelet,HbR,4,20,-0.24,0.04210985921312918,0.04815352449784677,0.00848272935951736,0.11350569328254898,0.13470402596499828,0.3972564674175785,-0.21910844503670956
dct:0.01,90.0,motion,wavelet,HbR,4,20,-0.24,0.042109859212417805,0.048153524501258205,0.0084827293596064,0.11350569328268735,0.13470402596533165,0.39725646741010257,-0.21910844502757193
dct:0.01,90.0,global,wavelet,HbR,4,20,-0.24,0.01599336902534812,0.030798016758295535,0.00938863193434931,0.11367302996808129,0.13897940218492094,0.46107307237593315,-0.3894311867827539
dct:0.005,90.0,global,wavelet,HbR,4,20,-0.24,0.015993369026947465,0.030798016746575813,0.009388631934448206,0.11367302996862028,0.13897940218141708,0.46107307237229855,-0.3894311867578618
none,90.0,global,wavelet,HbR,4,20,-0.24,0.015993369026947465,0.030798016746575813,0.009388631934448206,0.11367302996862028,0.13897940218141708,0.46107307237229855,-0.3894311867578618
dct:0.005,90.0,short_avg,wavelet,HbR,4,20,-0.24,0.008073439563650545,0.049904168987501135,0.006445076518435518,0.11481178612681432,0.13398803765714132,0.6423073456865706,-0.3664524580777482
none,90.0,short_avg,wavelet,HbR,4,20,-0.24,0.008073439563650545,0.049904168987501135,0.006445076518435518,0.11481178612681432,0.13398803765714132,0.6423073456865706,-0.3664524580777482
dct:0.01,90.0,short_avg,wavelet,HbR,4,20,-0.24,0.008073439502580049,0.04990416898681492,0.00644507651842975,0.11481178613410098,0.1339880376580403,0.6423073455042924,-0.3664524578509736
legendre:1,90.0,short_avg,wavelet,HbR,4,20,-0.24,0.005158953894563903,0.045554302310626876,0.005780616048903369,0.11834050961418852,0.13053172833710863,0.5975575476166564,-0.39410070095193506
poly:1,90.0,short_avg,wavelet,HbR,4,20,-0.24,0.005158953894564514,0.045554302310626085,0.005780616048903382,0.1183405096141964,0.13053172833710977,0.5975575476166571,-0.39410070095193517
bspline:8,90.0,baseline,tddr+wavelet,HbR,4,20,-0.24,0.10590469395031551,0.10590469395031551,0.0030358026823955058,0.1208025397450196,0.13714029343684003,-0.2948216180884208,-0.35810062100146056
bspline:8,90.0,short_avg,tddr+wavelet,HbR,4,20,-0.24,0.10269478716926607,0.10269478716926607,0.002661350891475036,0.12345697100778122,0.14295830863776887,0.36722566432529347,-0.16051508910369564
bspline:8,90.0,short_maxcorr,tddr+wavelet,HbR,4,20,-0.24,0.1143699313026576,0.1143699313026576,0.003240173425054937,0.12479051042858766,0.1486931438877881,0.08692049385272127,-0.13394801721136734
bspline:8,90.0,baseline,wavelet,HbR,4,20,-0.24,0.06926530789370255,0.06926530789370255,0.010031325432585725,0.1282385124662054,0.14676761613959183,0.36074884551544695,-0.3934640227163576
bspline:8,90.0,motion,tddr+wavelet,HbR,4,20,-0.24,0.11297411513924835,0.11297411513924835,0.002673967036267335,0.12839730320465667,0.15264872165174026,-0.015296952065261347,-0.29612209924806676
bspline:8,90.0,global,tddr+wavelet,HbR,4,20,-0.24,0.10056082523357934,0.10056082523357934,0.0031064134513156903,0.12917913658005892,0.14639224615224616,0.051987213832246686,-0.291908133865972
bspline:8,90.0,short_avg,wavelet,HbR,4,20,-0.24,0.06978314654714335,0.06978314654714335,0.01103808133865177,0.13813181708045086,0.13629139156445363,0.03674703808329552,-0.23366985162559595
bspline:8,90.0,motion,wavelet,HbR,4,20,-0.24,0.09561528476761236,0.09561528476761236,0.01016813870285573,0.14224074172590578,0.16331065885681995,0.1650262218736993,-0.3035255288664441
bspline:8,90.0,short_maxcorr,wavelet,HbR,4,20,-0.24,0.09292373628301692,0.09292373628301692,0.01170640907854787,0.1428180637503776,0.16075285990073362,-0.059217775033392664,-0.1466977731752272
bspline:8,90.0,global,wavelet,HbR,4,20,-0.24,0.08423459457873363,0.08423459457873363,0.014548530461185757,0.15389534426899554,0.1507318428730815,0.10701173563324098,-0.2985175124930575
bspline:8,180.0,baseline,wavelet,HbR,4,20,-0.24,0.023091625411200023,0.02729120274201348,0.0018961552638404168,0.05600391319036943,0.07352674097123725,0.33988841985024804,-0.24011202582266325
poly:5,180.0,baseline,wavelet,HbR,4,20,-0.24,0.025320810949176445,0.026561442509105956,0.0026915182306027985,0.05628129657766776,0.07565300592462945,0.39573096851842826,-0.2333784707270219
legendre:5,180.0,baseline,wavelet,HbR,4,20,-0.24,0.02532081094917704,0.026561442509104458,0.0026915182306029234,0.0562812965776724,0.07565300592466925,0.39573096851934003,-0.23337847072707188
butter:0.01,180.0,baseline,wavelet,HbR,4,20,-0.24,0.031623294481042355,0.032307495801583166,0.0021297256156924877,0.05646451320373373,0.08003641893963051,0.28715476749160085,-0.22594049157648152
dct:0.02,180.0,baseline,wavelet,HbR,4,20,-0.24,0.022794614263701732,0.025967199947150355,0.001999906876745558,0.05755932217098246,0.0742183833972767,0.36183592825526817,-0.23958076694090513
poly:4,180.0,baseline,wavelet,HbR,4,20,-0.24,0.027367616367435267,0.029163893292624657,0.0024294897043106375,0.057697407434229714,0.07575039552408283,0.3378418678929449,-0.2323375152949073
bspline:5,180.0,baseline,wavelet,HbR,4,20,-0.24,0.029288995059419613,0.031151115042623315,0.0024173315269351175,0.057922035220999896,0.0760080858486183,0.3277009332188607,-0.23117630234073472
poly:1,180.0,baseline,wavelet,HbR,4,20,-0.24,0.031784848518490796,0.03441183050211584,0.002864433821602164,0.05796959439900863,0.08053881831696778,0.14985948877565045,-0.23552060625113624
legendre:1,180.0,baseline,wavelet,HbR,4,20,-0.24,0.03178484851849056,0.03441183050211552,0.0028644338216021765,0.057969594399008735,0.08053881831696753,0.14985948877565872,-0.2355206062511364
dct:0.01,180.0,baseline,wavelet,HbR,4,20,-0.24,0.021181429504089938,0.026212772515661356,0.002944073977662366,0.058920297962448354,0.07474442547217999,0.3245570693105739,-0.23677304420935086
poly:3,180.0,baseline,wavelet,HbR,4,20,-0.24,0.023455149528602046,0.026843422391360505,0.0024965528586502086,0.058947184130976646,0.07562208881606727,0.328437309840178,-0.23507036592659108
legendre:3,180.0,baseline,wavelet,HbR,4,20,-0.24,0.023455149528601366,0.02684342239135977,0.002496552858650582,0.05894718413097774,0.07562208881606633,0.3284373098401625,-0.2350703659265929
butter:0.01,180.0,motion,wavelet,HbR,4,20,-0.24,0.030881706070926745,0.03247231829733425,0.0030145721828410514,0.060104289020717766,0.07655076345268592,0.1658961539542285,-0.2316957803482295
bspline:8,180.0,motion,wavelet,HbR,4,20,-0.24,0.022827523721122338,0.027674336686205815,0.0029893664763475554,0.060233575256274124,0.07050835126411863,0.21746991541018698,-0.2428117469096927
poly:5,180.0,motion,wavelet,HbR,4,20,-0.24,0.025460475392195037,0.0261200492829729,0.003140707131392086,0.061002971891782706,0.0729717532748523,0.30854220521808196,-0.2366467207936538
legendre:5,180.0,motion,wavelet,HbR,4,20,-0.24,0.025460475392187987,0.02612004928294427,0.003140707131393173,0.06100297189179829,0.07297175327379067,0.30854220519409087,-0.23664672079364252
bspline:8,180.0,short_avg,wavelet,HbR,4,20,-0.24,0.014171033650981796,0.02569767467871771,0.0025014392957083296,0.06100821942368012,0.07365920881434886,0.5348815325685671,-0.2977158599480898
bspline:8,180.0,short_maxcorr,wavelet,HbR,4,20,-0.24,0.024201651904173893,0.028724930166090568,0.0025418424657417983,0.061334558506045446,0.07555064295489114,0.47423935263843753,-0.2928662177668968
poly:2,180.0,baseline,wavelet,HbR,4,20,-0.24,0.025685640833793738,0.02917970108177756,0.0029951872327327995,0.06196754035129593,0.0767941690658117,0.3311002445123213,-0.231573090152643
dct:0.02,180.0,motion,wavelet,HbR,4,20,-0.24,0.02282744342198087,0.026035579712373108,0.0033158579574832396,0.06208944042200328,0.0711435125226534,0.2163915389259349,-0.24013688783229697
poly:4,180.0,motion,wavelet,HbR,4,20,-0.24,0.027218987992468205,0.029199183164743042,0.003252501943470417,0.06213964948695595,0.07221707501966336,0.24399956155128982,-0.23821637790750438
bspline:5,180.0,motion,wavelet,HbR,4,20,-0.24,0.028464368500171602,0.03114264154224776,0.0032408870185192257,0.062262252118484324,0.07246078962945918,0.21128606539783185,-0.23722310365391142
dct:0.02,180.0,short_maxcorr,wavelet,HbR,4,20,-0.24,0.024179086395990923,0.026780823053257796,0.0019345016917353688,0.06262770285547928,0.07831339850297406,0.5479019216105373,-0.2957853907244134
poly:1,180.0,motion,wavelet,HbR,4,20,-0.24,0.03225515338402864,0.0345481262423514,0.0033581838943977788,0.06301795211929842,0.07963991845505523,0.06015588563014073,-0.22904504033070772
legendre:1,180.0,motion,wavelet,HbR,4,20,-0.24,0.03225515338402898,0.03454812624235156,0.0033581838943978265,0.06301795211929861,0.07963991845505508,0.06015588563010715,-0.2290450403307073
legendre:3,180.0,motion,wavelet,HbR,4,20,-0.24,0.02368940053672801,0.026349079663164243,0.0035474805734690504,0.06432637042290235,0.07310884027650073,0.20950104743569695,-0.23743025204731122
poly:3,180.0,motion,wavelet,HbR,4,20,-0.24,0.023689400536729584,0.026349079663164528,0.0035474805734690426,0.06432637042290351,0.07310884027660368,0.20950104743476272,-0.23743025204712542
dct:0.01,180.0,motion,wavelet,HbR,4,20,-0.24,0.02153805353833424,0.025741240175356894,0.003538949251667368,0.06476632296064,0.07298923222803524,0.20122442756155723,-0.23768113524675732
poly:2,180.0,motion,wavelet,HbR,4,20,-0.24,0.026149281344902228,0.02888296173386537,0.0036020520240701145,0.06716448535373795,0.07427671628194564,0.21608588588595834,-0.24217273453990928
dct:0.01,180.0,short_avg,tddr+wavelet,HbR,4,20,-0.24,0.06383387157869273,0.06383387157869273,0.0005986754089972904,0.06773503086437034,0.08106599441698191,0.2547756457028206,-0.2718762940135966
legendre:5,180.0,short_maxcorr,wavelet,HbR,4,20,-0.24,0.02511015699725333,0.02734080522650366,0.003071270096961308,0.06807197499243689,0.07621779271709012,0.49812379176855154,-0.29583429960117136
poly:5,180.0,short_maxcorr,wavelet,HbR,4,20,-0.24,0.025110156997254843,0.027340805226515053,0.0030712700969607954,0.06807197499244204,0.07621779271712903,0.49812379177431754,-0.2958342996011812
dct:0.02,180.0,short_avg,wavelet,HbR,4,20,-0.24,0.011595504805182122,0.02672483299796502,0.002616549829559146,0.06844603892883647,0.07914669578407,0.6412139339741989,-0.3060326396804668
legendre:5,180.0,short_avg,wavelet,HbR,4,20,-0.24,0.009627224259807679,0.027145827385329613,0.0027312649361567695,0.06845910853181186,0.07819350382874651,0.6035264062289807,-0.3081855092889941
poly:5,180.0,short_avg,wavelet,HbR,4,20,-0.24,0.009627224259800879,0.027145827385330515,0.002731264936154836,0.06845910853195811,0.07819350382875212,0.6035264062282832,-0.30818550928900923
butter:0.01,180.0,short_maxcorr,wavelet,HbR,4,20,-0.24,0.03129833801382232,0.032620474342561157,0.002163524111477035,0.06860211928948604,0.08092217860954516,0.4974650104983362,-0.26986922717823014
bspline:5,180.0,short_avg,wavelet,HbR,4,20,-0.24,0.01223160344202183,0.025438449114007493,0.002735616268752884,0.06873420539267916,0.07656494734988356,0.552207909759081,-0.3020864177887077
poly:4,180.0,short_avg,wavelet,HbR,4,20,-0.24,0.010292522467712367,0.025414153087562785,0.00275318421010963,0.06931390362433312,0.07649576396874225,0.5548356602837327,-0.3046008226849032
butter:0.01,180.0,short_avg,tddr+wavelet,HbR,4,20,-0.24,0.06356849615926563,0.06356849615926563,0.000583151074698546,0.0696044057295312,0.08032079922105406,0.23580806644043242,-0.26230278725000733
poly:4,180.0,short_maxcorr,wavelet,HbR,4,20,-0.24,0.028273409235913385,0.028808609528999114,0.003250148914034044,0.07006591767792571,0.07576777309280346,0.4625138706770955,-0.28966130961946335
bspline:5,180.0,short_maxcorr,wavelet,HbR,4,20,-0.24,0.029569588366812803,0.03089394298150292,0.002634764342952841,0.07033500373283,0.07679534197097478,0.44585738102215183,-0.2887600110116066
legendre:3,180.0,short_maxcorr,wavelet,HbR,4,20,-0.24,0.024468366454171345,0.027738623483293076,0.0025430226939566663,0.071197661089228,0.07685589716347355,0.46886402702466873,-0.3006141340408649
poly:3,180.0,short_maxcorr,wavelet,HbR,4,20,-0.24,0.024468366454171483,0.027738623483294332,0.0025430226939557195,0.07119766108922863,0.07685589716347291,0.46886402702473834,-0.300614134040866
legendre:3,180.0,short_avg,wavelet,HbR,4,20,-0.24,0.009742790330180232,0.027316357431004717,0.002727232189815458,0.07135970576275973,0.07892581109554372,0.6165355649184758,-0.326418556711924
poly:3,180.0,short_avg,wavelet,HbR,4,20,-0.24,0.009742790330179635,0.02731635743100433,0.002727232189815536,0.07135970576276017,0.07892581109554866,0.6165355649185766,-0.32641855671192277
poly:1,180.0,short_avg,wavelet,HbR,4,20,-0.24,0.01244830056056509,0.023972209329362615,0.0018996673446440863,0.07140526020326798,0.07834616313908475,0.5598118497322665,-0.35600924191033767
legendre:1,180.0,short_avg,wavelet,HbR,4,20,-0.24,0.012448300560565062,0.023972209329362587,0.0018996673446439647,0.07140526020326807,0.07834616313908412,0.559811849732269,-0.35600924191033617
dct:0.01,180.0,short_maxcorr,wavelet,HbR,4,20,-0.24,0.022576749976617003,0.027347046261868874,0.0031791315979107426,0.07184273470738631,0.07620347167140841,0.46819292097796256,-0.29912519256497305
dct:0.01,180.0,short_avg,wavelet,HbR,4,20,-0.24,0.008371567667908558,0.0284778811669526,0.0028081033514799738,0.07201122747345431,0.08021171954229839,0.6011511695798339,-0.3402880634270452
poly:4,180.0,global,tddr+wavelet,HbR,4,20,-0.24,0.06251481577786314,0.06251481577786314,0.0006389578484140745,0.07202882339420613,0.08225186624798828,-0.15137474966413644,-0.27823141230531867
poly:2,180.0,short_avg,wavelet,HbR,4,20,-0.24,0.012843350169723822,0.028114273103120993,0.0028982373050908646,0.07204099815067522,0.07949430496953709,0.6014510673031979,-0.31898343525027106
dct:0.01,180.0,global,tddr+wavelet,HbR,4,20,-0.24,0.06173429258958022,0.06173429258958022,0.00069275686080891,0.07231237546533192,0.0825894210799721,-0.08930588596696895,-0.2729584643272377
poly:1,180.0,short_maxcorr,wavelet,HbR,4,20,-0.24,0.028587548086819826,0.030399715501179335,0.0035508180314467595,0.07233126255020399,0.07722534563343414,0.3144385290940667,-0.29337909520403627
legendre:1,180.0,short_maxcorr,wavelet,HbR,4,20,-0.24,0.028587548086819223,0.030399715501178662,0.003550818031446905,0.07233126255020501,0.07722534563343446,0.3144385290940655,-0.2933790952040358
dct:0.01,180.0,baseline,tddr+wavelet,HbR,4,20,-0.24,0.0668526353513781,0.0668526353513781,0.0004758098820147686,0.07236722245346898,0.08667731932704714,0.1980246431631175,-0.21442286274100567
dct:0.01,180.0,motion,tddr+wavelet,HbR,4,20,-0.24,0.06667120226943146,0.06667120226943146,0.0005239990701912947,0.07261329856685579,0.08580640137109663,0.09521478756419696,-0.21178958984110408
bspline:5,180.0,global,tddr+wavelet,HbR,4,20,-0.24,0.06390577329032335,0.06390577329032335,0.0006478052146340014,0.0726253715566591,0.08301259635106154,-0.1452835675373061,-0.2804191605321925
poly:3,180.0,short_avg,tddr+wavelet,HbR,4,20,-0.24,0.06367961773239367,0.06367961773239367,0.0005947060840413351,0.07269245285494405,0.08082559301276562,0.20813368550146194,-0.25203830991626247
legendre:3,180.0,short_avg,tddr+wavelet,HbR,4,20,-0.24,0.06367961773239336,0.06367961773239336,0.0005947060840413518,0.0726924528549451,0.0808255930127663,0.2081336855014045,-0.25203830991626613
legendre:3,180.0,global,tddr+wavelet,HbR,4,20,-0.24,0.06261397119099539,0.06261397119099539,0.0007376774805659939,0.07291173982647378,0.08250182399497048,-0.12227399761916331,-0.27281979240351406
poly:3,180.0,global,tddr+wavelet,HbR,4,20,-0.24,0.06261397119099532,0.06261397119099532,0.0007376774805659891,0.07291173982647425,0.08250182399497046,-0.12227399761553721,-0.2728197924035156
poly:2,180.0,short_avg,tddr+wavelet,HbR,4,20,-0.24,0.0654420732270613,0.0654420732270613,0.0006046591492637114,0.07293632545163511,0.08261105562844476,0.16557223499158008,-0.26801680870096944
legendre:1,180.0,short_avg,tddr+wavelet,HbR,4,20,-0.24,0.0674592301498727,0.0674592301498727,0.0007518039220047367,0.07301695315263138,0.08296957043247709,-0.16217531217515685,-0.2758946444926951
poly:1,180.0,short_avg,tddr+wavelet,HbR,4,20,-0.24,0.06745923014987276,0.06745923014987276,0.0007518039220047282,0.07301695315263146,0.08296957043247717,-0.16217531217514722,-0.27589464449269613
legendre:3,180.0,short_maxcorr,tddr+wavelet,HbR,4,20,-0.24,0.06793351790412588,0.06793351790412588,0.0003419297618887548,0.07363493417695391,0.08527971623283145,0.4151239342772143,-0.30132499570317905
poly:3,180.0,short_maxcorr,tddr+wavelet,HbR,4,20,-0.24,0.0679335179041257,0.0679335179041257,0.00034192976188875514,0.07363493417695452,0.08527971623283162,0.4151239342588497,-0.30132499570317817
none,180.0,baseline,wavelet,HbR,4,20,-0.24,0.03351268057548536,0.03351268057548536,0.003971228946723081,0.07397278282466774,0.08343030984377388,0.2115225543938444,-0.24047339251288405
dct:0.005,180.0,baseline,wavelet,HbR,4,20,-0.24,0.03351268057470104,0.03351268057470104,0.003971228946731939,0.07397278282477177,0.08343030984557934,0.2115225544103154,-0.24047339233528306
dct:0.01,180.0,short_maxcorr,tddr+wavelet,HbR,4,20,-0.24,0.06578145442323932,0.06578145442323932,0.00040570642183741123,0.07413457631425163,0.08599674967382488,0.4126103088016899,-0.2914102495076544
poly:2,180.0,global,tddr+wavelet,HbR,4,20,-0.24,0.06387639174409962,0.06387639174409962,0.0007625168236026832,0.07426704054611662,0.08463648799079285,-0.10149699913888756,-0.2701172793730551
butter:0.01,180.0,short_avg,wavelet,HbR,4,20,-0.24,0.0058608443912396835,0.031035486945609633,0.0027476775336209474,0.07454997794853538,0.08416638286188159,0.6342498629476191,-0.3291968570230345
bspline:8,180.0,global,tddr+wavelet,HbR,4,20,-0.24,0.0680680294724729,0.0680680294724729,0.0006451999197224128,0.07455598623059376,0.08435021837409926,-0.1691952876355625,-0.2562360773207887
poly:4,180.0,short_maxcorr,tddr+wavelet,HbR,4,20,-0.24,0.06768924287010981,0.06768924287010981,0.0003426728308972183,0.07469579274803563,0.0850723025554915,0.3683521024921306,-0.2880760848763668
dct:0.02,180.0,global,wavelet,HbR,4,20,-0.24,0.02241998197068531,0.02241998197068531,0.003263950907820439,0.07483336953815276,0.07185030307519133,0.0842467195519662,-0.29601027450008033
poly:4,180.0,short_avg,tddr+wavelet,HbR,4,20,-0.24,0.06281930277398708,0.06281930277398708,0.0005917668904924852,0.07505776299527353,0.08119470739746872,0.2805825952225123,-0.2528436974667055
poly:5,180.0,global,tddr+wavelet,HbR,4,20,-0.24,0.06323780514328166,0.06323780514328166,0.000644809308742776,0.07506218766044384,0.08399765492070137,-0.14774240405206251,-0.2717138083171492
legendre:5,180.0,global,tddr+wavelet,HbR,4,20,-0.24,0.06323780514329985,0.06323780514329985,0.0006448093087428166,0.07506218766044451,0.08399765492074998,-0.14774240404804695,-0.2717138083172411
legendre:5,180.0,short_maxcorr,tddr+wavelet,HbR,4,20,-0.24,0.06980452813109037,0.06980452813109037,0.00037852221375907116,0.07516955425326807,0.086212190924186,0.394632981645652,-0.28988690727508976
poly:5,180.0,short_maxcorr,tddr+wavelet,HbR,4,20,-0.24,0.06980452813107293,0.06980452813107293,0.00037852221375929635,0.07516955425327032,0.08621219092417007,0.3946329816442296,-0.28988690727509125
legendre:3,180.0,baseline,tddr+wavelet,HbR,4,20,-0.24,0.06823467670512726,0.06823467670512726,0.00043089823602562936,0.07522701850644521,0.08532565092734107,0.16647897279122653,-0.2167728620361876
poly:3,180.0,baseline,tddr+wavelet,HbR,4,20,-0.24,0.06823467670512778,0.06823467670512778,0.00043089823602561884,0.07522701850644554,0.08532565092734071,0.1664789727915321,-0.21677286203618612
dct:0.02,180.0,short_avg,tddr+wavelet,HbR,4,20,-0.24,0.06185371690639725,0.06185371690639725,0.0006008867611944828,0.07524279928018486,0.08085709265337628,0.203267484277508,-0.25058233465296637
bspline:5,180.0,short_maxcorr,tddr+wavelet,HbR,4,20,-0.24,0.06852473805608572,0.06852473805608572,0.00034151137917204545,0.07525635947542048,0.08545066482610776,0.34150000155501603,-0.28529189549239065
bspline:5,180.0,short_avg,tddr+wavelet,HbR,4,20,-0.24,0.06356351184811074,0.06356351184811074,0.0006021589751165683,0.07548249944947336,0.08147668792211916,0.24458863736874356,-0.25030347787912377
butter:0.01,180.0,global,tddr+wavelet,HbR,4,20,-0.24,0.0646467420680942,0.0646467420680942,0.0007048658724041132,0.07560101411352227,0.08456880045172427,-0.0036308907653984164,-0.2613130528703316
poly:4,180.0,motion,tddr+wavelet,HbR,4,20,-0.24,0.06734830514827225,0.06734830514827225,0.0004526562241869431,0.07563655610702946,0.08317613773912634,0.11143302863824305,-0.2191946535949001
bspline:8,180.0,short_maxcorr,tddr+wavelet,HbR,4,20,-0.24,0.07061454426835864,0.07061454426835864,0.0002853266881643144,0.07584901381085926,0.08406589402481954,0.2114788417995391,-0.2862018711268194
dct:0.005,180.0,short_avg,wavelet,HbR,4,20,-0.24,0.016196951830310197,0.026025872777848333,0.0025626161598549806,0.07587916398155986,0.08200895682244316,0.5785389827361095,-0.32109020859386833
none,180.0,short_avg,wavelet,HbR,4,20,-0.24,0.01619695183055797,0.026025872779315368,0.0025626161597352374,0.07587916398159095,0.08200895682216161,0.5785389827385861,-0.3210902085937825
poly:4,180.0,baseline,tddr+wavelet,HbR,4,20,-0.24,0.06721529222675107,0.06721529222675107,0.00042181868630067793,0.0759617281183506,0.08443430724987533,0.17469287836147118,-0.21897308820868697
dct:0.02,180.0,motion,tddr+wavelet,HbR,4,20,-0.24,0.0698312560432003,0.0698312560432003,0.0003928662434793305,0.07597637727129812,0.08352093822294862,0.05110667917886494,-0.21212699020201942
dct:0.02,180.0,global,tddr+wavelet,HbR,4,20,-0.24,0.0643977132254332,0.0643977132254332,0.0004812817649951075,0.07605013423484075,0.08345381093216944,-0.13331548170455298,-0.26446778179584407
poly:4,180.0,global,wavelet,HbR,4,20,-0.24,0.020913426113370423,0.02107949632851973,0.0037700594475453867,0.07606793888736092,0.07377138178245066,0.07026169376570093,-0.30464787853266884
bspline:5,180.0,motion,tddr+wavelet,HbR,4,20,-0.24,0.06807684047505264,0.06807684047505264,0.0004550827933635001,0.07612286262978704,0.08367890266687009,0.09340208596614615,-0.2173120940290782
legendre:3,180.0,motion,tddr+wavelet,HbR,4,20,-0.24,0.06847515237764523,0.06847515237764523,0.00046161528346050915,0.07619354362689873,0.08343590172809434,0.10594486066985125,-0.21721329761835834
poly:3,180.0,motion,tddr+wavelet,HbR,4,20,-0.24,0.0684751523776459,0.0684751523776459,0.0004616152834606475,0.07619354362690473,0.08343590172812468,0.10594486067188286,-0.21721329761835678
poly:2,180.0,short_maxcorr,wavelet,HbR,4,20,-0.24,0.027015889189300674,0.029125056177397135,0.003112477408135587,0.07653766168217899,0.07837621185760242,0.46601650903181224,-0.29160707847902034
bspline:8,180.0,short_avg,tddr+wavelet,HbR,4,20,-0.24,0.06588609912892424,0.06588609912892424,0.000514671862827388,0.0765757921834766,0.08165427635105219,0.16791365929357568,-0.2532775058089269
none,180.0,short_avg,tddr+wavelet,HbR,4,20,-0.24,0.06786125009185906,0.06786125009185906,0.0006954681934729798,0.07669099964520434,0.08626135501697381,0.09011223772248511,-0.269028524559588
dct:0.005,180.0,short_avg,tddr+wavelet,HbR,4,20,-0.24,0.06786125009216334,0.06786125009216334,0.0006954681934159363,0.07669099964594986,0.08626135501718984,0.09011223771602137,-0.2690285245595384
poly:5,180.0,baseline,tddr+wavelet,HbR,4,20,-0.24,0.06926554777432317,0.06926554777432317,0.0005179602059250958,0.07684584233691827,0.08432548156832959,0.24208705962018215,-0.21924154419907704
legendre:5,180.0,baseline,tddr+wavelet,HbR,4,20,-0.24,0.06926554777433885,0.06926554777433885,0.0005179602059256487,0.07684584233691885,0.08432548156832322,0.24208705961986166,-0.21924154419910286
legendre:5,180.0,motion,tddr+wavelet,HbR,4,20,-0.24,0.0669603073846502,0.0669603073846502,0.0005335829830104346,0.07691149479478165,0.08305281870872586,0.1864838679830888,-0.2145286161389491
poly:5,180.0,motion,tddr+wavelet,HbR,4,20,-0.24,0.06696030738455036,0.06696030738455036,0.000533582983011944,0.07691149479488707,0.08305281870873414,0.1864838679879435,-0.2145286161391175
bspline:5,180.0,global,wavelet,HbR,4,20,-0.24,0.02196234129338097,0.02196234129338097,0.0037382700348111307,0.07695711055337592,0.07429747934402058,0.06924498375284288,-0.3041580413336432
bspline:5,180.0,baseline,tddr+wavelet,HbR,4,20,-0.24,0.06822336796075236,0.06822336796075236,0.00042334186876227527,0.07702324077711374,0.08522892655239028,0.14732960967793568,-0.21760481395464362
dct:0.02,180.0,baseline,tddr+wavelet,HbR,4,20,-0.24,0.06958549899315669,0.06958549899315669,0.00037305802398842047,0.0770237203000064,0.08467604055375107,0.160397018428029,-0.2132023828687432
dct:0.005,180.0,short_maxcorr,tddr+wavelet,HbR,4,20,-0.24,0.0711550215113027,0.0711550215113027,0.000586360481508431,0.07706468760258905,0.09114030234873768,0.09195268773000502,-0.26909072402903106
none,180.0,short_maxcorr,tddr+wavelet,HbR,4,20,-0.24,0.07115502152187797,0.07115502152187797,0.0005863604815048368,0.07706468760260565,0.09114030234997914,0.09195268770467029,-0.2690907240290834
poly:2,180.0,short_maxcorr,tddr+wavelet,HbR,4,20,-0.24,0.06803139089087903,0.06803139089087903,0.00043385093102847475,0.07712992519535658,0.08834295297697888,0.40782440173210643,-0.27221500988031117
dct:0.02,180.0,short_maxcorr,tddr+wavelet,HbR,4,20,-0.24,0.06908297906376176,0.06908297906376176,0.0003653672737075241,0.077295140407896,0.08398160663133444,0.2802318389322857,-0.29037973739965584
bspline:8,180.0,global,wavelet,HbR,4,20,-0.24,0.021415349438983246,0.021415349438983246,0.004422712870190842,0.07743524927849944,0.07224627684259431,0.011231417194108239,-0.29905035253113077
poly:5,180.0,short_avg,tddr+wavelet,HbR,4,20,-0.24,0.0647284973479293,0.0647284973479293,0.0006043186858740546,0.0774421535401648,0.08237060010855055,0.21336917174197859,-0.2452984563677605
legendre:5,180.0,short_avg,tddr+wavelet,HbR,4,20,-0.24,0.06472849734793462,0.06472849734793462,0.0006043186858737165,0.0774421535401714,0.08237060010857034,0.21336917174334516,-0.24529845636776573
legendre:5,180.0,global,wavelet,HbR,4,20,-0.24,0.023848835506382476,0.023848835506382476,0.004537101884969639,0.07754584189149241,0.07466800774919696,0.11160719179284002,-0.2988747363652984
poly:5,180.0,global,wavelet,HbR,4,20,-0.24,0.02384883550636871,0.02384883550636871,0.004537101884968781,0.07754584189149419,0.07466800774919659,0.11160719179434204,-0.29887473636533624
poly:2,180.0,motion,tddr+wavelet,HbR,4,20,-0.24,0.07039700021301294,0.07039700021301294,0.0005142654075460251,0.07777210968199694,0.08816404129828102,0.10795593945404502,-0.20944741754849627
poly:1,180.0,short_maxcorr,tddr+wavelet,HbR,4,20,-0.24,0.0707818600821305,0.0707818600821305,0.0004645760621048972,0.07833722271116966,0.0892549888269718,0.08238998545067264,-0.27028243420027276
legendre:1,180.0,short_maxcorr,tddr+wavelet,HbR,4,20,-0.24,0.07078186008212997,0.07078186008212997,0.00046457606210495276,0.0783372227111698,0.08925498882697178,0.08238998545065657,-0.2702824342002721
bspline:8,180.0,baseline,tddr+wavelet,HbR,4,20,-0.24,0.07142802397780104,0.07142802397780104,0.00034748394785382483,0.07837015144255288,0.08495119780724816,0.09755551425513205,-0.2160734802461703
poly:2,180.0,baseline,tddr+wavelet,HbR,4,20,-0.24,0.07343255806831278,0.07343255806831278,0.0004660203578797742,0.07869188419586792,0.0895851550672806,0.18295597278981587,-0.21541468538824962
butter:0.01,180.0,short_maxcorr,tddr+wavelet,HbR,4,20,-0.24,0.07342053885698364,0.07342053885698364,0.00038891249081030065,0.07881959590976872,0.08794972907483875,0.42823279121535684,-0.24142897279325004
bspline:8,180.0,motion,tddr+wavelet,HbR,4,20,-0.24,0.07201111763957325,0.07201111763957325,0.0003574026390006295,0.07887020698251407,0.08362222499757939,0.024181090796917735,-0.21479882316964732
butter:0.01,180.0,global,wavelet,HbR,4,20,-0.24,0.02286997382177284,0.02286997382177284,0.004060143267990282,0.07954881341550893,0.07772018487761041,0.24901571271081954,-0.314887481278857
none,180.0,global,wavelet,HbR,4,20,-0.24,0.027248058504062908,0.027248058504062908,0.004807420608272505,0.07994904597931698,0.08052473473408593,0.12779145231524325,-0.30399725611339434
dct:0.005,180.0,global,wavelet,HbR,4,20,-0.24,0.027248058505529957,0.027248058505529957,0.0048074206082701475,0.07994904597938693,0.08052473473406056,0.1277914523115776,-0.30399725611354067
legendre:1,180.0,global,wavelet,HbR,4,20,-0.24,0.02539004919906003,0.02539004919906003,0.004329182666185408,0.08010266617288958,0.07825996763127811,0.10284217249572335,-0.31658307905346444
poly:1,180.0,global,wavelet,HbR,4,20,-0.24,0.025390049199060113,0.025390049199060113,0.004329182666184991,0.08010266617288991,0.07825996763127853,0.10284217249573926,-0.3165830790534644
dct:0.01,180.0,global,wavelet,HbR,4,20,-0.24,0.020064956757609435,0.02140650455609023,0.004016297055758235,0.08011840706360343,0.07564167183786143,0.06616509357047712,-0.3156009987464976
dct:0.005,180.0,motion,wavelet,HbR,4,20,-0.24,0.03262495501305719,0.033241657685578394,0.003974496936232556,0.08018729775639519,0.08174138325263078,0.1392846135338392,-0.24168284152517144
none,180.0,motion,wavelet,HbR,4,20,-0.24,0.03262495501305723,0.03324165768557849,0.003974496936232539,0.08018729775639521,0.08174138325263089,0.13928461353386395,-0.24168284152517436
legendre:3,180.0,global,wavelet,HbR,4,20,-0.24,0.021216541177538982,0.021216541177538982,0.0039540746966524945,0.08030504051020651,0.07646557754666536,0.11129575345961905,-0.30765516146650196
poly:3,180.0,global,wavelet,HbR,4,20,-0.24,0.02121654117753953,0.02121654117753953,0.003954074696652673,0.08030504051020737,0.07646557754666512,0.11129575346046043,-0.3076551614664991
legendre:1,180.0,global,tddr+wavelet,HbR,4,20,-0.24,0.06945652404062537,0.06945652404062537,0.0007834632784680575,0.08065931321818229,0.08637124619281755,0.013907787905423992,-0.29733081295590236
poly:1,180.0,global,tddr+wavelet,HbR,4,20,-0.24,0.06945652404062713,0.06945652404062713,0.000783463278468063,0.08065931321818315,0.08637124619281765,0.013907787905416491,-0.29733081295589947
poly:2,180.0,global,wavelet,HbR,4,20,-0.24,0.020770900263625304,0.020770900263625304,0.004064827990688132,0.08106282911715554,0.07651597181490304,0.06508510865657471,-0.31179780240524546
dct:0.005,180.0,global,tddr+wavelet,HbR,4,20,-0.24,0.07495779546248352,0.07495779546248352,0.0008508873087785811,0.08240317847875211,0.08988812556469612,0.09093781771955649,-0.2828008251077193
none,180.0,global,tddr+wavelet,HbR,4,20,-0.24,0.0749577954626153,0.0749577954626153,0.0008508873089430144,0.0824031784787708,0.08988812557037733,0.09093781765077752,-0.28280082490328196
dct:0.005,180.0,short_maxcorr,wavelet,HbR,4,20,-0.24,0.024403715323895694,0.027870482388572343,0.00412938163281139,0.08322293734948573,0.07961303703583866,0.336152421706258,-0.293536278913049
none,180.0,short_maxcorr,wavelet,HbR,4,20,-0.24,0.024403715324312056,0.027870482389170732,0.004129381632876541,0.0832229373496629,0.07961303703552423,0.3361524217233112,-0.2935362789137498
butter:0.01,180.0,motion,tddr+wavelet,HbR,4,20,-0.24,0.07828723537001667,0.07828723537001667,0.0005087938978669558,0.08431452381580037,0.09018589434349082,0.14887800992754108,-0.203614046727556
butter:0.01,180.0,baseline,tddr+wavelet,HbR,4,20,-0.24,0.0822601876730088,0.0822601876730088,0.0004658978959141347,0.08460122141250782,0.09294100506300218,0.21735052150182468,-0.20309380088760412
dct:0.005,180.0,baseline,tddr+wavelet,HbR,4,20,-0.24,0.07860773334869622,0.07860773334869622,0.0008210312576293522,0.08593557596537685,0.09941531158171077,0.024766295190426803,-0.19344363837033116
none,180.0,baseline,tddr+wavelet,HbR,4,20,-0.24,0.07860773334858483,0.07860773334858483,0.0008210312574968683,0.08593557596537724,0.0994153115859309,0.02476629492356098,-0.19344363837140605
dct:0.005,180.0,motion,tddr+wavelet,HbR,4,20,-0.24,0.08273151420998448,0.08273151420998448,0.0006499883331155011,0.08663400269087239,0.09908187516072903,-0.11718355098284333,-0.1924042097338957
none,180.0,motion,tddr+wavelet,HbR,4,20,-0.24,0.0827315142099846,0.0827315142099846,0.0006499883331155193,0.08663400269087267,0.09908187516076819,-0.11718355097987812,-0.19240420973389533
poly:1,180.0,baseline,tddr+wavelet,HbR,4,20,-0.24,0.08209968802873432,0.08209968802873432,0.0007601745684136108,0.08695287821944317,0.09628083263286037,0.04770835247234835,-0.2055305076849368
legendre:1,180.0,baseline,tddr+wavelet,HbR,4,20,-0.24,0.08209968802873427,0.08209968802873427,0.000760174568413589,0.0869528782194433,0.09628083263286039,0.04770835247235844,-0.2055305076849368
legendre:1,180.0,motion,tddr+wavelet,HbR,4,20,-0.24,0.08171056219484646,0.08171056219484646,0.0007422403808942233,0.08734155748892683,0.09527007564296516,-0.08980512969860362,-0.2030814627770163
poly:1,180.0,motion,tddr+wavelet,HbR,4,20,-0.24,0.08171056219484663,0.08171056219484663,0.0007422403808942434,0.08734155748892733,0.09527007564296516,-0.08980512969863033,-0.2030814627770129
dct:0.02,368.0,short_maxcorr,wavelet,HbR,4,20,-0.24,0.0035772896586199754,0.008697281333480078,0.00030329165428079325,0.022477903328947123,0.0345993364744599,0.10010415930333688,-0.352601112245152
dct:0.02,368.0,baseline,wavelet,HbR,4,20,-0.24,0.008065058648721153,0.01625928259816803,0.0005760846271261364,0.024944484590292776,0.0382886253831676,0.18429006622175725,-0.3523511600439314
butter:0.01,368.0,baseline,wavelet,HbR,4,20,-0.24,0.009572218140285568,0.012302862010727098,0.0007207924811220656,0.029318555452924625,0.037725715652746176,0.06572937598096813,-0.34512718935083453
dct:0.01,368.0,short_avg,wavelet,HbR,4,20,-0.24,0.005655207889255526,0.012693188995532408,0.0006360938660509745,0.030068144333510474,0.033311240609256186,-0.388874579288209,-0.32161460284983023
dct:0.005,368.0,short_avg,wavelet,HbR,4,20,-0.24,0.005057338606243245,0.012288726557136087,0.000657854855645159,0.03021807250458135,0.0331338317833908,-0.38862619365515905,-0.31087104550501665
dct:0.01,368.0,baseline,wavelet,HbR,4,20,-0.24,0.008686791324362952,0.017594185369378054,0.0008427307929713101,0.030429788776927414,0.04018832863244634,0.07491159618866747,-0.35182300723624316
poly:4,368.0,short_avg,wavelet,HbR,4,20,-0.24,0.005615801368275844,0.012636789358255802,0.0006573021278060386,0.03045921163380709,0.03350986718612994,-0.3782533178213233,-0.3102714198974382
bspline:5,368.0,short_avg,wavelet,HbR,4,20,-0.24,0.0052708503281113095,0.012647286593910623,0.0006624933628667667,0.03047338834611956,0.03348484641201586,-0.37880300025241803,-0.30989794651186503
poly:3,368.0,short_avg,wavelet,HbR,4,20,-0.24,0.00538337712691464,0.012060913951543586,0.0006617658901107046,0.03050071899920475,0.03301682530111742,-0.3929495242230943,-0.31218147234647753
legendre:3,368.0,short_avg,wavelet,HbR,4,20,-0.24,0.00538337712691471,0.012060913951543656,0.0006617658901107101,0.030500718999204826,0.033016825301117256,-0.3929495242231177,-0.31218147234647653
dct:0.005,368.0,baseline,wavelet,HbR,4,20,-0.24,0.009087363415800645,0.012850442217365546,0.000848077272951692,0.030744821369194077,0.03856052481741107,0.07404712767335707,-0.3547156095392604
bspline:8,368.0,baseline,wavelet,HbR,4,20,-0.24,0.008896951988061605,0.0185147592827698,0.0008389570992630588,0.030817294712153213,0.04005243663662263,0.07641264227329193,-0.3438840527567001
legendre:3,368.0,baseline,wavelet,HbR,4,20,-0.24,0.009361833270296036,0.012496630806182601,0.0008463008338035393,0.030858548395798442,0.03811922670885383,0.054209231545181584,-0.34958861111603645
poly:3,368.0,baseline,wavelet,HbR,4,20,-0.24,0.009361833270295286,0.01249663080618331,0.0008463008338035489,0.030858548395799077,0.03811922670885563,0.05420923154514823,-0.34958861111603645
butter:0.01,368.0,motion,wavelet,HbR,4,20,-0.24,0.011068207913645899,0.01269171646107424,0.0008171971151703765,0.031013581651537864,0.03730586077535471,0.01570970347670345,-0.3454378362211993
poly:2,368.0,short_avg,wavelet,HbR,4,20,-0.24,0.004429773089440592,0.011144732199656449,0.0007152896999813828,0.031132514700751956,0.033209417504050265,-0.4021068053520334,-0.3150065784439111
poly:4,368.0,baseline,wavelet,HbR,4,20,-0.24,0.009408370664625021,0.018813203281681457,0.0008493135211906737,0.031220368689603664,0.0407283268315942,0.0894440209944433,-0.3460236808171755
bspline:5,368.0,baseline,wavelet,HbR,4,20,-0.24,0.009458096540932479,0.018791715515387414,0.0008502250641724495,0.0312705259580247,0.0407593461359731,0.09369285684821604,-0.34561990504790047
dct:0.02,368.0,short_avg,wavelet,HbR,4,20,-0.24,0.0068522615449163465,0.012382449755761714,0.0006371115830610381,0.03132608195586775,0.03205704925956862,-0.33772073742840547,-0.294965281526316
legendre:1,368.0,short_avg,wavelet,HbR,4,20,-0.24,0.005280646799990907,0.011280283862624613,0.0007211659447070105,0.0313422907364367,0.03335247279371804,-0.4167671571324067,-0.32136912364285536
poly:1,368.0,short_avg,wavelet,HbR,4,20,-0.24,0.005280646799991684,0.011280283862624516,0.000721165944707012,0.03134229073643773,0.03335247279371822,-0.4167671571324023,-0.32136912364285325
poly:2,368.0,baseline,wavelet,HbR,4,20,-0.24,0.009313498857736191,0.013090516611623929,0.0008541561902313706,0.031451030613930245,0.03849369528117416,0.07183282397541889,-0.34968054314831876
dct:0.01,368.0,short_maxcorr,wavelet,HbR,4,20,-0.24,0.006140499877754627,0.011902320081719028,0.000727753362431516,0.03155810443933536,0.03727859395701227,-0.00393180257736958,-0.3497399478472297
poly:5,368.0,baseline,wavelet,HbR,4,20,-0.24,0.008928125955469615,0.019608735954286888,0.000857475992210265,0.031607258302452826,0.040829951635049204,0.08749620267655749,-0.344451206195413
legendre:5,368.0,baseline,wavelet,HbR,4,20,-0.24,0.008928125955469476,0.019608735954289983,0.0008574759922107773,0.03160725830245418,0.04082995163504725,0.08749620267603998,-0.34445120619540776
dct:0.02,368.0,motion,wavelet,HbR,4,20,-0.24,0.007695034788379171,0.017317127596173418,0.0007419588147741791,0.031716911201050815,0.038809674755891976,0.12181763137452167,-0.3499337176897671
butter:0.01,368.0,short_maxcorr,wavelet,HbR,4,20,-0.24,0.007556045511013507,0.011628903455614598,0.0007956774465466281,0.032069255464142916,0.03669602275819662,0.022005498062526024,-0.3704940066972048
bspline:8,368.0,short_maxcorr,wavelet,HbR,4,20,-0.24,0.007333186371120584,0.013630042786723827,0.0007934202504658947,0.03224483453223235,0.03705459816914683,-0.018808975188231932,-0.34842588822939413
butter:0.01,368.0,short_avg,wavelet,HbR,4,20,-0.24,0.006985237139547934,0.011575631850669614,0.0007695703354359289,0.032285871894777024,0.03269792015957052,-0.42160041547480753,-0.3104052768279887
poly:1,368.0,baseline,wavelet,HbR,4,20,-0.24,0.008445421245525608,0.01675329780489039,0.0009068795588679325,0.03243070795717274,0.04102423054482449,0.08472720276696424,-0.3544062863411922
legendre:1,368.0,baseline,wavelet,HbR,4,20,-0.24,0.008445421245525733,0.016753297804890627,0.000906879558867941,0.03243070795717279,0.04102423054482434,0.08472720276695052,-0.3544062863411931
legendre:3,368.0,short_maxcorr,wavelet,HbR,4,20,-0.24,0.00735466184716034,0.00991169315530016,0.0007940146613450198,0.032733190878665795,0.0364038519234129,-0.06388780658535585,-0.35529463812817336
poly:3,368.0,short_maxcorr,wavelet,HbR,4,20,-0.24,0.0073546618471617975,0.009911693155300605,0.0007940146613450159,0.03273319087866591,0.03640385192341316,-0.06388780658535018,-0.3552946381281734
dct:0.005,368.0,short_maxcorr,wavelet,HbR,4,20,-0.24,0.006034138181271451,0.011614796335803979,0.0008020641542605189,0.03295045263654968,0.03684083413972965,-0.042175742192686834,-0.35364368189931467
poly:2,368.0,short_maxcorr,wavelet,HbR,4,20,-0.24,0.007210428821330869,0.010249519900821513,0.0008588452341704011,0.033007647943044116,0.03711410104991083,-0.054147164152353086,-0.3560317519758323
poly:4,368.0,short_maxcorr,wavelet,HbR,4,20,-0.24,0.00856090301242856,0.01354457232087379,0.0008367104096565861,0.03313983292528444,0.03876283189570266,0.04301722507450443,-0.3517215969637356
bspline:5,368.0,short_maxcorr,wavelet,HbR,4,20,-0.24,0.008589403343497157,0.013861400734025697,0.0008322285233157358,0.033211180350866905,0.03875368231526545,0.03738104786022127,-0.3518862283706524
poly:5,368.0,short_maxcorr,wavelet,HbR,4,20,-0.24,0.008062010650053034,0.014064561743485207,0.000858390876273016,0.03332016975670116,0.03949515591709864,0.03542558910950258,-0.3525483758858323
legendre:5,368.0,short_maxcorr,wavelet,HbR,4,20,-0.24,0.008062010650060694,0.01406456174347484,0.0008583908762724385,0.03332016975670357,0.03949515591710341,0.03542558910954314,-0.35254837588582727
dct:0.02,368.0,global,wavelet,HbR,4,20,-0.24,0.014308387504351996,0.015495494594579065,0.000778090069477597,0.03366187676011165,0.03547795642906237,-0.6512799174187349,-0.32042296730537717
dct:0.005,368.0,motion,wavelet,HbR,4,20,-0.24,0.010203288659733134,0.01287131780474328,0.0008291441108750305,0.033836193879590595,0.037812823545267715,0.0036988779200377727,-0.3605901334901299
bspline:8,368.0,motion,wavelet,HbR,4,20,-0.24,0.008869321241819245,0.017861054329347342,0.000778469624981555,0.03384717465252821,0.03936614513221062,0.025804519823789156,-0.34891731531778236
dct:0.01,368.0,motion,wavelet,HbR,4,20,-0.24,0.008876559489585906,0.01697023054115661,0.0007878338783895379,0.033941644423498986,0.039819112984984535,0.03822166533211796,-0.35462516047967185
legendre:3,368.0,motion,wavelet,HbR,4,20,-0.24,0.01082313337303463,0.012161550379698627,0.0008170828520834419,0.03398658231826572,0.03772660851619903,0.02689507065296896,-0.35446155093566234
poly:3,368.0,motion,wavelet,HbR,4,20,-0.24,0.01082313337303429,0.012161550379695588,0.0008170828520833181,0.03398658231826595,0.03772660851619713,0.026895070652945798,-0.3544615509356604
legendre:1,368.0,motion,wavelet,HbR,4,20,-0.24,0.007935793548208461,0.01589392930801789,0.0008567749964342707,0.034223096357561086,0.04035965903453187,0.030001958010711833,-0.35889643176591124
poly:1,368.0,motion,wavelet,HbR,4,20,-0.24,0.007935793548209127,0.01589392930801764,0.000856774996434203,0.034223096357561635,0.04035965903453158,0.030001958010707687,-0.35889643176591046
poly:2,368.0,motion,wavelet,HbR,4,20,-0.24,0.010775315458953674,0.012882832012140528,0.000844071757829881,0.03428815270293767,0.03810160795553248,0.03324907277789361,-0.35444223473286096
poly:4,368.0,motion,wavelet,HbR,4,20,-0.24,0.009926244025873027,0.018241996305450314,0.0008160781854787564,0.034363736048527854,0.0400529138626627,0.051313772963145585,-0.3523315480981145
bspline:5,368.0,motion,wavelet,HbR,4,20,-0.24,0.009960555984061023,0.01824560506686851,0.0008102585120802444,0.03436998113454633,0.04006806141026502,0.054134818912589214,-0.3519876650150777
poly:2,368.0,global,wavelet,HbR,4,20,-0.24,0.01521635447953533,0.01521635447953533,0.0008945042931305049,0.03441615407552051,0.03719632025066669,-0.6399940557295601,-0.3434891924429287
legendre:5,368.0,motion,wavelet,HbR,4,20,-0.24,0.008959431318747768,0.019035364684922285,0.0008083559617803986,0.03450371363138517,0.040354756851498794,0.05155032750119468,-0.3502583084845286
poly:5,368.0,motion,wavelet,HbR,4,20,-0.24,0.008959431318687233,0.019035364684984804,0.000808355961781438,0.03450371363147697,0.040354756851541065,0.05155032750297394,-0.35025830848456985
butter:0.01,368.0,global,wavelet,HbR,4,20,-0.24,0.01524654260619418,0.01524654260619418,0.0007977104010545237,0.03452805243678135,0.03754331334848394,-0.6246170063120401,-0.3546479135749174
none,368.0,short_avg,wavelet,HbR,4,20,-0.24,0.005941238229766152,0.010669065264075059,0.000827207177432166,0.03460544241084186,0.03521723530432938,-0.36614599135484127,-0.31295097777553643
dct:0.005,368.0,global,wavelet,HbR,4,20,-0.24,0.015049217989569569,0.015049217989569569,0.000808471439061273,0.03471350123915927,0.03713747191527096,-0.6349014557327646,-0.3455337694420828
bspline:8,368.0,global,wavelet,HbR,4,20,-0.24,0.014986136199275732,0.015597793866490392,0.0008917711696524572,0.03477494612138831,0.036781124191056294,-0.6545521736777858,-0.33115409497420223
poly:1,368.0,global,wavelet,HbR,4,20,-0.24,0.015430895416213286,0.01663486291105741,0.0008121346904436141,0.03482564431900888,0.03771989851450977,-0.6003936945296394,-0.3568886615692445
legendre:1,368.0,global,wavelet,HbR,4,20,-0.24,0.015430895416213536,0.016634862911057452,0.0008121346904436109,0.034825644319009336,0.03771989851451002,-0.6003936945296258,-0.35688866156924304
bspline:8,368.0,short_avg,wavelet,HbR,4,20,-0.24,0.0050645923535788395,0.013029352514025191,0.0007830408167935445,0.0348311720254924,0.03373508143799771,-0.3898648160762349,-0.3076479791501324
bspline:5,368.0,global,wavelet,HbR,4,20,-0.24,0.015726382786473203,0.016685409152217417,0.0008156404300745161,0.035035635712755,0.03747839913555674,-0.5998181235432098,-0.33882083266256513
poly:4,368.0,global,wavelet,HbR,4,20,-0.24,0.015693228542301582,0.016621435065391633,0.0008164064846214044,0.0350719542418772,0.03741749769576806,-0.6025429559541224,-0.339162775743066
poly:5,368.0,global,wavelet,HbR,4,20,-0.24,0.014970581554710372,0.01695610460230615,0.0008140917645977587,0.035082981736868385,0.037447148676104526,-0.6164211469109223,-0.3407166941415444
legendre:5,368.0,global,wavelet,HbR,4,20,-0.24,0.014970581554716242,0.016956104602306163,0.0008140917645977201,0.035082981736874644,0.037447148676080524,-0.616421146911513,-0.3407166941415563
none,368.0,global,wavelet,HbR,4,20,-0.24,0.015397490719488885,0.016470620348651044,0.000824188742899163,0.03508558886472253,0.03910773180570733,-0.559260535171954,-0.3516027797498652
poly:5,368.0,short_avg,wavelet,HbR,4,20,-0.24,0.004830487119284688,0.012821249558200923,0.0007935270735184519,0.03515860597382931,0.03436344729812294,-0.36314260034102913,-0.31439220169837634
legendre:5,368.0,short_avg,wavelet,HbR,4,20,-0.24,0.004830487119277971,0.01282124955819506,0.0007935270735187172,0.03515860597390712,0.03436344729812056,-0.36314260034145673,-0.3143922016983735
legendre:3,368.0,global,wavelet,HbR,4,20,-0.24,0.015578813123479168,0.015578813123479168,0.0008085940733388978,0.035165231115972945,0.037005853289380414,-0.6424306772371722,-0.34227209346276255
poly:3,368.0,global,wavelet,HbR,4,20,-0.24,0.01557881312347964,0.01557881312347964,0.0008085940733389008,0.03516523111597396,0.03700585328938051,-0.6424306772371783,-0.34227209346275966
dct:0.01,368.0,global,wavelet,HbR,4,20,-0.24,0.015893602297314666,0.015893602297314666,0.0007989545119574579,0.03518587961263305,0.037113550781438506,-0.6480773705673231,-0.3399569103469596
none,368.0,baseline,wavelet,HbR,4,20,-0.24,0.010840149657788303,0.015971646292977468,0.001007882508629309,0.036587862049421285,0.042940287194972525,0.0063658455076700884,-0.34145981327677605
poly:1,368.0,short_maxcorr,wavelet,HbR,4,20,-0.24,0.004700394939430516,0.014569686761737533,0.0008987520850589237,0.03685925724764211,0.038799577368058676,0.020565212671426397,-0.3510681822922443
legendre:1,368.0,short_maxcorr,wavelet,HbR,4,20,-0.24,0.0047003949394285455,0.014569686761737685,0.0008987520850589721,0.03685925724764232,0.03879957736805874,0.020565212671421324,-0.3510681822922445
none,368.0,motion,wavelet,HbR,4,20,-0.24,0.012254827146722436,0.015465477524385693,0.0009475216585012106,0.037412100213158946,0.04161910214774793,-0.0066009507596793675,-0.34513338559532963
none,368.0,short_maxcorr,wavelet,HbR,4,20,-0.24,0.009163259406983718,0.019077929759169304,0.0010092051345730957,0.03891355703245271,0.040699802666211614,-0.013732849385965392,-0.3490276835008649
dct:0.01,368.0,short_maxcorr,tddr+wavelet,HbR,4,20,-0.24,0.04036313058507443,0.04036313058507443,0.0001267109228481842,0.04096782820615347,0.054508577404680444,-0.22051371386920313,-0.34988865471095876
dct:0.02,368.0,baseline,tddr+wavelet,HbR,4,20,-0.24,0.03916735130579706,0.03916735130579706,0.00015494154948602528,0.0411048937338329,0.05087507502278495,-0.20280993663501365,-0.3498721079495585
bspline:8,368.0,short_maxcorr,tddr+wavelet,HbR,4,20,-0.24,0.04145737239097308,0.04145737239097308,0.0001397811210062492,0.042978221635302176,0.05582240698284936,-0.17357510394300651,-0.34276830553302334
dct:0.02,368.0,short_maxcorr,tddr+wavelet,HbR,4,20,-0.24,0.04096338020354302,0.04096338020354302,0.00015125624997186095,0.043063787443056216,0.053201840778313955,-0.2531385354171695,-0.3367768691048815
legendre:5,368.0,short_maxcorr,tddr+wavelet,HbR,4,20,-0.24,0.04158490511161497,0.04158490511161497,0.0001408362551607553,0.043216772855592035,0.05645982097037951,-0.1810264724023534,-0.3432963540600589
poly:5,368.0,short_maxcorr,tddr+wavelet,HbR,4,20,-0.24,0.04158490511161618,0.04158490511161618,0.00014083625516063197,0.043216772855593166,0.056459820970379285,-0.18102647240258882,-0.34329635406009973
none,368.0,short_maxcorr,tddr+wavelet,HbR,4,20,-0.24,0.04138309527284027,0.04138309527284027,0.000191379563855593,0.043226201230581164,0.05547880077375715,-0.2550540595392662,-0.341780731151738
dct:0.005,368.0,short_maxcorr,tddr+wavelet,HbR,4,20,-0.24,0.0421971579885579,0.0421971579885579,0.00014616050554119682,0.04348888300823066,0.055974405387170245,-0.24209144106028163,-0.3429650506529691
dct:0.01,368.0,baseline,tddr+wavelet,HbR,4,20,-0.24,0.04165998131222727,0.04165998131222727,0.00012538616513315342,0.04368392026645489,0.05261759823548762,-0.21601760057881417,-0.3390574903372812
butter:0.01,368.0,short_maxcorr,tddr+wavelet,HbR,4,20,-0.24,0.04277887768165763,0.04277887768165763,0.00012093134635333619,0.043743362631285254,0.0566284858984736,-0.2627095295662719,-0.34752519540995075
poly:4,368.0,short_maxcorr,tddr+wavelet,HbR,4,20,-0.24,0.042269949231721324,0.042269949231721324,0.00014045107910934195,0.04377967286264671,0.055840149338374355,-0.23339028473254078,-0.34185197352861585
bspline:5,368.0,short_maxcorr,tddr+wavelet,HbR,4,20,-0.24,0.042325638887481185,0.042325638887481185,0.00014054019395880765,0.0440727815138866,0.05615404144326504,-0.23404775498161265,-0.34139491475573025
bspline:8,368.0,short_avg,tddr+wavelet,HbR,4,20,-0.24,0.04331248191326717,0.04331248191326717,0.00022149836931372916,0.04412804362258762,0.052101345568336246,-0.6636853211195113,-0.3417711903629833
none,368.0,short_avg,tddr+wavelet,HbR,4,20,-0.24,0.04266672387056356,0.04266672387056356,0.0002776258948908808,0.044144457213727215,0.05245511793323528,-0.6407372581342924,-0.3377124213833841
poly:2,368.0,short_maxcorr,tddr+wavelet,HbR,4,20,-0.24,0.04248847989883377,0.04248847989883377,0.0001495139021698655,0.0442012097686616,0.057421982402544314,-0.22272049690241022,-0.34235486727761366
legendre:1,368.0,short_maxcorr,tddr+wavelet,HbR,4,20,-0.24,0.04253308009768643,0.04253308009768643,0.00016861066512895522,0.04422692880796324,0.05524371252762741,-0.1936544956792702,-0.34435204005749587
poly:1,368.0,short_maxcorr,tddr+wavelet,HbR,4,20,-0.24,0.04253308009768656,0.04253308009768656,0.0001686106651289341,0.04422692880796325,0.05524371252762801,-0.1936544956792369,-0.34435204005749764
dct:0.01,368.0,short_avg,tddr+wavelet,HbR,4,20,-0.24,0.04263938551889493,0.04263938551889493,0.00019281892985679988,0.044264047453472635,0.05114445580705901,-0.6745874214223482,-0.34525378425254705
legendre:5,368.0,short_avg,tddr+wavelet,HbR,4,20,-0.24,0.04367749808068278,0.04367749808068278,0.00023366577957684633,0.044400360788497566,0.05256608753876498,-0.6592836026199553,-0.33795225843112514
poly:5,368.0,short_avg,tddr+wavelet,HbR,4,20,-0.24,0.043677498080685995,0.043677498080685995,0.0002336657795770849,0.04440036078850111,0.05256608753876681,-0.6592836026199715,-0.3379522584311131
legendre:3,368.0,short_maxcorr,tddr+wavelet,HbR,4,20,-0.24,0.0429393533830807,0.0429393533830807,0.00014270591062392823,0.04443226100948113,0.0574067048881015,-0.25605605361347866,-0.342452616913739
poly:3,368.0,short_maxcorr,tddr+wavelet,HbR,4,20,-0.24,0.0429393533830828,0.0429393533830828,0.0001427059106239331,0.04443226100948131,0.057406704888101824,-0.2560560536134689,-0.3424526169137392
dct:0.01,368.0,motion,tddr+wavelet,HbR,4,20,-0.24,0.042018344154645525,0.042018344154645525,0.00023937297481801858,0.04447569234360361,0.052632197356987945,-0.24871544929944828,-0.3395418256313164
bspline:8,368.0,baseline,tddr+wavelet,HbR,4,20,-0.24,0.04297662727667882,0.04297662727667882,0.00013824841356596175,0.04456064331180472,0.05373437386341965,-0.1967577343314976,-0.3351981003113127
dct:0.005,368.0,short_avg,tddr+wavelet,HbR,4,20,-0.24,0.04309933791020476,0.04309933791020476,0.0002842690296062764,0.044601193231108185,0.05175390151020711,-0.6551878838455303,-0.34705874815586074
poly:5,368.0,baseline,tddr+wavelet,HbR,4,20,-0.24,0.042874917857623145,0.042874917857623145,0.00014349723237667975,0.04463460888647357,0.05451152631637958,-0.1647001638121902,-0.3341497971145738
legendre:5,368.0,baseline,tddr+wavelet,HbR,4,20,-0.24,0.042874917857622374,0.042874917857622374,0.00014349723237672802,0.04463460888647422,0.05451152631637808,-0.16470016381206465,-0.33414979711458853
poly:2,368.0,short_avg,tddr+wavelet,HbR,4,20,-0.24,0.04361594341281577,0.04361594341281577,0.0002682436220614949,0.04471503256046873,0.052817163164614635,-0.6660920896139169,-0.33966946364731954
dct:0.02,368.0,motion,tddr+wavelet,HbR,4,20,-0.24,0.04189957482471753,0.04189957482471753,0.00019705543281998836,0.04484422965177983,0.05114332838984518,-0.252080822569037,-0.33465826459687764
poly:4,368.0,short_avg,tddr+wavelet,HbR,4,20,-0.24,0.043482768956545265,0.043482768956545265,0.0002487444042105773,0.04487365792622539,0.05208021329159701,-0.6624422755580034,-0.33834889948381497
bspline:5,368.0,short_avg,tddr+wavelet,HbR,4,20,-0.24,0.043565682597810136,0.043565682597810136,0.00024891723582087387,0.04492322334162459,0.05245370736788858,-0.6642624629281247,-0.33777690118857673
butter:0.01,368.0,short_avg,tddr+wavelet,HbR,4,20,-0.24,0.043010258807385834,0.043010258807385834,0.00022111775567762904,0.04500064235167768,0.0518250328763369,-0.6632668498901877,-0.3517764003618814
dct:0.005,368.0,baseline,tddr+wavelet,HbR,4,20,-0.24,0.04237861568536375,0.04237861568536375,0.00018692325297488578,0.04511628816846181,0.05461942453463505,-0.15652636064916992,-0.34026959494979775
poly:3,368.0,short_avg,tddr+wavelet,HbR,4,20,-0.24,0.04358963159286449,0.04358963159286449,0.00025572977539398085,0.045135209721301126,0.0527926982766605,-0.6735110184619241,-0.3402254930890696
legendre:3,368.0,short_avg,tddr+wavelet,HbR,4,20,-0.24,0.043589631592864914,0.043589631592864914,0.0002557297753940479,0.04513520972130214,0.05279269827666063,-0.673511018461926,-0.3402254930890665
butter:0.01,368.0,baseline,tddr+wavelet,HbR,4,20,-0.24,0.04322745374454732,0.04322745374454732,0.00012338131189833178,0.04513538395804909,0.055244736299200126,-0.22006793607610334,-0.32517029595722585
poly:4,368.0,baseline,tddr+wavelet,HbR,4,20,-0.24,0.04316643811254146,0.04316643811254146,0.00014380286338824095,0.04528527048076814,0.05426431748047217,-0.17914333285676223,-0.3326173264700477
butter:0.01,368.0,motion,tddr+wavelet,HbR,4,20,-0.24,0.04306083213997783,0.04306083213997783,0.00021531157176945037,0.045393513414464425,0.05505146575617468,-0.2689759734321958,-0.3289396023390364
dct:0.02,368.0,short_avg,tddr+wavelet,HbR,4,20,-0.24,0.04329524856010238,0.04329524856010238,0.00016641609496447564,0.04547665426420067,0.0519859937701974,-0.5892109676252657,-0.3075591122036256
bspline:5,368.0,baseline,tddr+wavelet,HbR,4,20,-0.24,0.04349628403458353,0.04349628403458353,0.00014520140583627525,0.045552275274746645,0.05478618722287541,-0.1818689091158291,-0.33089061869113195
legendre:1,368.0,short_avg,tddr+wavelet,HbR,4,20,-0.24,0.04361500775780846,0.04361500775780846,0.0002718610478174437,0.04556229674440136,0.05216173002337687,-0.643554048767439,-0.34231553308473817
poly:1,368.0,short_avg,tddr+wavelet,HbR,4,20,-0.24,0.04361500775780848,0.04361500775780848,0.0002718610478174377,0.04556229674440153,0.052161730023377165,-0.6435540487674343,-0.34231553308473744
dct:0.005,368.0,motion,tddr+wavelet,HbR,4,20,-0.24,0.04374041100911047,0.04374041100911047,0.00022945259358421853,0.046389139523717905,0.05526297501600806,-0.24342093840851403,-0.3343415041368605
poly:5,368.0,motion,tddr+wavelet,HbR,4,20,-0.24,0.044147111585079536,0.044147111585079536,0.00020920132298293028,0.04645801372560433,0.0545566675961303,-0.19825844378961682,-0.328441505650611
legendre:5,368.0,motion,tddr+wavelet,HbR,4,20,-0.24,0.04414711158515716,0.04414711158515716,0.00020920132298556782,0.04645801372570637,0.05455666759630967,-0.19825844377658325,-0.32844150565050423
bspline:8,368.0,motion,tddr+wavelet,HbR,4,20,-0.24,0.04454941836571214,0.04454941836571214,0.00018915656348407716,0.04662482421100633,0.054096352364739655,-0.24108228854448333,-0.328485865271667
none,368.0,baseline,tddr+wavelet,HbR,4,20,-0.24,0.04334075830656136,0.04334075830656136,0.0002754098369402193,0.046925507543200434,0.05529208949459931,-0.26221913283434095,-0.3343112931463767
poly:4,368.0,motion,tddr+wavelet,HbR,4,20,-0.24,0.04492188116492811,0.04492188116492811,0.0002103339346446555,0.04714260478555812,0.05438120903569406,-0.20792253098120098,-0.32759319401527315
bspline:5,368.0,motion,tddr+wavelet,HbR,4,20,-0.24,0.044963240374469554,0.044963240374469554,0.0002092552741681859,0.04724824409882611,0.05479053210700889,-0.20595732823941418,-0.32652189453741615
none,368.0,motion,tddr+wavelet,HbR,4,20,-0.24,0.044196119239520965,0.044196119239520965,0.00025489256801131425,0.04746975280624397,0.055310416711358876,-0.3082683462523816,-0.332330996201179
poly:2,368.0,motion,tddr+wavelet,HbR,4,20,-0.24,0.045556603823078766,0.045556603823078766,0.00022563752539045325,0.047735001844610145,0.057766057517501426,-0.26868142275214024,-0.32862698996349093
legendre:3,368.0,motion,tddr+wavelet,HbR,4,20,-0.24,0.04609020001418502,0.04609020001418502,0.00020538005665453053,0.04799719615225554,0.05729646158611949,-0.2745576969571458,-0.32432138145849077
poly:3,368.0,motion,tddr+wavelet,HbR,4,20,-0.24,0.046090200014186386,0.046090200014186386,0.00020538005665453964,0.04799719615225562,0.05729646158611899,-0.2745576969574819,-0.32432138145847583
poly:3,368.0,baseline,tddr+wavelet,HbR,4,20,-0.24,0.045627191193525075,0.045627191193525075,0.00015068340031766197,0.048143544881603884,0.05734940798056228,-0.2062887699771619,-0.3269873913044908
legendre:3,368.0,baseline,tddr+wavelet,HbR,4,20,-0.24,0.0456271911935247,0.0456271911935247,0.00015068340031766222,0.048143544881603925,0.05734940798056208,-0.20628876997715165,-0.3269873913044964
dct:0.01,368.0,global,tddr+wavelet,HbR,4,20,-0.24,0.04605800054175184,0.04605800054175184,0.0002015004133254451,0.04814467267923286,0.05560296641612715,-0.7814285324080109,-0.3652059318737899
poly:2,368.0,baseline,tddr+wavelet,HbR,4,20,-0.24,0.04525293423778272,0.04525293423778272,0.00019272813856101382,0.04818129929744213,0.05778948290088563,-0.20347254932086084,-0.3313871905800507
dct:0.02,368.0,global,tddr+wavelet,HbR,4,20,-0.24,0.04696462254516366,0.04696462254516366,0.00017768924500731261,0.04866213093411062,0.055163084504065374,-0.7685511712875018,-0.32358638309052723
poly:1,368.0,baseline,tddr+wavelet,HbR,4,20,-0.24,0.045968111668111544,0.045968111668111544,0.00027693337977602046,0.048826118574074484,0.05417623179330109,-0.17958320919058876,-0.34833443606822556
legendre:1,368.0,baseline,tddr+wavelet,HbR,4,20,-0.24,0.04596811166811186,0.04596811166811186,0.00027693337977602496,0.048826118574074866,0.054176231793301055,-0.17958320919058524,-0.34833443606822734
legendre:1,368.0,motion,tddr+wavelet,HbR,4,20,-0.24,0.046696074693823794,0.046696074693823794,0.00027349276514750055,0.0490108087209709,0.054410597322309094,-0.21353282887705965,-0.33930575723358913
poly:1,368.0,motion,tddr+wavelet,HbR,4,20,-0.24,0.04669607469382572,0.04669607469382572,0.00027349276514748776,0.049010808720972396,0.05441059732230945,-0.21353282887702799,-0.339305757233589
none,368.0,global,tddr+wavelet,HbR,4,20,-0.24,0.04637214925954557,0.04637214925954557,0.00024160156375914238,0.04916942494098919,0.056056832351652854,-0.7247670052775147,-0.3809726174941846
poly:4,368.0,global,tddr+wavelet,HbR,4,20,-0.24,0.046934327363770414,0.046934327363770414,0.00021177288473394137,0.04957479310163296,0.056645501052246326,-0.7630187662284831,-0.35944266541010694
bspline:5,368.0,global,tddr+wavelet,HbR,4,20,-0.24,0.047029816019935014,0.047029816019935014,0.00021216199621563027,0.04965943195620057,0.05687627786646786,-0.7589591662755368,-0.357693506369986
bspline:8,368.0,global,tddr+wavelet,HbR,4,20,-0.24,0.047598341604702034,0.047598341604702034,0.00019187686405444478,0.04965964043219527,0.056745720664778176,-0.7580577825242139,-0.3502170287398123
poly:5,368.0,global,tddr+wavelet,HbR,4,20,-0.24,0.04720498417381205,0.04720498417381205,0.00020115835964903473,0.04978606391015791,0.057097132354457014,-0.7555917367894622,-0.3598956925811813
legendre:5,368.0,global,tddr+wavelet,HbR,4,20,-0.24,0.047204984173818486,0.047204984173818486,0.00020115835964938205,0.049786063910164366,0.057097132354460386,-0.7555917367891108,-0.35989569258118204
dct:0.005,368.0,global,tddr+wavelet,HbR,4,20,-0.24,0.047219252060032225,0.047219252060032225,0.00022925080014984099,0.0499606900759684,0.05642548073174817,-0.7210703579689729,-0.3740191229781917
poly:1,368.0,global,tddr+wavelet,HbR,4,20,-0.24,0.047065560933384425,0.047065560933384425,0.00025338897729527683,0.04996860170530565,0.05613062366656605,-0.699523050343993,-0.37684358970795023
legendre:1,368.0,global,tddr+wavelet,HbR,4,20,-0.24,0.04706556093338469,0.04706556093338469,0.00025338897729528344,0.04996860170530613,0.05613062366656589,-0.6995230503439956,-0.3768435897079516
butter:0.01,368.0,global,tddr+wavelet,HbR,4,20,-0.24,0.048165983101605234,0.048165983101605234,0.00018947112013540835,0.051299644714275235,0.05761274470228382,-0.736850660346425,-0.37729607218176553
poly:2,368.0,global,tddr+wavelet,HbR,4,20,-0.24,0.04915243639380618,0.04915243639380618,0.0002271906192397376,0.05168862636916573,0.05767997979986641,-0.7561158740278013,-0.36194445572173906
legendre:3,368.0,global,tddr+wavelet,HbR,4,20,-0.24,0.05005729931994626,0.05005729931994626,0.00021687167790921506,0.05245862962624112,0.05775294169366642,-0.7725110335747885,-0.3602113154637121
poly:3,368.0,global,tddr+wavelet,HbR,4,20,-0.24,0.050057299319946326,0.050057299319946326,0.00021687167790922788,0.05245862962624115,0.05775294169366628,-0.7725110335747811,-0.3602113154637083
